17:25:49 vewbox-asr-1 893.5MiB / 46.79GiB
17:25:49 vewbox-comfyui-1 40.24GiB / 46.79GiB
17:25:49 vewbox-tts-1 2.647GiB / 46.79GiB
17:25:49 vewbox-tts-habibi-1 401MiB / 46.79GiB
17:25:49 vewbox-db-1 111.8MiB / 46.79GiB
17:25:55 vewbox-asr-1 893.5MiB / 46.79GiB
17:25:55 vewbox-comfyui-1 40.24GiB / 46.79GiB
17:25:55 vewbox-tts-1 2.647GiB / 46.79GiB
17:25:55 vewbox-tts-habibi-1 401MiB / 46.79GiB
17:25:55 vewbox-db-1 111.1MiB / 46.79GiB
17:26:01 vewbox-asr-1 893.5MiB / 46.79GiB
17:26:01 vewbox-comfyui-1 40.24GiB / 46.79GiB
17:26:01 vewbox-tts-1 2.647GiB / 46.79GiB
17:26:01 vewbox-tts-habibi-1 400.7MiB / 46.79GiB
17:26:01 vewbox-db-1 111.8MiB / 46.79GiB
17:26:07 vewbox-asr-1 894.1MiB / 46.79GiB
17:26:07 vewbox-comfyui-1 40.31GiB / 46.79GiB
17:26:07 vewbox-tts-1 2.647GiB / 46.79GiB
17:26:07 vewbox-tts-habibi-1 401.3MiB / 46.79GiB
17:26:07 vewbox-db-1 111.5MiB / 46.79GiB
17:26:13 vewbox-asr-1 893.8MiB / 46.79GiB
17:26:13 vewbox-comfyui-1 40.31GiB / 46.79GiB
17:26:13 vewbox-tts-1 2.647GiB / 46.79GiB
17:26:13 vewbox-tts-habibi-1 401.2MiB / 46.79GiB
17:26:13 vewbox-db-1 111.7MiB / 46.79GiB
17:26:19 vewbox-asr-1 825.6MiB / 46.79GiB
17:26:19 vewbox-comfyui-1 40.64GiB / 46.79GiB
17:26:19 vewbox-tts-1 2.505GiB / 46.79GiB
17:26:19 vewbox-tts-habibi-1 351.3MiB / 46.79GiB
17:26:19 vewbox-db-1 107.8MiB / 46.79GiB
17:26:25 vewbox-asr-1 791MiB / 46.79GiB
17:26:25 vewbox-comfyui-1 37.02GiB / 46.79GiB
17:26:25 vewbox-tts-1 2.412GiB / 46.79GiB
17:26:25 vewbox-tts-habibi-1 326.8MiB / 46.79GiB
17:26:25 vewbox-db-1 104.3MiB / 46.79GiB
17:26:31 vewbox-asr-1 1.388GiB / 46.79GiB
17:26:31 vewbox-comfyui-1 4.666GiB / 46.79GiB
17:26:31 vewbox-tts-1 2.478GiB / 46.79GiB
17:26:31 vewbox-tts-habibi-1 338.3MiB / 46.79GiB
17:26:31 vewbox-db-1 105.1MiB / 46.79GiB
17:26:37 vewbox-asr-1 1.001GiB / 46.79GiB
17:26:37 vewbox-comfyui-1 9.05GiB / 46.79GiB
17:26:37 vewbox-tts-1 2.478GiB / 46.79GiB
17:26:37 vewbox-tts-habibi-1 340.3MiB / 46.79GiB
17:26:37 vewbox-db-1 105.5MiB / 46.79GiB
17:26:44 vewbox-asr-1 1.001GiB / 46.79GiB
17:26:44 vewbox-comfyui-1 13.53GiB / 46.79GiB
17:26:44 vewbox-tts-1 2.479GiB / 46.79GiB
17:26:44 vewbox-tts-habibi-1 339.9MiB / 46.79GiB
17:26:44 vewbox-db-1 105MiB / 46.79GiB
17:26:49 vewbox-asr-1 1.002GiB / 46.79GiB
17:26:49 vewbox-comfyui-1 13.53GiB / 46.79GiB
17:26:49 vewbox-tts-1 2.479GiB / 46.79GiB
17:26:49 vewbox-tts-habibi-1 339.5MiB / 46.79GiB
17:26:49 vewbox-db-1 105.2MiB / 46.79GiB
17:26:55 vewbox-asr-1 1.001GiB / 46.79GiB
17:26:55 vewbox-comfyui-1 5.011GiB / 46.79GiB
17:26:55 vewbox-tts-1 5.485GiB / 46.79GiB
17:26:55 vewbox-tts-habibi-1 524.8MiB / 46.79GiB
17:26:55 vewbox-db-1 109.2MiB / 46.79GiB
17:27:01 vewbox-asr-1 1.001GiB / 46.79GiB
17:27:01 vewbox-comfyui-1 5.011GiB / 46.79GiB
17:27:01 vewbox-tts-1 2.524GiB / 46.79GiB
17:27:01 vewbox-tts-habibi-1 881.2MiB / 46.79GiB
17:27:01 vewbox-db-1 109.4MiB / 46.79GiB
17:27:07 vewbox-asr-1 1.001GiB / 46.79GiB
17:27:07 vewbox-comfyui-1 5.01GiB / 46.79GiB
17:27:07 vewbox-tts-1 3.023GiB / 46.79GiB
17:27:07 vewbox-tts-habibi-1 1.75GiB / 46.79GiB
17:27:07 vewbox-db-1 108.8MiB / 46.79GiB
17:27:14 vewbox-asr-1 4.621GiB / 46.79GiB
17:27:14 vewbox-comfyui-1 5.01GiB / 46.79GiB
17:27:14 vewbox-tts-1 2.613GiB / 46.79GiB
17:27:14 vewbox-tts-habibi-1 2.132GiB / 46.79GiB
17:27:14 vewbox-db-1 109.6MiB / 46.79GiB
17:27:19 vewbox-asr-1 3.907GiB / 46.79GiB
17:27:19 vewbox-comfyui-1 5.011GiB / 46.79GiB
17:27:19 vewbox-tts-1 2.613GiB / 46.79GiB
17:27:19 vewbox-tts-habibi-1 2.133GiB / 46.79GiB
17:27:19 vewbox-db-1 110.2MiB / 46.79GiB
17:27:25 vewbox-asr-1 3.908GiB / 46.79GiB
17:27:25 vewbox-comfyui-1 5.263GiB / 46.79GiB
17:27:25 vewbox-tts-1 2.612GiB / 46.79GiB
17:27:25 vewbox-tts-habibi-1 2.132GiB / 46.79GiB
17:27:25 vewbox-db-1 110.3MiB / 46.79GiB
17:27:31 vewbox-asr-1 3.908GiB / 46.79GiB
17:27:31 vewbox-comfyui-1 5.778GiB / 46.79GiB
17:27:31 vewbox-tts-1 2.612GiB / 46.79GiB
17:27:31 vewbox-tts-habibi-1 2.132GiB / 46.79GiB
17:27:31 vewbox-db-1 109.5MiB / 46.79GiB
17:27:37 vewbox-asr-1 3.908GiB / 46.79GiB
17:27:37 vewbox-comfyui-1 9.766GiB / 46.79GiB
17:27:37 vewbox-tts-1 2.612GiB / 46.79GiB
17:27:37 vewbox-tts-habibi-1 2.132GiB / 46.79GiB
17:27:37 vewbox-db-1 110.2MiB / 46.79GiB
17:27:44 vewbox-asr-1 3.908GiB / 46.79GiB
17:27:44 vewbox-comfyui-1 18.06GiB / 46.79GiB
17:27:44 vewbox-tts-1 2.612GiB / 46.79GiB
17:27:44 vewbox-tts-habibi-1 2.132GiB / 46.79GiB
17:27:44 vewbox-db-1 109.7MiB / 46.79GiB
17:27:49 vewbox-asr-1 3.908GiB / 46.79GiB
17:27:49 vewbox-comfyui-1 23.13GiB / 46.79GiB
17:27:49 vewbox-tts-1 2.619GiB / 46.79GiB
17:27:49 vewbox-tts-habibi-1 2.14GiB / 46.79GiB
17:27:49 vewbox-db-1 110.8MiB / 46.79GiB
17:27:55 vewbox-asr-1 3.902GiB / 46.79GiB
17:27:55 vewbox-comfyui-1 26.12GiB / 46.79GiB
17:27:55 vewbox-tts-1 2.619GiB / 46.79GiB
17:27:55 vewbox-tts-habibi-1 2.155GiB / 46.79GiB
17:27:55 vewbox-db-1 111.3MiB / 46.79GiB
17:28:01 vewbox-asr-1 3.896GiB / 46.79GiB
17:28:01 vewbox-comfyui-1 29.29GiB / 46.79GiB
17:28:01 vewbox-tts-1 2.618GiB / 46.79GiB
17:28:01 vewbox-tts-habibi-1 2.249GiB / 46.79GiB
17:28:01 vewbox-db-1 111.3MiB / 46.79GiB
17:28:07 vewbox-asr-1 3.897GiB / 46.79GiB
17:28:07 vewbox-comfyui-1 32.03GiB / 46.79GiB
17:28:07 vewbox-tts-1 2.618GiB / 46.79GiB
17:28:07 vewbox-tts-habibi-1 2.269GiB / 46.79GiB
17:28:07 vewbox-db-1 111.3MiB / 46.79GiB
17:28:14 vewbox-asr-1 3.864GiB / 46.79GiB
17:28:14 vewbox-comfyui-1 33.36GiB / 46.79GiB
17:28:14 vewbox-tts-1 2.615GiB / 46.79GiB
17:28:14 vewbox-tts-habibi-1 2.279GiB / 46.79GiB
17:28:14 vewbox-db-1 113.1MiB / 46.79GiB
17:28:19 vewbox-asr-1 3.823GiB / 46.79GiB
17:28:19 vewbox-comfyui-1 35.33GiB / 46.79GiB
17:28:19 vewbox-tts-1 2.612GiB / 46.79GiB
17:28:19 vewbox-tts-habibi-1 2.322GiB / 46.79GiB
17:28:19 vewbox-db-1 114.1MiB / 46.79GiB
17:28:25 vewbox-asr-1 1.624GiB / 46.79GiB
17:28:25 vewbox-comfyui-1 35.88GiB / 46.79GiB
17:28:25 vewbox-tts-1 2.599GiB / 46.79GiB
17:28:25 vewbox-tts-habibi-1 2.271GiB / 46.79GiB
17:28:25 vewbox-db-1 112.9MiB / 46.79GiB
17:28:31 vewbox-asr-1 1.529GiB / 46.79GiB
17:28:31 vewbox-comfyui-1 38.26GiB / 46.79GiB
17:28:31 vewbox-tts-1 2.598GiB / 46.79GiB
17:28:31 vewbox-tts-habibi-1 2.27GiB / 46.79GiB
17:28:31 vewbox-db-1 112.6MiB / 46.79GiB
17:28:37 vewbox-asr-1 923MiB / 46.79GiB
17:28:37 vewbox-comfyui-1 38.85GiB / 46.79GiB
17:28:37 vewbox-tts-1 2.72GiB / 46.79GiB
17:28:37 vewbox-tts-habibi-1 2.342GiB / 46.79GiB
17:28:37 vewbox-db-1 110.8MiB / 46.79GiB
17:28:44 vewbox-asr-1 842.9MiB / 46.79GiB
17:28:44 vewbox-comfyui-1 40.81GiB / 46.79GiB
17:28:44 vewbox-db-1 109.4MiB / 46.79GiB
17:28:49 vewbox-asr-1 846.6MiB / 46.79GiB
17:28:49 vewbox-comfyui-1 42.69GiB / 46.79GiB
17:28:49 vewbox-db-1 112.5MiB / 46.79GiB
17:28:55 vewbox-asr-1 845.9MiB / 46.79GiB
17:28:55 vewbox-comfyui-1 42.67GiB / 46.79GiB
17:28:55 vewbox-db-1 112.2MiB / 46.79GiB
17:29:01 vewbox-asr-1 845.9MiB / 46.79GiB
17:29:01 vewbox-comfyui-1 42.67GiB / 46.79GiB
17:29:01 vewbox-db-1 112.5MiB / 46.79GiB
17:29:07 vewbox-asr-1 845.9MiB / 46.79GiB
17:29:07 vewbox-comfyui-1 42.67GiB / 46.79GiB
17:29:07 vewbox-db-1 112.7MiB / 46.79GiB
17:29:14 vewbox-asr-1 846.2MiB / 46.79GiB
17:29:14 vewbox-comfyui-1 42.67GiB / 46.79GiB
17:29:14 vewbox-db-1 112.7MiB / 46.79GiB
17:29:19 vewbox-asr-1 846.2MiB / 46.79GiB
17:29:19 vewbox-comfyui-1 42.67GiB / 46.79GiB
17:29:19 vewbox-db-1 112.5MiB / 46.79GiB
17:29:25 vewbox-asr-1 846.7MiB / 46.79GiB
17:29:25 vewbox-comfyui-1 42.67GiB / 46.79GiB
17:29:25 vewbox-db-1 112.8MiB / 46.79GiB
17:29:31 vewbox-asr-1 846.7MiB / 46.79GiB
17:29:31 vewbox-comfyui-1 42.67GiB / 46.79GiB
17:29:31 vewbox-db-1 112.7MiB / 46.79GiB
17:29:37 vewbox-asr-1 846.5MiB / 46.79GiB
17:29:37 vewbox-comfyui-1 42.67GiB / 46.79GiB
17:29:37 vewbox-db-1 113MiB / 46.79GiB
17:29:44 vewbox-asr-1 846.5MiB / 46.79GiB
17:29:44 vewbox-comfyui-1 42.67GiB / 46.79GiB
17:29:44 vewbox-db-1 112.8MiB / 46.79GiB
17:29:49 vewbox-asr-1 847MiB / 46.79GiB
17:29:49 vewbox-comfyui-1 42.67GiB / 46.79GiB
17:29:49 vewbox-db-1 112MiB / 46.79GiB
17:29:55 vewbox-asr-1 847MiB / 46.79GiB
17:29:55 vewbox-comfyui-1 42.67GiB / 46.79GiB
17:29:55 vewbox-db-1 113MiB / 46.79GiB
17:30:01 vewbox-asr-1 847MiB / 46.79GiB
17:30:01 vewbox-comfyui-1 42.67GiB / 46.79GiB
17:30:01 vewbox-db-1 112.7MiB / 46.79GiB
17:30:07 vewbox-asr-1 846.8MiB / 46.79GiB
17:30:07 vewbox-comfyui-1 42.67GiB / 46.79GiB
17:30:07 vewbox-db-1 112.9MiB / 46.79GiB
17:30:14 vewbox-asr-1 846.6MiB / 46.79GiB
17:30:14 vewbox-comfyui-1 42.66GiB / 46.79GiB
17:30:14 vewbox-db-1 112.8MiB / 46.79GiB
17:30:19 vewbox-asr-1 846.6MiB / 46.79GiB
17:30:19 vewbox-comfyui-1 42.66GiB / 46.79GiB
17:30:19 vewbox-db-1 110.3MiB / 46.79GiB
17:30:25 vewbox-asr-1 846.6MiB / 46.79GiB
17:30:25 vewbox-comfyui-1 42.66GiB / 46.79GiB
17:30:25 vewbox-db-1 112MiB / 46.79GiB
17:30:31 vewbox-asr-1 846.9MiB / 46.79GiB
17:30:31 vewbox-comfyui-1 42.66GiB / 46.79GiB
17:30:31 vewbox-db-1 112MiB / 46.79GiB
17:30:37 vewbox-asr-1 846.9MiB / 46.79GiB
17:30:37 vewbox-comfyui-1 42.66GiB / 46.79GiB
17:30:37 vewbox-db-1 111.3MiB / 46.79GiB
17:30:44 vewbox-asr-1 846.9MiB / 46.79GiB
17:30:44 vewbox-comfyui-1 42.66GiB / 46.79GiB
17:30:44 vewbox-db-1 111.6MiB / 46.79GiB
17:30:49 vewbox-asr-1 847.1MiB / 46.79GiB
17:30:49 vewbox-comfyui-1 42.66GiB / 46.79GiB
17:30:49 vewbox-db-1 111.4MiB / 46.79GiB
17:30:55 vewbox-asr-1 846.9MiB / 46.79GiB
17:30:55 vewbox-comfyui-1 42.66GiB / 46.79GiB
17:30:55 vewbox-db-1 112.1MiB / 46.79GiB
17:31:01 vewbox-asr-1 846.9MiB / 46.79GiB
17:31:01 vewbox-comfyui-1 42.66GiB / 46.79GiB
17:31:01 vewbox-db-1 111.6MiB / 46.79GiB
17:31:07 vewbox-asr-1 847.5MiB / 46.79GiB
17:31:07 vewbox-comfyui-1 42.66GiB / 46.79GiB
17:31:07 vewbox-db-1 111.5MiB / 46.79GiB
17:31:14 vewbox-asr-1 847.2MiB / 46.79GiB
17:31:14 vewbox-comfyui-1 42.66GiB / 46.79GiB
17:31:14 vewbox-db-1 108.9MiB / 46.79GiB
17:31:19 vewbox-asr-1 847.2MiB / 46.79GiB
17:31:19 vewbox-comfyui-1 42.66GiB / 46.79GiB
17:31:19 vewbox-db-1 108.5MiB / 46.79GiB
17:31:25 vewbox-asr-1 847.2MiB / 46.79GiB
17:31:25 vewbox-comfyui-1 42.66GiB / 46.79GiB
17:31:25 vewbox-db-1 110.8MiB / 46.79GiB
17:31:31 vewbox-asr-1 813.7MiB / 46.79GiB
17:31:31 vewbox-comfyui-1 41.36GiB / 46.79GiB
17:31:31 vewbox-db-1 106MiB / 46.79GiB
17:31:38 vewbox-asr-1 813.7MiB / 46.79GiB
17:31:38 vewbox-comfyui-1 43.58GiB / 46.79GiB
17:31:38 vewbox-db-1 104.9MiB / 46.79GiB
17:31:44 vewbox-asr-1 748.5MiB / 46.79GiB
17:31:44 vewbox-comfyui-1 42.43GiB / 46.79GiB
17:31:44 vewbox-db-1 100.3MiB / 46.79GiB
17:31:49 vewbox-asr-1 757.3MiB / 46.79GiB
17:31:49 vewbox-comfyui-1 37.34GiB / 46.79GiB
17:31:49 vewbox-db-1 101.1MiB / 46.79GiB
17:31:56 vewbox-asr-1 757.1MiB / 46.79GiB
17:31:56 vewbox-comfyui-1 38.17GiB / 46.79GiB
17:31:56 vewbox-db-1 101.3MiB / 46.79GiB
17:32:01 vewbox-asr-1 757.1MiB / 46.79GiB
17:32:01 vewbox-comfyui-1 38.58GiB / 46.79GiB
17:32:01 vewbox-db-1 102.1MiB / 46.79GiB
17:32:07 vewbox-asr-1 757.4MiB / 46.79GiB
17:32:07 vewbox-comfyui-1 39.12GiB / 46.79GiB
17:32:07 vewbox-db-1 102MiB / 46.79GiB
17:32:14 vewbox-asr-1 757.4MiB / 46.79GiB
17:32:14 vewbox-comfyui-1 39.4GiB / 46.79GiB
17:32:14 vewbox-db-1 102MiB / 46.79GiB
17:32:19 vewbox-asr-1 757.4MiB / 46.79GiB
17:32:19 vewbox-comfyui-1 39.4GiB / 46.79GiB
17:32:19 vewbox-db-1 102.2MiB / 46.79GiB
17:32:26 vewbox-asr-1 757.4MiB / 46.79GiB
17:32:26 vewbox-comfyui-1 39.4GiB / 46.79GiB
17:32:26 vewbox-db-1 102.3MiB / 46.79GiB
17:32:31 vewbox-asr-1 757.3MiB / 46.79GiB
17:32:31 vewbox-comfyui-1 39.4GiB / 46.79GiB
17:32:31 vewbox-db-1 103MiB / 46.79GiB
17:32:38 vewbox-asr-1 757.3MiB / 46.79GiB
17:32:38 vewbox-comfyui-1 39.4GiB / 46.79GiB
17:32:38 vewbox-db-1 102.6MiB / 46.79GiB
17:32:44 vewbox-asr-1 757.3MiB / 46.79GiB
17:32:44 vewbox-comfyui-1 39.4GiB / 46.79GiB
17:32:44 vewbox-db-1 102.5MiB / 46.79GiB
17:32:49 vewbox-asr-1 757.9MiB / 46.79GiB
17:32:49 vewbox-comfyui-1 39.4GiB / 46.79GiB
17:32:49 vewbox-db-1 102.4MiB / 46.79GiB
17:32:56 vewbox-asr-1 757.9MiB / 46.79GiB
17:32:56 vewbox-comfyui-1 39.4GiB / 46.79GiB
17:32:56 vewbox-db-1 102.7MiB / 46.79GiB
17:33:01 vewbox-asr-1 757.9MiB / 46.79GiB
17:33:01 vewbox-comfyui-1 39.4GiB / 46.79GiB
17:33:01 vewbox-db-1 103.1MiB / 46.79GiB
17:33:08 vewbox-asr-1 758.2MiB / 46.79GiB
17:33:08 vewbox-comfyui-1 40.85GiB / 46.79GiB
17:33:08 vewbox-db-1 102.5MiB / 46.79GiB
17:33:14 vewbox-asr-1 881.8MiB / 46.79GiB
17:33:14 vewbox-comfyui-1 27.32GiB / 46.79GiB
17:33:14 vewbox-db-1 102.8MiB / 46.79GiB
17:33:19 vewbox-asr-1 1.325GiB / 46.79GiB
17:33:19 vewbox-comfyui-1 2.56GiB / 46.79GiB
17:33:19 vewbox-db-1 103MiB / 46.79GiB
17:33:26 vewbox-asr-1 961MiB / 46.79GiB
17:33:26 vewbox-comfyui-1 7.211GiB / 46.79GiB
17:33:26 vewbox-db-1 107.3MiB / 46.79GiB
17:33:31 vewbox-asr-1 961.2MiB / 46.79GiB
17:33:31 vewbox-comfyui-1 11.79GiB / 46.79GiB
17:33:31 vewbox-db-1 103.1MiB / 46.79GiB
17:33:38 vewbox-asr-1 961.8MiB / 46.79GiB
17:33:38 vewbox-comfyui-1 11.87GiB / 46.79GiB
17:33:38 vewbox-db-1 102.7MiB / 46.79GiB
17:33:44 vewbox-asr-1 962.2MiB / 46.79GiB
17:33:44 vewbox-comfyui-1 11.89GiB / 46.79GiB
17:33:44 vewbox-db-1 103.5MiB / 46.79GiB
17:33:49 vewbox-asr-1 962.4MiB / 46.79GiB
17:33:49 vewbox-comfyui-1 11.89GiB / 46.79GiB
17:33:49 vewbox-db-1 105.3MiB / 46.79GiB
17:33:56 vewbox-asr-1 962.3MiB / 46.79GiB
17:33:56 vewbox-comfyui-1 11.89GiB / 46.79GiB
17:33:56 vewbox-db-1 104.9MiB / 46.79GiB
17:34:01 vewbox-asr-1 962.3MiB / 46.79GiB
17:34:01 vewbox-comfyui-1 11.89GiB / 46.79GiB
17:34:01 vewbox-db-1 105.2MiB / 46.79GiB
17:34:08 vewbox-asr-1 962.5MiB / 46.79GiB
17:34:08 vewbox-comfyui-1 11.89GiB / 46.79GiB
17:34:08 vewbox-db-1 105.3MiB / 46.79GiB
17:34:14 vewbox-asr-1 962.3MiB / 46.79GiB
17:34:14 vewbox-comfyui-1 11.89GiB / 46.79GiB
17:34:14 vewbox-db-1 105MiB / 46.79GiB
17:34:19 vewbox-asr-1 962.3MiB / 46.79GiB
17:34:19 vewbox-comfyui-1 11.89GiB / 46.79GiB
17:34:19 vewbox-db-1 105.4MiB / 46.79GiB
17:34:26 vewbox-asr-1 962.3MiB / 46.79GiB
17:34:26 vewbox-comfyui-1 11.89GiB / 46.79GiB
17:34:26 vewbox-db-1 105.8MiB / 46.79GiB
17:34:31 vewbox-asr-1 962.2MiB / 46.79GiB
17:34:31 vewbox-comfyui-1 11.89GiB / 46.79GiB
17:34:31 vewbox-db-1 105.5MiB / 46.79GiB
17:34:38 vewbox-asr-1 962.1MiB / 46.79GiB
17:34:38 vewbox-comfyui-1 11.89GiB / 46.79GiB
17:34:38 vewbox-db-1 104.4MiB / 46.79GiB
17:34:44 vewbox-asr-1 962.1MiB / 46.79GiB
17:34:44 vewbox-comfyui-1 11.89GiB / 46.79GiB
17:34:44 vewbox-db-1 104.9MiB / 46.79GiB
17:34:49 vewbox-asr-1 961.9MiB / 46.79GiB
17:34:49 vewbox-comfyui-1 11.89GiB / 46.79GiB
17:34:49 vewbox-db-1 105MiB / 46.79GiB
17:34:56 vewbox-asr-1 961.5MiB / 46.79GiB
17:34:56 vewbox-comfyui-1 11.89GiB / 46.79GiB
17:34:56 vewbox-db-1 104.8MiB / 46.79GiB
17:35:01 vewbox-asr-1 961.5MiB / 46.79GiB
17:35:01 vewbox-comfyui-1 11.89GiB / 46.79GiB
17:35:01 vewbox-db-1 105.1MiB / 46.79GiB
17:35:08 vewbox-asr-1 961.5MiB / 46.79GiB
17:35:08 vewbox-comfyui-1 11.89GiB / 46.79GiB
17:35:08 vewbox-db-1 104.6MiB / 46.79GiB
17:35:14 vewbox-asr-1 961.8MiB / 46.79GiB
17:35:14 vewbox-comfyui-1 11.89GiB / 46.79GiB
17:35:14 vewbox-db-1 104.8MiB / 46.79GiB
17:35:19 vewbox-asr-1 961.7MiB / 46.79GiB
17:35:19 vewbox-comfyui-1 11.89GiB / 46.79GiB
17:35:19 vewbox-db-1 104.6MiB / 46.79GiB
17:35:26 vewbox-asr-1 961.7MiB / 46.79GiB
17:35:26 vewbox-comfyui-1 11.89GiB / 46.79GiB
17:35:26 vewbox-db-1 104.9MiB / 46.79GiB
17:35:31 vewbox-asr-1 962.1MiB / 46.79GiB
17:35:31 vewbox-comfyui-1 11.89GiB / 46.79GiB
17:35:31 vewbox-db-1 104.8MiB / 46.79GiB
17:35:38 vewbox-asr-1 962MiB / 46.79GiB
17:35:38 vewbox-comfyui-1 11.89GiB / 46.79GiB
17:35:38 vewbox-db-1 104.4MiB / 46.79GiB
17:35:44 vewbox-asr-1 962MiB / 46.79GiB
17:35:44 vewbox-comfyui-1 11.89GiB / 46.79GiB
17:35:44 vewbox-db-1 105.3MiB / 46.79GiB
17:35:49 vewbox-asr-1 740.2MiB / 46.79GiB
17:35:49 vewbox-comfyui-1 10.7GiB / 46.79GiB
17:35:49 vewbox-db-1 93.95MiB / 46.79GiB
17:35:56 vewbox-asr-1 740.1MiB / 46.79GiB
17:35:56 vewbox-comfyui-1 10.71GiB / 46.79GiB
17:35:56 vewbox-db-1 96.45MiB / 46.79GiB
17:36:01 vewbox-asr-1 740.1MiB / 46.79GiB
17:36:01 vewbox-comfyui-1 10.71GiB / 46.79GiB
17:36:01 vewbox-db-1 98.61MiB / 46.79GiB
17:36:08 vewbox-asr-1 747.2MiB / 46.79GiB
17:36:08 vewbox-comfyui-1 10.71GiB / 46.79GiB
17:36:08 vewbox-db-1 99.36MiB / 46.79GiB
17:36:14 vewbox-asr-1 747.1MiB / 46.79GiB
17:36:14 vewbox-comfyui-1 10.71GiB / 46.79GiB
17:36:14 vewbox-db-1 99.71MiB / 46.79GiB
17:36:19 vewbox-asr-1 747.1MiB / 46.79GiB
17:36:19 vewbox-comfyui-1 10.71GiB / 46.79GiB
17:36:19 vewbox-db-1 99.41MiB / 46.79GiB
17:36:26 vewbox-asr-1 747.1MiB / 46.79GiB
17:36:26 vewbox-comfyui-1 10.71GiB / 46.79GiB
17:36:26 vewbox-db-1 99.04MiB / 46.79GiB
17:36:31 vewbox-asr-1 748.2MiB / 46.79GiB
17:36:31 vewbox-comfyui-1 10.71GiB / 46.79GiB
17:36:31 vewbox-db-1 99.33MiB / 46.79GiB
17:36:38 vewbox-asr-1 748.1MiB / 46.79GiB
17:36:38 vewbox-comfyui-1 10.71GiB / 46.79GiB
17:36:38 vewbox-db-1 99.48MiB / 46.79GiB
17:36:44 vewbox-asr-1 748.1MiB / 46.79GiB
17:36:44 vewbox-comfyui-1 10.71GiB / 46.79GiB
17:36:44 vewbox-db-1 99.42MiB / 46.79GiB
17:36:49 vewbox-asr-1 748.4MiB / 46.79GiB
17:36:49 vewbox-comfyui-1 10.71GiB / 46.79GiB
17:36:49 vewbox-db-1 99.86MiB / 46.79GiB
17:36:56 vewbox-asr-1 748.1MiB / 46.79GiB
17:36:56 vewbox-comfyui-1 10.71GiB / 46.79GiB
17:36:56 vewbox-db-1 100.4MiB / 46.79GiB
17:37:01 vewbox-asr-1 748.2MiB / 46.79GiB
17:37:01 vewbox-comfyui-1 10.71GiB / 46.79GiB
17:37:01 vewbox-db-1 97.4MiB / 46.79GiB
17:37:08 vewbox-asr-1 748.2MiB / 46.79GiB
17:37:08 vewbox-comfyui-1 10.71GiB / 46.79GiB
17:37:08 vewbox-db-1 97.22MiB / 46.79GiB
17:37:14 vewbox-asr-1 748.5MiB / 46.79GiB
17:37:14 vewbox-comfyui-1 10.71GiB / 46.79GiB
17:37:14 vewbox-db-1 97.13MiB / 46.79GiB
17:37:19 vewbox-asr-1 748.5MiB / 46.79GiB
17:37:19 vewbox-comfyui-1 10.71GiB / 46.79GiB
17:37:19 vewbox-db-1 97.09MiB / 46.79GiB
17:37:26 vewbox-asr-1 748.5MiB / 46.79GiB
17:37:26 vewbox-comfyui-1 10.71GiB / 46.79GiB
17:37:26 vewbox-db-1 99.12MiB / 46.79GiB
17:37:31 vewbox-asr-1 749MiB / 46.79GiB
17:37:31 vewbox-comfyui-1 10.71GiB / 46.79GiB
17:37:31 vewbox-db-1 99.84MiB / 46.79GiB
17:37:38 vewbox-asr-1 749MiB / 46.79GiB
17:37:38 vewbox-comfyui-1 10.71GiB / 46.79GiB
17:37:38 vewbox-db-1 100.3MiB / 46.79GiB
17:37:44 vewbox-asr-1 749MiB / 46.79GiB
17:37:44 vewbox-comfyui-1 10.71GiB / 46.79GiB
17:37:44 vewbox-db-1 99.82MiB / 46.79GiB
17:37:49 vewbox-asr-1 749.6MiB / 46.79GiB
17:37:49 vewbox-comfyui-1 10.71GiB / 46.79GiB
17:37:49 vewbox-db-1 99.45MiB / 46.79GiB
17:37:56 vewbox-asr-1 748.8MiB / 46.79GiB
17:37:56 vewbox-comfyui-1 2.148GiB / 46.79GiB
17:37:56 vewbox-db-1 100.7MiB / 46.79GiB
17:38:02 vewbox-asr-1 748.8MiB / 46.79GiB
17:38:02 vewbox-comfyui-1 2.429GiB / 46.79GiB
17:38:02 vewbox-db-1 104MiB / 46.79GiB
17:38:08 vewbox-asr-1 748.9MiB / 46.79GiB
17:38:08 vewbox-comfyui-1 3.034GiB / 46.79GiB
17:38:08 vewbox-db-1 100.4MiB / 46.79GiB
17:38:14 vewbox-asr-1 748.9MiB / 46.79GiB
17:38:14 vewbox-comfyui-1 7.66GiB / 46.79GiB
17:38:14 vewbox-db-1 100.9MiB / 46.79GiB
17:38:20 vewbox-asr-1 748.9MiB / 46.79GiB
17:38:20 vewbox-comfyui-1 15.25GiB / 46.79GiB
17:38:20 vewbox-db-1 100.8MiB / 46.79GiB
17:38:26 vewbox-asr-1 748.9MiB / 46.79GiB
17:38:26 vewbox-comfyui-1 22.47GiB / 46.79GiB
17:38:26 vewbox-db-1 100.4MiB / 46.79GiB
17:38:32 vewbox-asr-1 749.1MiB / 46.79GiB
17:38:32 vewbox-comfyui-1 29.32GiB / 46.79GiB
17:38:32 vewbox-db-1 101.2MiB / 46.79GiB
17:38:38 vewbox-asr-1 749.1MiB / 46.79GiB
17:38:38 vewbox-comfyui-1 33.61GiB / 46.79GiB
17:38:38 vewbox-db-1 101.6MiB / 46.79GiB
17:38:44 vewbox-asr-1 749.1MiB / 46.79GiB
17:38:44 vewbox-comfyui-1 38.14GiB / 46.79GiB
17:38:44 vewbox-db-1 101.5MiB / 46.79GiB
17:38:50 vewbox-asr-1 762.1MiB / 46.79GiB
17:38:50 vewbox-comfyui-1 41.96GiB / 46.79GiB
17:38:50 vewbox-db-1 100.7MiB / 46.79GiB
17:38:56 vewbox-asr-1 762.1MiB / 46.79GiB
17:38:56 vewbox-comfyui-1 41.97GiB / 46.79GiB
17:38:56 vewbox-db-1 104.8MiB / 46.79GiB
17:39:02 vewbox-asr-1 762.1MiB / 46.79GiB
17:39:02 vewbox-comfyui-1 41.97GiB / 46.79GiB
17:39:02 vewbox-db-1 104.3MiB / 46.79GiB
17:39:08 vewbox-asr-1 762.1MiB / 46.79GiB
17:39:08 vewbox-comfyui-1 41.97GiB / 46.79GiB
17:39:08 vewbox-db-1 105MiB / 46.79GiB
17:39:14 vewbox-asr-1 761.9MiB / 46.79GiB
17:39:14 vewbox-comfyui-1 41.97GiB / 46.79GiB
17:39:14 vewbox-db-1 104.8MiB / 46.79GiB
17:39:20 vewbox-asr-1 761.9MiB / 46.79GiB
17:39:20 vewbox-comfyui-1 41.97GiB / 46.79GiB
17:39:20 vewbox-db-1 104.3MiB / 46.79GiB
17:39:26 vewbox-asr-1 761.9MiB / 46.79GiB
17:39:26 vewbox-comfyui-1 41.97GiB / 46.79GiB
17:39:26 vewbox-db-1 104.4MiB / 46.79GiB
17:39:32 vewbox-asr-1 762MiB / 46.79GiB
17:39:32 vewbox-comfyui-1 41.97GiB / 46.79GiB
17:39:32 vewbox-db-1 104.2MiB / 46.79GiB
17:39:38 vewbox-asr-1 762MiB / 46.79GiB
17:39:38 vewbox-comfyui-1 41.97GiB / 46.79GiB
17:39:38 vewbox-db-1 104.2MiB / 46.79GiB
17:39:44 vewbox-asr-1 765.4MiB / 46.79GiB
17:39:44 vewbox-comfyui-1 43.37GiB / 46.79GiB
17:39:44 vewbox-db-1 104.4MiB / 46.79GiB
17:39:50 vewbox-asr-1 773.9MiB / 46.79GiB
17:39:50 vewbox-comfyui-1 43.16GiB / 46.79GiB
17:39:50 vewbox-db-1 108.4MiB / 46.79GiB
17:39:56 vewbox-asr-1 782.6MiB / 46.79GiB
17:39:56 vewbox-comfyui-1 3.402GiB / 46.79GiB
17:39:56 vewbox-db-1 108.1MiB / 46.79GiB
17:40:02 vewbox-asr-1 782.6MiB / 46.79GiB
17:40:02 vewbox-comfyui-1 10.72GiB / 46.79GiB
17:40:02 vewbox-db-1 107.7MiB / 46.79GiB
17:40:08 vewbox-asr-1 782.6MiB / 46.79GiB
17:40:08 vewbox-comfyui-1 12.72GiB / 46.79GiB
17:40:08 vewbox-db-1 107.9MiB / 46.79GiB
17:40:14 vewbox-asr-1 783.9MiB / 46.79GiB
17:40:14 vewbox-comfyui-1 12.69GiB / 46.79GiB
17:40:14 vewbox-db-1 108.7MiB / 46.79GiB
17:40:20 vewbox-asr-1 784MiB / 46.79GiB
17:40:20 vewbox-comfyui-1 12.69GiB / 46.79GiB
17:40:20 vewbox-db-1 108.9MiB / 46.79GiB
17:40:26 vewbox-asr-1 784MiB / 46.79GiB
17:40:26 vewbox-comfyui-1 12.69GiB / 46.79GiB
17:40:26 vewbox-db-1 108.3MiB / 46.79GiB
17:40:32 vewbox-asr-1 784MiB / 46.79GiB
17:40:32 vewbox-comfyui-1 12.69GiB / 46.79GiB
17:40:32 vewbox-db-1 108.3MiB / 46.79GiB
17:40:38 vewbox-asr-1 784MiB / 46.79GiB
17:40:38 vewbox-comfyui-1 12.69GiB / 46.79GiB
17:40:38 vewbox-db-1 108.4MiB / 46.79GiB
17:40:44 vewbox-asr-1 784MiB / 46.79GiB
17:40:44 vewbox-comfyui-1 12.69GiB / 46.79GiB
17:40:44 vewbox-db-1 108.7MiB / 46.79GiB
17:40:50 vewbox-asr-1 783.7MiB / 46.79GiB
17:40:50 vewbox-comfyui-1 12.69GiB / 46.79GiB
17:40:50 vewbox-db-1 108.6MiB / 46.79GiB
17:40:56 vewbox-asr-1 783.6MiB / 46.79GiB
17:40:56 vewbox-comfyui-1 12.69GiB / 46.79GiB
17:40:56 vewbox-db-1 108.9MiB / 46.79GiB
17:41:02 vewbox-asr-1 783.6MiB / 46.79GiB
17:41:02 vewbox-comfyui-1 12.69GiB / 46.79GiB
17:41:02 vewbox-db-1 108.3MiB / 46.79GiB
17:41:08 vewbox-asr-1 783.6MiB / 46.79GiB
17:41:08 vewbox-comfyui-1 12.69GiB / 46.79GiB
17:41:08 vewbox-db-1 105.5MiB / 46.79GiB
17:41:14 vewbox-asr-1 783.3MiB / 46.79GiB
17:41:14 vewbox-comfyui-1 12.69GiB / 46.79GiB
17:41:14 vewbox-db-1 106.7MiB / 46.79GiB
17:41:20 vewbox-asr-1 783.3MiB / 46.79GiB
17:41:20 vewbox-comfyui-1 12.69GiB / 46.79GiB
17:41:20 vewbox-db-1 105.5MiB / 46.79GiB
17:41:26 vewbox-asr-1 783.3MiB / 46.79GiB
17:41:26 vewbox-comfyui-1 12.69GiB / 46.79GiB
17:41:26 vewbox-db-1 106.8MiB / 46.79GiB
17:41:32 vewbox-asr-1 783.3MiB / 46.79GiB
17:41:32 vewbox-comfyui-1 12.69GiB / 46.79GiB
17:41:32 vewbox-db-1 107.3MiB / 46.79GiB
17:41:38 vewbox-asr-1 782.9MiB / 46.79GiB
17:41:38 vewbox-comfyui-1 12.69GiB / 46.79GiB
17:41:38 vewbox-db-1 107.1MiB / 46.79GiB
17:41:44 vewbox-asr-1 782.9MiB / 46.79GiB
17:41:44 vewbox-comfyui-1 12.69GiB / 46.79GiB
17:41:44 vewbox-db-1 106.7MiB / 46.79GiB
17:41:50 vewbox-asr-1 4.065GiB / 46.79GiB
17:41:50 vewbox-comfyui-1 12.69GiB / 46.79GiB
17:41:50 vewbox-db-1 107.1MiB / 46.79GiB
17:41:56 vewbox-asr-1 4.064GiB / 46.79GiB
17:41:56 vewbox-comfyui-1 12.69GiB / 46.79GiB
17:41:56 vewbox-db-1 106.6MiB / 46.79GiB
17:42:02 vewbox-asr-1 4.064GiB / 46.79GiB
17:42:02 vewbox-comfyui-1 12.69GiB / 46.79GiB
17:42:02 vewbox-db-1 107.5MiB / 46.79GiB
17:42:08 vewbox-asr-1 4.065GiB / 46.79GiB
17:42:08 vewbox-comfyui-1 12.69GiB / 46.79GiB
17:42:08 vewbox-db-1 107.7MiB / 46.79GiB
17:42:14 vewbox-asr-1 4.065GiB / 46.79GiB
17:42:14 vewbox-comfyui-1 12.69GiB / 46.79GiB
17:42:14 vewbox-db-1 104.9MiB / 46.79GiB
17:42:20 vewbox-asr-1 1.103GiB / 46.79GiB
17:42:20 vewbox-comfyui-1 10.36GiB / 46.79GiB
17:42:20 vewbox-db-1 91.77MiB / 46.79GiB
17:42:26 vewbox-asr-1 1.103GiB / 46.79GiB
17:42:26 vewbox-comfyui-1 10.36GiB / 46.79GiB
17:42:26 vewbox-db-1 95.97MiB / 46.79GiB
17:42:32 vewbox-asr-1 1.106GiB / 46.79GiB
17:42:32 vewbox-comfyui-1 10.36GiB / 46.79GiB
17:42:32 vewbox-db-1 96.35MiB / 46.79GiB
17:42:38 vewbox-asr-1 1.106GiB / 46.79GiB
17:42:38 vewbox-comfyui-1 10.36GiB / 46.79GiB
17:42:38 vewbox-db-1 96.26MiB / 46.79GiB
17:42:44 vewbox-asr-1 1.106GiB / 46.79GiB
17:42:44 vewbox-comfyui-1 10.36GiB / 46.79GiB
17:42:44 vewbox-db-1 95.77MiB / 46.79GiB
17:42:50 vewbox-asr-1 1.113GiB / 46.79GiB
17:42:50 vewbox-comfyui-1 10.36GiB / 46.79GiB
17:42:50 vewbox-db-1 96.01MiB / 46.79GiB
17:42:56 vewbox-asr-1 1.113GiB / 46.79GiB
17:42:56 vewbox-comfyui-1 10.37GiB / 46.79GiB
17:42:56 vewbox-db-1 96MiB / 46.79GiB
17:43:02 vewbox-asr-1 1.113GiB / 46.79GiB
17:43:02 vewbox-comfyui-1 10.37GiB / 46.79GiB
17:43:02 vewbox-db-1 96.81MiB / 46.79GiB
17:43:08 vewbox-asr-1 1.113GiB / 46.79GiB
17:43:08 vewbox-comfyui-1 10.37GiB / 46.79GiB
17:43:08 vewbox-db-1 96.26MiB / 46.79GiB
17:43:14 vewbox-asr-1 1.114GiB / 46.79GiB
17:43:14 vewbox-comfyui-1 10.37GiB / 46.79GiB
17:43:14 vewbox-db-1 97.71MiB / 46.79GiB
17:43:20 vewbox-asr-1 1.114GiB / 46.79GiB
17:43:20 vewbox-comfyui-1 10.37GiB / 46.79GiB
17:43:20 vewbox-db-1 97.5MiB / 46.79GiB
17:43:26 vewbox-asr-1 1.114GiB / 46.79GiB
17:43:26 vewbox-comfyui-1 10.37GiB / 46.79GiB
17:43:26 vewbox-db-1 98.01MiB / 46.79GiB
17:43:32 vewbox-asr-1 1.114GiB / 46.79GiB
17:43:32 vewbox-comfyui-1 10.37GiB / 46.79GiB
17:43:32 vewbox-db-1 98.56MiB / 46.79GiB
17:43:38 vewbox-asr-1 1.114GiB / 46.79GiB
17:43:38 vewbox-comfyui-1 10.37GiB / 46.79GiB
17:43:38 vewbox-db-1 98.67MiB / 46.79GiB
17:43:44 vewbox-asr-1 1.114GiB / 46.79GiB
17:43:44 vewbox-comfyui-1 10.37GiB / 46.79GiB
17:43:44 vewbox-db-1 99.01MiB / 46.79GiB
17:43:50 vewbox-asr-1 1.114GiB / 46.79GiB
17:43:50 vewbox-comfyui-1 10.37GiB / 46.79GiB
17:43:50 vewbox-db-1 99.41MiB / 46.79GiB
17:43:56 vewbox-asr-1 1.114GiB / 46.79GiB
17:43:56 vewbox-comfyui-1 10.37GiB / 46.79GiB
17:43:56 vewbox-db-1 99.29MiB / 46.79GiB
17:44:02 vewbox-asr-1 1.114GiB / 46.79GiB
17:44:02 vewbox-comfyui-1 10.37GiB / 46.79GiB
17:44:02 vewbox-db-1 99.46MiB / 46.79GiB
17:44:08 vewbox-asr-1 1.114GiB / 46.79GiB
17:44:08 vewbox-comfyui-1 10.37GiB / 46.79GiB
17:44:08 vewbox-db-1 99.47MiB / 46.79GiB
17:44:14 vewbox-asr-1 1.115GiB / 46.79GiB
17:44:14 vewbox-comfyui-1 10.37GiB / 46.79GiB
17:44:14 vewbox-db-1 100.8MiB / 46.79GiB
17:44:20 vewbox-asr-1 1.115GiB / 46.79GiB
17:44:20 vewbox-comfyui-1 10.37GiB / 46.79GiB
17:44:20 vewbox-db-1 100.4MiB / 46.79GiB
17:44:26 vewbox-asr-1 1.115GiB / 46.79GiB
17:44:26 vewbox-comfyui-1 10.37GiB / 46.79GiB
17:44:26 vewbox-db-1 100.1MiB / 46.79GiB
17:44:32 vewbox-asr-1 1.114GiB / 46.79GiB
17:44:32 vewbox-comfyui-1 10.37GiB / 46.79GiB
17:44:32 vewbox-db-1 96.73MiB / 46.79GiB
17:44:38 vewbox-asr-1 1.114GiB / 46.79GiB
17:44:38 vewbox-comfyui-1 10.37GiB / 46.79GiB
17:44:38 vewbox-db-1 96.87MiB / 46.79GiB
17:44:44 vewbox-asr-1 1.114GiB / 46.79GiB
17:44:44 vewbox-comfyui-1 10.37GiB / 46.79GiB
17:44:44 vewbox-db-1 97.32MiB / 46.79GiB
17:44:50 vewbox-asr-1 1.119GiB / 46.79GiB
17:44:50 vewbox-comfyui-1 10.37GiB / 46.79GiB
17:44:50 vewbox-db-1 96.91MiB / 46.79GiB
17:44:56 vewbox-asr-1 1.115GiB / 46.79GiB
17:44:56 vewbox-comfyui-1 10.37GiB / 46.79GiB
17:44:56 vewbox-db-1 96.55MiB / 46.79GiB
17:45:02 vewbox-asr-1 1.115GiB / 46.79GiB
17:45:02 vewbox-comfyui-1 10.37GiB / 46.79GiB
17:45:02 vewbox-db-1 97.21MiB / 46.79GiB
17:45:08 vewbox-asr-1 1.115GiB / 46.79GiB
17:45:08 vewbox-comfyui-1 10.37GiB / 46.79GiB
17:45:08 vewbox-db-1 96.44MiB / 46.79GiB
17:45:14 vewbox-asr-1 1.115GiB / 46.79GiB
17:45:14 vewbox-comfyui-1 10.37GiB / 46.79GiB
17:45:14 vewbox-db-1 97.72MiB / 46.79GiB
17:45:20 vewbox-asr-1 1.115GiB / 46.79GiB
17:45:20 vewbox-comfyui-1 10.37GiB / 46.79GiB
17:45:20 vewbox-db-1 97.78MiB / 46.79GiB
17:45:26 vewbox-asr-1 1.115GiB / 46.79GiB
17:45:26 vewbox-comfyui-1 10.37GiB / 46.79GiB
17:45:26 vewbox-db-1 100.2MiB / 46.79GiB
17:45:32 vewbox-asr-1 1.115GiB / 46.79GiB
17:45:32 vewbox-comfyui-1 10.37GiB / 46.79GiB
17:45:32 vewbox-db-1 99.64MiB / 46.79GiB
17:45:38 vewbox-asr-1 1.115GiB / 46.79GiB
17:45:38 vewbox-comfyui-1 10.37GiB / 46.79GiB
17:45:38 vewbox-db-1 99.57MiB / 46.79GiB
17:45:44 vewbox-asr-1 1.115GiB / 46.79GiB
17:45:44 vewbox-comfyui-1 10.37GiB / 46.79GiB
17:45:44 vewbox-db-1 99.17MiB / 46.79GiB
17:45:50 vewbox-asr-1 1.115GiB / 46.79GiB
17:45:50 vewbox-comfyui-1 10.37GiB / 46.79GiB
17:45:50 vewbox-db-1 98.95MiB / 46.79GiB
17:45:56 vewbox-asr-1 1.115GiB / 46.79GiB
17:45:56 vewbox-comfyui-1 10.37GiB / 46.79GiB
17:45:56 vewbox-db-1 98.72MiB / 46.79GiB
17:46:02 vewbox-asr-1 1.115GiB / 46.79GiB
17:46:02 vewbox-comfyui-1 10.37GiB / 46.79GiB
17:46:02 vewbox-db-1 99.28MiB / 46.79GiB
17:46:08 vewbox-asr-1 1.115GiB / 46.79GiB
17:46:08 vewbox-comfyui-1 10.37GiB / 46.79GiB
17:46:08 vewbox-db-1 99.71MiB / 46.79GiB
17:46:14 vewbox-asr-1 1.116GiB / 46.79GiB
17:46:14 vewbox-comfyui-1 10.37GiB / 46.79GiB
17:46:14 vewbox-db-1 99.32MiB / 46.79GiB
17:46:20 vewbox-asr-1 1.116GiB / 46.79GiB
17:46:20 vewbox-comfyui-1 10.37GiB / 46.79GiB
17:46:20 vewbox-db-1 86.96MiB / 46.79GiB
17:46:26 vewbox-asr-1 1.116GiB / 46.79GiB
17:46:26 vewbox-comfyui-1 10.37GiB / 46.79GiB
17:46:26 vewbox-db-1 91.72MiB / 46.79GiB
17:46:32 vewbox-asr-1 1.115GiB / 46.79GiB
17:46:32 vewbox-comfyui-1 10.37GiB / 46.79GiB
17:46:32 vewbox-db-1 91.34MiB / 46.79GiB
17:46:38 vewbox-asr-1 1.115GiB / 46.79GiB
17:46:38 vewbox-comfyui-1 10.37GiB / 46.79GiB
17:46:38 vewbox-db-1 91.07MiB / 46.79GiB
17:46:44 vewbox-asr-1 1.115GiB / 46.79GiB
17:46:44 vewbox-comfyui-1 10.37GiB / 46.79GiB
17:46:44 vewbox-db-1 91.04MiB / 46.79GiB
17:46:50 vewbox-asr-1 1.115GiB / 46.79GiB
17:46:50 vewbox-comfyui-1 10.37GiB / 46.79GiB
17:46:50 vewbox-db-1 92.04MiB / 46.79GiB
17:46:56 vewbox-asr-1 754MiB / 46.79GiB
17:46:56 vewbox-comfyui-1 1.886GiB / 46.79GiB
17:46:56 vewbox-db-1 92.72MiB / 46.79GiB
17:47:02 vewbox-asr-1 753.7MiB / 46.79GiB
17:47:02 vewbox-comfyui-1 2.119GiB / 46.79GiB
17:47:02 vewbox-db-1 92.66MiB / 46.79GiB
17:47:08 vewbox-asr-1 753.7MiB / 46.79GiB
17:47:08 vewbox-comfyui-1 2.589GiB / 46.79GiB
17:47:08 vewbox-db-1 92.28MiB / 46.79GiB
17:47:14 vewbox-asr-1 753.6MiB / 46.79GiB
17:47:14 vewbox-comfyui-1 5.431GiB / 46.79GiB
17:47:14 vewbox-db-1 92.39MiB / 46.79GiB
17:47:20 vewbox-asr-1 753.6MiB / 46.79GiB
17:47:20 vewbox-comfyui-1 14.63GiB / 46.79GiB
17:47:20 vewbox-db-1 91.79MiB / 46.79GiB
17:47:26 vewbox-asr-1 753.6MiB / 46.79GiB
17:47:26 vewbox-comfyui-1 21.11GiB / 46.79GiB
17:47:26 vewbox-db-1 92.03MiB / 46.79GiB
17:47:32 vewbox-asr-1 753.6MiB / 46.79GiB
17:47:32 vewbox-comfyui-1 28.88GiB / 46.79GiB
17:47:32 vewbox-db-1 92.53MiB / 46.79GiB
17:47:38 vewbox-asr-1 753.6MiB / 46.79GiB
17:47:38 vewbox-comfyui-1 32.55GiB / 46.79GiB
17:47:38 vewbox-db-1 92.61MiB / 46.79GiB
17:47:44 vewbox-asr-1 753.6MiB / 46.79GiB
17:47:44 vewbox-comfyui-1 37.15GiB / 46.79GiB
17:47:44 vewbox-db-1 92.48MiB / 46.79GiB
17:47:50 vewbox-asr-1 753.4MiB / 46.79GiB
17:47:50 vewbox-comfyui-1 41GiB / 46.79GiB
17:47:50 vewbox-db-1 96.5MiB / 46.79GiB
17:47:56 vewbox-asr-1 753.4MiB / 46.79GiB
17:47:56 vewbox-comfyui-1 41.54GiB / 46.79GiB
17:47:56 vewbox-db-1 96.43MiB / 46.79GiB
17:48:02 vewbox-asr-1 753.4MiB / 46.79GiB
17:48:02 vewbox-comfyui-1 41.53GiB / 46.79GiB
17:48:02 vewbox-db-1 97.2MiB / 46.79GiB
17:48:08 vewbox-asr-1 753.4MiB / 46.79GiB
17:48:08 vewbox-comfyui-1 41.54GiB / 46.79GiB
17:48:08 vewbox-db-1 97.31MiB / 46.79GiB
17:48:14 vewbox-asr-1 754.9MiB / 46.79GiB
17:48:14 vewbox-comfyui-1 41.54GiB / 46.79GiB
17:48:14 vewbox-db-1 93.07MiB / 46.79GiB
17:48:20 vewbox-asr-1 754.9MiB / 46.79GiB
17:48:20 vewbox-comfyui-1 41.54GiB / 46.79GiB
17:48:20 vewbox-db-1 84.11MiB / 46.79GiB
17:48:26 vewbox-asr-1 754.9MiB / 46.79GiB
17:48:26 vewbox-comfyui-1 41.54GiB / 46.79GiB
17:48:26 vewbox-db-1 93.62MiB / 46.79GiB
17:48:32 vewbox-asr-1 752.9MiB / 46.79GiB
17:48:32 vewbox-comfyui-1 41.43GiB / 46.79GiB
17:48:32 vewbox-db-1 93.34MiB / 46.79GiB
17:48:38 vewbox-asr-1 752.8MiB / 46.79GiB
17:48:38 vewbox-comfyui-1 41.44GiB / 46.79GiB
17:48:38 vewbox-db-1 93.09MiB / 46.79GiB
17:48:44 vewbox-asr-1 747.2MiB / 46.79GiB
17:48:44 vewbox-comfyui-1 41.8GiB / 46.79GiB
17:48:44 vewbox-db-1 93.16MiB / 46.79GiB
17:48:50 vewbox-asr-1 750.8MiB / 46.79GiB
17:48:50 vewbox-comfyui-1 42.16GiB / 46.79GiB
17:48:50 vewbox-db-1 92.98MiB / 46.79GiB
17:48:56 vewbox-asr-1 3.317GiB / 46.79GiB
17:48:56 vewbox-comfyui-1 2.9GiB / 46.79GiB
17:48:56 vewbox-db-1 93.57MiB / 46.79GiB
17:49:02 vewbox-asr-1 770.9MiB / 46.79GiB
17:49:02 vewbox-comfyui-1 5.752GiB / 46.79GiB
17:49:02 vewbox-db-1 93.75MiB / 46.79GiB
17:49:08 vewbox-asr-1 770.9MiB / 46.79GiB
17:49:08 vewbox-comfyui-1 11.98GiB / 46.79GiB
17:49:08 vewbox-db-1 93.82MiB / 46.79GiB
17:49:14 vewbox-asr-1 771.3MiB / 46.79GiB
17:49:14 vewbox-comfyui-1 12.04GiB / 46.79GiB
17:49:14 vewbox-db-1 94MiB / 46.79GiB
17:49:20 vewbox-asr-1 772.8MiB / 46.79GiB
17:49:20 vewbox-comfyui-1 12.04GiB / 46.79GiB
17:49:20 vewbox-db-1 95.97MiB / 46.79GiB
17:49:26 vewbox-asr-1 772.8MiB / 46.79GiB
17:49:26 vewbox-comfyui-1 12.04GiB / 46.79GiB
17:49:26 vewbox-db-1 96.14MiB / 46.79GiB
17:49:32 vewbox-asr-1 772.9MiB / 46.79GiB
17:49:32 vewbox-comfyui-1 12.04GiB / 46.79GiB
17:49:32 vewbox-db-1 96.13MiB / 46.79GiB
17:49:38 vewbox-asr-1 772.9MiB / 46.79GiB
17:49:38 vewbox-comfyui-1 12.04GiB / 46.79GiB
17:49:38 vewbox-db-1 95.83MiB / 46.79GiB
17:49:44 vewbox-asr-1 772.9MiB / 46.79GiB
17:49:44 vewbox-comfyui-1 12.04GiB / 46.79GiB
17:49:44 vewbox-db-1 95.64MiB / 46.79GiB
17:49:50 vewbox-asr-1 772.9MiB / 46.79GiB
17:49:50 vewbox-comfyui-1 12.04GiB / 46.79GiB
17:49:50 vewbox-db-1 96.14MiB / 46.79GiB
17:49:56 vewbox-asr-1 772.6MiB / 46.79GiB
17:49:56 vewbox-comfyui-1 12.05GiB / 46.79GiB
17:49:56 vewbox-db-1 96.34MiB / 46.79GiB
17:50:02 vewbox-asr-1 772.6MiB / 46.79GiB
17:50:02 vewbox-comfyui-1 12.04GiB / 46.79GiB
17:50:02 vewbox-db-1 96.34MiB / 46.79GiB
17:50:08 vewbox-asr-1 772.6MiB / 46.79GiB
17:50:08 vewbox-comfyui-1 12.04GiB / 46.79GiB
17:50:08 vewbox-db-1 96.29MiB / 46.79GiB
17:50:14 vewbox-asr-1 772.9MiB / 46.79GiB
17:50:14 vewbox-comfyui-1 12.04GiB / 46.79GiB
17:50:14 vewbox-db-1 96.08MiB / 46.79GiB
17:50:20 vewbox-asr-1 772.7MiB / 46.79GiB
17:50:20 vewbox-comfyui-1 12.04GiB / 46.79GiB
17:50:20 vewbox-db-1 96.51MiB / 46.79GiB
17:50:26 vewbox-asr-1 772.7MiB / 46.79GiB
17:50:26 vewbox-comfyui-1 12.04GiB / 46.79GiB
17:50:26 vewbox-db-1 95.87MiB / 46.79GiB
17:50:32 vewbox-asr-1 772.6MiB / 46.79GiB
17:50:32 vewbox-comfyui-1 12.04GiB / 46.79GiB
17:50:32 vewbox-db-1 96.64MiB / 46.79GiB
17:50:38 vewbox-asr-1 772.5MiB / 46.79GiB
17:50:38 vewbox-comfyui-1 12.04GiB / 46.79GiB
17:50:38 vewbox-db-1 95.97MiB / 46.79GiB
17:50:44 vewbox-asr-1 772.5MiB / 46.79GiB
17:50:44 vewbox-comfyui-1 12.04GiB / 46.79GiB
17:50:44 vewbox-db-1 96.73MiB / 46.79GiB
17:50:50 vewbox-asr-1 772.5MiB / 46.79GiB
17:50:50 vewbox-comfyui-1 12.04GiB / 46.79GiB
17:50:50 vewbox-db-1 95.97MiB / 46.79GiB
17:50:56 vewbox-asr-1 772.8MiB / 46.79GiB
17:50:56 vewbox-comfyui-1 12.04GiB / 46.79GiB
17:50:56 vewbox-db-1 96.16MiB / 46.79GiB
17:51:02 vewbox-asr-1 772.8MiB / 46.79GiB
17:51:02 vewbox-comfyui-1 12.04GiB / 46.79GiB
17:51:02 vewbox-db-1 96.03MiB / 46.79GiB
17:51:08 vewbox-asr-1 772.8MiB / 46.79GiB
17:51:08 vewbox-comfyui-1 12.04GiB / 46.79GiB
17:51:08 vewbox-db-1 95.78MiB / 46.79GiB
17:51:14 vewbox-asr-1 772.7MiB / 46.79GiB
17:51:14 vewbox-comfyui-1 12.04GiB / 46.79GiB
17:51:14 vewbox-db-1 96.6MiB / 46.79GiB
17:51:20 vewbox-asr-1 732.1MiB / 46.79GiB
17:51:20 vewbox-comfyui-1 10.28GiB / 46.79GiB
17:51:20 vewbox-db-1 83.95MiB / 46.79GiB
17:51:26 vewbox-asr-1 732.1MiB / 46.79GiB
17:51:26 vewbox-comfyui-1 10.28GiB / 46.79GiB
17:51:26 vewbox-db-1 88.12MiB / 46.79GiB
17:51:32 vewbox-asr-1 735MiB / 46.79GiB
17:51:32 vewbox-comfyui-1 10.28GiB / 46.79GiB
17:51:32 vewbox-db-1 87.74MiB / 46.79GiB
17:51:38 vewbox-asr-1 734.9MiB / 46.79GiB
17:51:38 vewbox-comfyui-1 10.28GiB / 46.79GiB
17:51:38 vewbox-db-1 89.06MiB / 46.79GiB
17:51:44 vewbox-asr-1 734.9MiB / 46.79GiB
17:51:44 vewbox-comfyui-1 10.28GiB / 46.79GiB
17:51:44 vewbox-db-1 89.03MiB / 46.79GiB
17:51:50 vewbox-asr-1 742.6MiB / 46.79GiB
17:51:50 vewbox-comfyui-1 10.28GiB / 46.79GiB
17:51:50 vewbox-db-1 88.6MiB / 46.79GiB
17:51:56 vewbox-asr-1 741.2MiB / 46.79GiB
17:51:56 vewbox-comfyui-1 1.8GiB / 46.79GiB
17:51:56 vewbox-db-1 89.74MiB / 46.79GiB
17:52:02 vewbox-asr-1 741.2MiB / 46.79GiB
17:52:02 vewbox-comfyui-1 2.291GiB / 46.79GiB
17:52:02 vewbox-db-1 89.98MiB / 46.79GiB
17:52:08 vewbox-asr-1 741.2MiB / 46.79GiB
17:52:08 vewbox-comfyui-1 3.213GiB / 46.79GiB
17:52:08 vewbox-db-1 90.18MiB / 46.79GiB
17:52:14 vewbox-asr-1 741.6MiB / 46.79GiB
17:52:14 vewbox-comfyui-1 9.655GiB / 46.79GiB
17:52:14 vewbox-db-1 90.65MiB / 46.79GiB
17:52:20 vewbox-asr-1 741.6MiB / 46.79GiB
17:52:20 vewbox-comfyui-1 16.68GiB / 46.79GiB
17:52:20 vewbox-db-1 90.35MiB / 46.79GiB
17:52:26 vewbox-asr-1 741.6MiB / 46.79GiB
17:52:26 vewbox-comfyui-1 22.76GiB / 46.79GiB
17:52:26 vewbox-db-1 90.34MiB / 46.79GiB
17:52:32 vewbox-asr-1 742.2MiB / 46.79GiB
17:52:32 vewbox-comfyui-1 29.26GiB / 46.79GiB
17:52:32 vewbox-db-1 90.61MiB / 46.79GiB
17:52:38 vewbox-asr-1 742.2MiB / 46.79GiB
17:52:38 vewbox-comfyui-1 33.12GiB / 46.79GiB
17:52:38 vewbox-db-1 90.92MiB / 46.79GiB
17:52:44 vewbox-asr-1 742.2MiB / 46.79GiB
17:52:44 vewbox-comfyui-1 37.69GiB / 46.79GiB
17:52:44 vewbox-db-1 90.98MiB / 46.79GiB
17:52:50 vewbox-asr-1 744.9MiB / 46.79GiB
17:52:50 vewbox-comfyui-1 41.28GiB / 46.79GiB
17:52:50 vewbox-db-1 90.69MiB / 46.79GiB
17:52:56 vewbox-asr-1 744.8MiB / 46.79GiB
17:52:56 vewbox-comfyui-1 41.28GiB / 46.79GiB
17:52:56 vewbox-db-1 95.91MiB / 46.79GiB
17:53:02 vewbox-asr-1 744.7MiB / 46.79GiB
17:53:02 vewbox-comfyui-1 41.29GiB / 46.79GiB
17:53:02 vewbox-db-1 95.77MiB / 46.79GiB
17:53:08 vewbox-asr-1 744.7MiB / 46.79GiB
17:53:08 vewbox-comfyui-1 41.29GiB / 46.79GiB
17:53:08 vewbox-db-1 95.59MiB / 46.79GiB
17:53:14 vewbox-asr-1 745.3MiB / 46.79GiB
17:53:14 vewbox-comfyui-1 41.29GiB / 46.79GiB
17:53:14 vewbox-db-1 95.48MiB / 46.79GiB
17:53:20 vewbox-asr-1 745.3MiB / 46.79GiB
17:53:20 vewbox-comfyui-1 41.29GiB / 46.79GiB
17:53:20 vewbox-db-1 95.89MiB / 46.79GiB
17:53:26 vewbox-asr-1 745.5MiB / 46.79GiB
17:53:26 vewbox-comfyui-1 41.29GiB / 46.79GiB
17:53:26 vewbox-db-1 96.13MiB / 46.79GiB
17:53:32 vewbox-asr-1 745.6MiB / 46.79GiB
17:53:32 vewbox-comfyui-1 41.29GiB / 46.79GiB
17:53:32 vewbox-db-1 95.43MiB / 46.79GiB
17:53:38 vewbox-asr-1 745.6MiB / 46.79GiB
17:53:38 vewbox-comfyui-1 41.29GiB / 46.79GiB
17:53:38 vewbox-db-1 96.04MiB / 46.79GiB
17:53:44 vewbox-asr-1 741.7MiB / 46.79GiB
17:53:44 vewbox-comfyui-1 42.39GiB / 46.79GiB
17:53:44 vewbox-db-1 95.98MiB / 46.79GiB
17:53:50 vewbox-asr-1 747.8MiB / 46.79GiB
17:53:50 vewbox-comfyui-1 42.64GiB / 46.79GiB
17:53:50 vewbox-db-1 96.61MiB / 46.79GiB
17:53:56 vewbox-asr-1 1.128GiB / 46.79GiB
17:53:56 vewbox-comfyui-1 3.436GiB / 46.79GiB
17:53:56 vewbox-db-1 96.47MiB / 46.79GiB
17:54:02 vewbox-asr-1 768.2MiB / 46.79GiB
17:54:02 vewbox-comfyui-1 11.23GiB / 46.79GiB
17:54:02 vewbox-db-1 96.19MiB / 46.79GiB
17:54:08 vewbox-asr-1 768.2MiB / 46.79GiB
17:54:08 vewbox-comfyui-1 13.29GiB / 46.79GiB
17:54:08 vewbox-db-1 96.14MiB / 46.79GiB
17:54:14 vewbox-asr-1 769.4MiB / 46.79GiB
17:54:14 vewbox-comfyui-1 13.27GiB / 46.79GiB
17:54:14 vewbox-db-1 96.96MiB / 46.79GiB
17:54:20 vewbox-asr-1 769.3MiB / 46.79GiB
17:54:20 vewbox-comfyui-1 13.27GiB / 46.79GiB
17:54:20 vewbox-db-1 96.95MiB / 46.79GiB
17:54:26 vewbox-asr-1 769.4MiB / 46.79GiB
17:54:26 vewbox-comfyui-1 13.27GiB / 46.79GiB
17:54:26 vewbox-db-1 96.95MiB / 46.79GiB
17:54:32 vewbox-asr-1 769.4MiB / 46.79GiB
17:54:32 vewbox-comfyui-1 13.27GiB / 46.79GiB
17:54:32 vewbox-db-1 96.66MiB / 46.79GiB
17:54:38 vewbox-asr-1 769.4MiB / 46.79GiB
17:54:38 vewbox-comfyui-1 13.27GiB / 46.79GiB
17:54:38 vewbox-db-1 96.76MiB / 46.79GiB
17:54:44 vewbox-asr-1 769.4MiB / 46.79GiB
17:54:44 vewbox-comfyui-1 13.27GiB / 46.79GiB
17:54:44 vewbox-db-1 96.78MiB / 46.79GiB
17:54:50 vewbox-asr-1 769.4MiB / 46.79GiB
17:54:50 vewbox-comfyui-1 13.27GiB / 46.79GiB
17:54:50 vewbox-db-1 97.12MiB / 46.79GiB
17:54:56 vewbox-asr-1 769.5MiB / 46.79GiB
17:54:56 vewbox-comfyui-1 13.27GiB / 46.79GiB
17:54:56 vewbox-db-1 96.89MiB / 46.79GiB
17:55:02 vewbox-asr-1 769.5MiB / 46.79GiB
17:55:02 vewbox-comfyui-1 13.27GiB / 46.79GiB
17:55:02 vewbox-db-1 97.04MiB / 46.79GiB
17:55:08 vewbox-asr-1 769.5MiB / 46.79GiB
17:55:08 vewbox-comfyui-1 13.27GiB / 46.79GiB
17:55:08 vewbox-db-1 97.06MiB / 46.79GiB
17:55:14 vewbox-asr-1 769.2MiB / 46.79GiB
17:55:14 vewbox-comfyui-1 13.27GiB / 46.79GiB
17:55:14 vewbox-db-1 97.64MiB / 46.79GiB
17:55:20 vewbox-asr-1 769.2MiB / 46.79GiB
17:55:20 vewbox-comfyui-1 13.27GiB / 46.79GiB
17:55:20 vewbox-db-1 98.1MiB / 46.79GiB
17:55:26 vewbox-asr-1 769.2MiB / 46.79GiB
17:55:26 vewbox-comfyui-1 13.27GiB / 46.79GiB
17:55:26 vewbox-db-1 97.55MiB / 46.79GiB
17:55:32 vewbox-asr-1 769.5MiB / 46.79GiB
17:55:32 vewbox-comfyui-1 13.27GiB / 46.79GiB
17:55:32 vewbox-db-1 97.99MiB / 46.79GiB
17:55:38 vewbox-asr-1 769MiB / 46.79GiB
17:55:38 vewbox-comfyui-1 13.27GiB / 46.79GiB
17:55:38 vewbox-db-1 98.21MiB / 46.79GiB
17:55:44 vewbox-asr-1 769MiB / 46.79GiB
17:55:44 vewbox-comfyui-1 13.27GiB / 46.79GiB
17:55:44 vewbox-db-1 97.88MiB / 46.79GiB
17:55:50 vewbox-asr-1 769.4MiB / 46.79GiB
17:55:50 vewbox-comfyui-1 13.27GiB / 46.79GiB
17:55:50 vewbox-db-1 98.07MiB / 46.79GiB
17:55:56 vewbox-asr-1 769.1MiB / 46.79GiB
17:55:56 vewbox-comfyui-1 13.27GiB / 46.79GiB
17:55:56 vewbox-db-1 97.97MiB / 46.79GiB
17:56:02 vewbox-asr-1 769.1MiB / 46.79GiB
17:56:02 vewbox-comfyui-1 13.27GiB / 46.79GiB
17:56:02 vewbox-db-1 98.16MiB / 46.79GiB
17:56:08 vewbox-asr-1 764.7MiB / 46.79GiB
17:56:08 vewbox-comfyui-1 12.52GiB / 46.79GiB
17:56:08 vewbox-db-1 98.03MiB / 46.79GiB
17:56:14 vewbox-asr-1 734.3MiB / 46.79GiB
17:56:14 vewbox-comfyui-1 10.29GiB / 46.79GiB
17:56:14 vewbox-db-1 88.92MiB / 46.79GiB
17:56:20 vewbox-asr-1 734.3MiB / 46.79GiB
17:56:20 vewbox-comfyui-1 10.29GiB / 46.79GiB
17:56:20 vewbox-db-1 90.12MiB / 46.79GiB
17:56:26 vewbox-asr-1 734.5MiB / 46.79GiB
17:56:26 vewbox-comfyui-1 10.29GiB / 46.79GiB
17:56:26 vewbox-db-1 90.39MiB / 46.79GiB
17:56:32 vewbox-asr-1 742.2MiB / 46.79GiB
17:56:32 vewbox-comfyui-1 10.29GiB / 46.79GiB
17:56:32 vewbox-db-1 90.57MiB / 46.79GiB
17:56:38 vewbox-asr-1 742.2MiB / 46.79GiB
17:56:38 vewbox-comfyui-1 10.3GiB / 46.79GiB
17:56:38 vewbox-db-1 91.56MiB / 46.79GiB
17:56:44 vewbox-asr-1 742.2MiB / 46.79GiB
17:56:44 vewbox-comfyui-1 10.3GiB / 46.79GiB
17:56:44 vewbox-db-1 91.5MiB / 46.79GiB
17:56:50 vewbox-asr-1 742.2MiB / 46.79GiB
17:56:50 vewbox-comfyui-1 10.3GiB / 46.79GiB
17:56:50 vewbox-db-1 91.35MiB / 46.79GiB
17:56:56 vewbox-asr-1 742.4MiB / 46.79GiB
17:56:56 vewbox-comfyui-1 10.3GiB / 46.79GiB
17:56:56 vewbox-db-1 91.14MiB / 46.79GiB
17:57:02 vewbox-asr-1 742.4MiB / 46.79GiB
17:57:02 vewbox-comfyui-1 10.3GiB / 46.79GiB
17:57:02 vewbox-db-1 91.65MiB / 46.79GiB
17:57:08 vewbox-asr-1 742.4MiB / 46.79GiB
17:57:08 vewbox-comfyui-1 10.3GiB / 46.79GiB
17:57:08 vewbox-db-1 92.48MiB / 46.79GiB
17:57:14 vewbox-asr-1 742.8MiB / 46.79GiB
17:57:14 vewbox-comfyui-1 10.3GiB / 46.79GiB
17:57:14 vewbox-db-1 91.74MiB / 46.79GiB
17:57:20 vewbox-asr-1 742.8MiB / 46.79GiB
17:57:20 vewbox-comfyui-1 10.3GiB / 46.79GiB
17:57:20 vewbox-db-1 91.95MiB / 46.79GiB
17:57:26 vewbox-asr-1 742.8MiB / 46.79GiB
17:57:26 vewbox-comfyui-1 10.3GiB / 46.79GiB
17:57:26 vewbox-db-1 91.4MiB / 46.79GiB
17:57:32 vewbox-asr-1 743.5MiB / 46.79GiB
17:57:32 vewbox-comfyui-1 10.3GiB / 46.79GiB
17:57:32 vewbox-db-1 92.54MiB / 46.79GiB
17:57:38 vewbox-asr-1 743.5MiB / 46.79GiB
17:57:38 vewbox-comfyui-1 10.3GiB / 46.79GiB
17:57:38 vewbox-db-1 92.61MiB / 46.79GiB
17:57:44 vewbox-asr-1 743.5MiB / 46.79GiB
17:57:44 vewbox-comfyui-1 10.3GiB / 46.79GiB
17:57:44 vewbox-db-1 92.66MiB / 46.79GiB
17:57:50 vewbox-asr-1 743.6MiB / 46.79GiB
17:57:50 vewbox-comfyui-1 10.3GiB / 46.79GiB
17:57:50 vewbox-db-1 92.19MiB / 46.79GiB
17:57:56 vewbox-asr-1 743.4MiB / 46.79GiB
17:57:56 vewbox-comfyui-1 10.3GiB / 46.79GiB
17:57:56 vewbox-db-1 93.16MiB / 46.79GiB
17:58:02 vewbox-asr-1 743.4MiB / 46.79GiB
17:58:02 vewbox-comfyui-1 10.3GiB / 46.79GiB
17:58:02 vewbox-db-1 92.53MiB / 46.79GiB
17:58:08 vewbox-asr-1 743.4MiB / 46.79GiB
17:58:08 vewbox-comfyui-1 10.3GiB / 46.79GiB
17:58:08 vewbox-db-1 92.68MiB / 46.79GiB
17:58:14 vewbox-asr-1 743.6MiB / 46.79GiB
17:58:14 vewbox-comfyui-1 10.3GiB / 46.79GiB
17:58:14 vewbox-db-1 92.31MiB / 46.79GiB
17:58:20 vewbox-asr-1 743.5MiB / 46.79GiB
17:58:20 vewbox-comfyui-1 10.3GiB / 46.79GiB
17:58:20 vewbox-db-1 92.04MiB / 46.79GiB
17:58:26 vewbox-asr-1 743.5MiB / 46.79GiB
17:58:26 vewbox-comfyui-1 10.3GiB / 46.79GiB
17:58:26 vewbox-db-1 86.34MiB / 46.79GiB
17:58:32 vewbox-asr-1 742.7MiB / 46.79GiB
17:58:32 vewbox-comfyui-1 10.3GiB / 46.79GiB
17:58:32 vewbox-tts-design-1 55.66MiB / 46.79GiB
17:58:32 vewbox-tts-1 72.07MiB / 46.79GiB
17:58:32 vewbox-db-1 91.3MiB / 46.79GiB
17:58:38 vewbox-asr-1 742.3MiB / 46.79GiB
17:58:38 vewbox-comfyui-1 10.3GiB / 46.79GiB
17:58:38 vewbox-tts-design-1 327.2MiB / 46.79GiB
17:58:38 vewbox-tts-1 71.27MiB / 46.79GiB
17:58:38 vewbox-db-1 91.87MiB / 46.79GiB
17:58:44 vewbox-asr-1 742.3MiB / 46.79GiB
17:58:44 vewbox-comfyui-1 10.3GiB / 46.79GiB
17:58:44 vewbox-tts-design-1 327.1MiB / 46.79GiB
17:58:44 vewbox-tts-1 71.27MiB / 46.79GiB
17:58:44 vewbox-db-1 92.04MiB / 46.79GiB
17:58:50 vewbox-asr-1 743.4MiB / 46.79GiB
17:58:50 vewbox-comfyui-1 10.3GiB / 46.79GiB
17:58:50 vewbox-tts-design-1 327.1MiB / 46.79GiB
17:58:50 vewbox-tts-1 71.27MiB / 46.79GiB
17:58:50 vewbox-db-1 91.8MiB / 46.79GiB
17:58:56 vewbox-asr-1 743.1MiB / 46.79GiB
17:58:56 vewbox-comfyui-1 10.3GiB / 46.79GiB
17:58:56 vewbox-tts-design-1 327MiB / 46.79GiB
17:58:56 vewbox-tts-1 71.27MiB / 46.79GiB
17:58:56 vewbox-db-1 92.23MiB / 46.79GiB
17:59:02 vewbox-asr-1 743.2MiB / 46.79GiB
17:59:02 vewbox-comfyui-1 10.3GiB / 46.79GiB
17:59:02 vewbox-tts-design-1 326.8MiB / 46.79GiB
17:59:02 vewbox-tts-1 71.27MiB / 46.79GiB
17:59:02 vewbox-db-1 89.7MiB / 46.79GiB
17:59:08 vewbox-asr-1 743MiB / 46.79GiB
17:59:08 vewbox-comfyui-1 10.3GiB / 46.79GiB
17:59:08 vewbox-tts-design-1 327.3MiB / 46.79GiB
17:59:08 vewbox-tts-1 70.57MiB / 46.79GiB
17:59:08 vewbox-db-1 89.6MiB / 46.79GiB
17:59:14 vewbox-asr-1 743MiB / 46.79GiB
17:59:14 vewbox-comfyui-1 10.3GiB / 46.79GiB
17:59:14 vewbox-tts-design-1 327.3MiB / 46.79GiB
17:59:14 vewbox-tts-1 70.57MiB / 46.79GiB
17:59:14 vewbox-db-1 89.64MiB / 46.79GiB
17:59:20 vewbox-asr-1 742.8MiB / 46.79GiB
17:59:20 vewbox-comfyui-1 10.3GiB / 46.79GiB
17:59:20 vewbox-tts-design-1 327.1MiB / 46.79GiB
17:59:20 vewbox-tts-1 70.43MiB / 46.79GiB
17:59:20 vewbox-db-1 89.2MiB / 46.79GiB
17:59:26 vewbox-asr-1 742.8MiB / 46.79GiB
17:59:26 vewbox-comfyui-1 10.3GiB / 46.79GiB
17:59:26 vewbox-tts-design-1 327MiB / 46.79GiB
17:59:26 vewbox-tts-1 70.43MiB / 46.79GiB
17:59:26 vewbox-db-1 91.5MiB / 46.79GiB
17:59:32 vewbox-asr-1 743.5MiB / 46.79GiB
17:59:32 vewbox-comfyui-1 10.3GiB / 46.79GiB
17:59:32 vewbox-tts-design-1 326.8MiB / 46.79GiB
17:59:32 vewbox-tts-1 70.21MiB / 46.79GiB
17:59:32 vewbox-db-1 91.27MiB / 46.79GiB
17:59:38 vewbox-asr-1 743.3MiB / 46.79GiB
17:59:38 vewbox-comfyui-1 10.3GiB / 46.79GiB
17:59:38 vewbox-tts-design-1 327MiB / 46.79GiB
17:59:38 vewbox-tts-1 69.78MiB / 46.79GiB
17:59:38 vewbox-db-1 90.82MiB / 46.79GiB
17:59:44 vewbox-asr-1 743MiB / 46.79GiB
17:59:44 vewbox-comfyui-1 10.3GiB / 46.79GiB
17:59:44 vewbox-tts-design-1 326.9MiB / 46.79GiB
17:59:44 vewbox-tts-1 69.75MiB / 46.79GiB
17:59:44 vewbox-db-1 91.26MiB / 46.79GiB
17:59:50 vewbox-asr-1 743.6MiB / 46.79GiB
17:59:50 vewbox-comfyui-1 10.3GiB / 46.79GiB
17:59:50 vewbox-tts-design-1 326.9MiB / 46.79GiB
17:59:50 vewbox-tts-1 69.75MiB / 46.79GiB
17:59:50 vewbox-db-1 91MiB / 46.79GiB
17:59:56 vewbox-asr-1 743.4MiB / 46.79GiB
17:59:56 vewbox-comfyui-1 10.3GiB / 46.79GiB
17:59:56 vewbox-tts-design-1 326.7MiB / 46.79GiB
17:59:56 vewbox-tts-1 69.75MiB / 46.79GiB
17:59:56 vewbox-db-1 88.55MiB / 46.79GiB
18:00:02 vewbox-asr-1 743.3MiB / 46.79GiB
18:00:02 vewbox-comfyui-1 10.3GiB / 46.79GiB
18:00:02 vewbox-tts-design-1 326.7MiB / 46.79GiB
18:00:02 vewbox-tts-1 69.39MiB / 46.79GiB
18:00:02 vewbox-db-1 86.27MiB / 46.79GiB
18:00:08 vewbox-asr-1 743MiB / 46.79GiB
18:00:08 vewbox-comfyui-1 10.3GiB / 46.79GiB
18:00:08 vewbox-tts-design-1 327.3MiB / 46.79GiB
18:00:08 vewbox-tts-1 69.66MiB / 46.79GiB
18:00:08 vewbox-db-1 86.03MiB / 46.79GiB
18:00:14 vewbox-asr-1 743.4MiB / 46.79GiB
18:00:14 vewbox-comfyui-1 10.3GiB / 46.79GiB
18:00:14 vewbox-tts-design-1 327.1MiB / 46.79GiB
18:00:14 vewbox-tts-1 69.61MiB / 46.79GiB
18:00:14 vewbox-db-1 86.1MiB / 46.79GiB
18:00:20 vewbox-asr-1 743.4MiB / 46.79GiB
18:00:20 vewbox-comfyui-1 10.3GiB / 46.79GiB
18:00:20 vewbox-tts-design-1 326.9MiB / 46.79GiB
18:00:20 vewbox-tts-1 69.36MiB / 46.79GiB
18:00:20 vewbox-db-1 85.96MiB / 46.79GiB
18:00:26 vewbox-asr-1 741.3MiB / 46.79GiB
18:00:26 vewbox-comfyui-1 10.3GiB / 46.79GiB
18:00:26 vewbox-tts-1 68.16MiB / 46.79GiB
18:00:26 vewbox-db-1 89.41MiB / 46.79GiB
18:00:32 vewbox-asr-1 742.6MiB / 46.79GiB
18:00:32 vewbox-comfyui-1 10.3GiB / 46.79GiB
18:00:32 vewbox-tts-1 68.41MiB / 46.79GiB
18:00:32 vewbox-db-1 89.53MiB / 46.79GiB
18:00:38 vewbox-asr-1 742.4MiB / 46.79GiB
18:00:38 vewbox-comfyui-1 10.3GiB / 46.79GiB
18:00:38 vewbox-tts-1 69.71MiB / 46.79GiB
18:00:38 vewbox-db-1 90.24MiB / 46.79GiB
18:00:44 vewbox-asr-1 742.4MiB / 46.79GiB
18:00:44 vewbox-comfyui-1 10.3GiB / 46.79GiB
18:00:44 vewbox-tts-1 69.7MiB / 46.79GiB
18:00:44 vewbox-db-1 91.32MiB / 46.79GiB
18:00:50 vewbox-asr-1 743.6MiB / 46.79GiB
18:00:50 vewbox-comfyui-1 10.3GiB / 46.79GiB
18:00:50 vewbox-tts-1 69.95MiB / 46.79GiB
18:00:50 vewbox-db-1 91.74MiB / 46.79GiB
18:00:56 vewbox-asr-1 743.4MiB / 46.79GiB
18:00:56 vewbox-comfyui-1 10.3GiB / 46.79GiB
18:00:56 vewbox-tts-1 70.2MiB / 46.79GiB
18:00:56 vewbox-db-1 91.53MiB / 46.79GiB
18:01:02 vewbox-asr-1 743.4MiB / 46.79GiB
18:01:02 vewbox-comfyui-1 10.3GiB / 46.79GiB
18:01:02 vewbox-tts-1 70.2MiB / 46.79GiB
18:01:02 vewbox-db-1 91.32MiB / 46.79GiB
18:01:08 vewbox-asr-1 743.4MiB / 46.79GiB
18:01:08 vewbox-comfyui-1 10.3GiB / 46.79GiB
18:01:08 vewbox-tts-1 70.81MiB / 46.79GiB
18:01:08 vewbox-db-1 91.26MiB / 46.79GiB
18:01:14 vewbox-asr-1 743.7MiB / 46.79GiB
18:01:14 vewbox-comfyui-1 10.3GiB / 46.79GiB
18:01:14 vewbox-tts-1 71.01MiB / 46.79GiB
18:01:14 vewbox-db-1 91.61MiB / 46.79GiB
18:01:20 vewbox-asr-1 743.3MiB / 46.79GiB
18:01:20 vewbox-comfyui-1 1.827GiB / 46.79GiB
18:01:20 vewbox-tts-1 314.4MiB / 46.79GiB
18:01:20 vewbox-db-1 92.81MiB / 46.79GiB
18:01:26 vewbox-asr-1 743.6MiB / 46.79GiB
18:01:26 vewbox-comfyui-1 2.037GiB / 46.79GiB
18:01:26 vewbox-tts-1 314MiB / 46.79GiB
18:01:26 vewbox-db-1 92.82MiB / 46.79GiB
18:01:32 vewbox-asr-1 743.4MiB / 46.79GiB
18:01:32 vewbox-comfyui-1 2.474GiB / 46.79GiB
18:01:32 vewbox-tts-1 314MiB / 46.79GiB
18:01:32 vewbox-db-1 93.18MiB / 46.79GiB
18:01:38 vewbox-asr-1 743.4MiB / 46.79GiB
18:01:38 vewbox-comfyui-1 4.037GiB / 46.79GiB
18:01:38 vewbox-tts-1 313.7MiB / 46.79GiB
18:01:38 vewbox-db-1 93.15MiB / 46.79GiB
18:01:44 vewbox-asr-1 743.4MiB / 46.79GiB
18:01:44 vewbox-comfyui-1 12.95GiB / 46.79GiB
18:01:44 vewbox-tts-1 313.7MiB / 46.79GiB
18:01:44 vewbox-db-1 93.05MiB / 46.79GiB
18:01:50 vewbox-asr-1 743.2MiB / 46.79GiB
18:01:50 vewbox-comfyui-1 19.33GiB / 46.79GiB
18:01:50 vewbox-tts-1 313.4MiB / 46.79GiB
18:01:50 vewbox-db-1 93.11MiB / 46.79GiB
18:01:56 vewbox-asr-1 743MiB / 46.79GiB
18:01:56 vewbox-comfyui-1 22.11GiB / 46.79GiB
18:01:56 vewbox-tts-1 313.4MiB / 46.79GiB
18:01:56 vewbox-db-1 93.25MiB / 46.79GiB
18:02:02 vewbox-asr-1 743MiB / 46.79GiB
18:02:02 vewbox-comfyui-1 26.07GiB / 46.79GiB
18:02:02 vewbox-tts-1 313.4MiB / 46.79GiB
18:02:02 vewbox-db-1 92.81MiB / 46.79GiB
18:02:08 vewbox-asr-1 742.8MiB / 46.79GiB
18:02:08 vewbox-comfyui-1 28.89GiB / 46.79GiB
18:02:08 vewbox-tts-1 313.7MiB / 46.79GiB
18:02:08 vewbox-db-1 93.57MiB / 46.79GiB
18:02:14 vewbox-asr-1 742.8MiB / 46.79GiB
18:02:14 vewbox-comfyui-1 31.79GiB / 46.79GiB
18:02:14 vewbox-tts-1 313.7MiB / 46.79GiB
18:02:14 vewbox-db-1 93.33MiB / 46.79GiB
18:02:20 vewbox-asr-1 742.8MiB / 46.79GiB
18:02:20 vewbox-comfyui-1 34.95GiB / 46.79GiB
18:02:20 vewbox-tts-1 313.7MiB / 46.79GiB
18:02:20 vewbox-db-1 93.26MiB / 46.79GiB
18:02:26 vewbox-asr-1 742.3MiB / 46.79GiB
18:02:26 vewbox-comfyui-1 37.81GiB / 46.79GiB
18:02:26 vewbox-tts-1 315.4MiB / 46.79GiB
18:02:26 vewbox-db-1 93.7MiB / 46.79GiB
18:02:32 vewbox-asr-1 736.1MiB / 46.79GiB
18:02:32 vewbox-comfyui-1 41.05GiB / 46.79GiB
18:02:32 vewbox-tts-1 379.8MiB / 46.79GiB
18:02:32 vewbox-db-1 97.23MiB / 46.79GiB
18:02:38 vewbox-asr-1 736.1MiB / 46.79GiB
18:02:38 vewbox-comfyui-1 41.56GiB / 46.79GiB
18:02:38 vewbox-tts-1 421.5MiB / 46.79GiB
18:02:38 vewbox-db-1 97.16MiB / 46.79GiB
18:02:44 vewbox-asr-1 736.1MiB / 46.79GiB
18:02:44 vewbox-comfyui-1 41.56GiB / 46.79GiB
18:02:44 vewbox-tts-1 421.5MiB / 46.79GiB
18:02:44 vewbox-db-1 96.97MiB / 46.79GiB
18:02:50 vewbox-asr-1 736.1MiB / 46.79GiB
18:02:50 vewbox-comfyui-1 41.56GiB / 46.79GiB
18:02:50 vewbox-tts-1 421.5MiB / 46.79GiB
18:02:50 vewbox-db-1 96.99MiB / 46.79GiB
18:02:56 vewbox-asr-1 736.4MiB / 46.79GiB
18:02:56 vewbox-comfyui-1 41.56GiB / 46.79GiB
18:02:56 vewbox-tts-1 421.8MiB / 46.79GiB
18:02:56 vewbox-db-1 91.25MiB / 46.79GiB
18:03:02 vewbox-asr-1 736.4MiB / 46.79GiB
18:03:02 vewbox-comfyui-1 41.56GiB / 46.79GiB
18:03:02 vewbox-tts-1 421.8MiB / 46.79GiB
18:03:02 vewbox-db-1 91.93MiB / 46.79GiB
18:03:08 vewbox-asr-1 733.7MiB / 46.79GiB
18:03:08 vewbox-comfyui-1 41.56GiB / 46.79GiB
18:03:08 vewbox-tts-1 420MiB / 46.79GiB
18:03:08 vewbox-db-1 91.2MiB / 46.79GiB
18:03:15 vewbox-asr-1 734MiB / 46.79GiB
18:03:15 vewbox-comfyui-1 41.36GiB / 46.79GiB
18:03:15 vewbox-tts-1 420MiB / 46.79GiB
18:03:15 vewbox-db-1 91.06MiB / 46.79GiB
18:03:20 vewbox-asr-1 734.2MiB / 46.79GiB
18:03:20 vewbox-comfyui-1 41.36GiB / 46.79GiB
18:03:20 vewbox-tts-1 420MiB / 46.79GiB
18:03:20 vewbox-db-1 83.91MiB / 46.79GiB
18:03:26 vewbox-asr-1 734.2MiB / 46.79GiB
18:03:26 vewbox-comfyui-1 41.36GiB / 46.79GiB
18:03:26 vewbox-tts-1 420MiB / 46.79GiB
18:03:26 vewbox-db-1 88.72MiB / 46.79GiB
18:03:32 vewbox-asr-1 734MiB / 46.79GiB
18:03:32 vewbox-comfyui-1 41.36GiB / 46.79GiB
18:03:32 vewbox-tts-1 419.9MiB / 46.79GiB
18:03:32 vewbox-db-1 89.5MiB / 46.79GiB
18:03:38 vewbox-asr-1 733.9MiB / 46.79GiB
18:03:38 vewbox-comfyui-1 41.36GiB / 46.79GiB
18:03:38 vewbox-tts-1 419.9MiB / 46.79GiB
18:03:38 vewbox-db-1 88.85MiB / 46.79GiB
18:03:45 vewbox-asr-1 733.9MiB / 46.79GiB
18:03:45 vewbox-comfyui-1 41.36GiB / 46.79GiB
18:03:45 vewbox-tts-1 419.9MiB / 46.79GiB
18:03:45 vewbox-db-1 89.41MiB / 46.79GiB
18:03:50 vewbox-asr-1 734.1MiB / 46.79GiB
18:03:50 vewbox-comfyui-1 41.36GiB / 46.79GiB
18:03:50 vewbox-tts-1 419.8MiB / 46.79GiB
18:03:50 vewbox-db-1 93.69MiB / 46.79GiB
18:03:56 vewbox-asr-1 734.2MiB / 46.79GiB
18:03:56 vewbox-comfyui-1 41.36GiB / 46.79GiB
18:03:56 vewbox-tts-1 419.8MiB / 46.79GiB
18:03:56 vewbox-db-1 93.71MiB / 46.79GiB
18:04:02 vewbox-asr-1 734.2MiB / 46.79GiB
18:04:02 vewbox-comfyui-1 41.36GiB / 46.79GiB
18:04:02 vewbox-tts-1 419.8MiB / 46.79GiB
18:04:02 vewbox-db-1 94.16MiB / 46.79GiB
18:04:08 vewbox-asr-1 727.6MiB / 46.79GiB
18:04:08 vewbox-comfyui-1 42.65GiB / 46.79GiB
18:04:08 vewbox-tts-1 439.2MiB / 46.79GiB
18:04:08 vewbox-db-1 95.23MiB / 46.79GiB
18:04:15 vewbox-asr-1 726.7MiB / 46.79GiB
18:04:15 vewbox-comfyui-1 41.94GiB / 46.79GiB
18:04:15 vewbox-tts-1 438.4MiB / 46.79GiB
18:04:15 vewbox-db-1 95.64MiB / 46.79GiB
18:04:20 vewbox-asr-1 727.5MiB / 46.79GiB
18:04:20 vewbox-comfyui-1 38.33GiB / 46.79GiB
18:04:20 vewbox-tts-1 438.3MiB / 46.79GiB
18:04:20 vewbox-db-1 95.49MiB / 46.79GiB
18:04:26 vewbox-asr-1 726.9MiB / 46.79GiB
18:04:26 vewbox-comfyui-1 39.08GiB / 46.79GiB
18:04:26 vewbox-tts-1 438.3MiB / 46.79GiB
18:04:26 vewbox-db-1 95.25MiB / 46.79GiB
18:04:32 vewbox-asr-1 727MiB / 46.79GiB
18:04:32 vewbox-comfyui-1 39.51GiB / 46.79GiB
18:04:32 vewbox-tts-1 438.2MiB / 46.79GiB
18:04:32 vewbox-db-1 95.39MiB / 46.79GiB
18:04:38 vewbox-asr-1 726.8MiB / 46.79GiB
18:04:38 vewbox-comfyui-1 39.97GiB / 46.79GiB
18:04:38 vewbox-tts-1 438.7MiB / 46.79GiB
18:04:38 vewbox-db-1 95.67MiB / 46.79GiB
18:04:45 vewbox-asr-1 726.8MiB / 46.79GiB
18:04:45 vewbox-comfyui-1 40.34GiB / 46.79GiB
18:04:45 vewbox-tts-1 438.7MiB / 46.79GiB
18:04:45 vewbox-db-1 95.97MiB / 46.79GiB
18:04:50 vewbox-asr-1 730MiB / 46.79GiB
18:04:50 vewbox-comfyui-1 40.34GiB / 46.79GiB
18:04:50 vewbox-tts-1 438.6MiB / 46.79GiB
18:04:50 vewbox-db-1 95.95MiB / 46.79GiB
18:04:56 vewbox-asr-1 726.9MiB / 46.79GiB
18:04:56 vewbox-comfyui-1 40.34GiB / 46.79GiB
18:04:56 vewbox-tts-1 438.6MiB / 46.79GiB
18:04:56 vewbox-db-1 96.71MiB / 46.79GiB
18:05:02 vewbox-asr-1 726.9MiB / 46.79GiB
18:05:02 vewbox-comfyui-1 40.34GiB / 46.79GiB
18:05:02 vewbox-tts-1 438.6MiB / 46.79GiB
18:05:02 vewbox-db-1 96.84MiB / 46.79GiB
18:05:08 vewbox-asr-1 726.9MiB / 46.79GiB
18:05:08 vewbox-comfyui-1 40.34GiB / 46.79GiB
18:05:08 vewbox-tts-1 438.9MiB / 46.79GiB
18:05:08 vewbox-db-1 95.65MiB / 46.79GiB
18:05:15 vewbox-asr-1 727MiB / 46.79GiB
18:05:15 vewbox-comfyui-1 40.34GiB / 46.79GiB
18:05:15 vewbox-tts-1 438.9MiB / 46.79GiB
18:05:15 vewbox-db-1 95.77MiB / 46.79GiB
18:05:20 vewbox-asr-1 726.9MiB / 46.79GiB
18:05:20 vewbox-comfyui-1 40.34GiB / 46.79GiB
18:05:20 vewbox-tts-1 438.9MiB / 46.79GiB
18:05:20 vewbox-db-1 95.27MiB / 46.79GiB
18:05:26 vewbox-asr-1 726.9MiB / 46.79GiB
18:05:26 vewbox-comfyui-1 40.34GiB / 46.79GiB
18:05:26 vewbox-tts-1 438.8MiB / 46.79GiB
18:05:26 vewbox-db-1 95.68MiB / 46.79GiB
18:05:32 vewbox-asr-1 727MiB / 46.79GiB
18:05:32 vewbox-comfyui-1 40.34GiB / 46.79GiB
18:05:32 vewbox-tts-1 438.8MiB / 46.79GiB
18:05:32 vewbox-db-1 96.32MiB / 46.79GiB
18:05:38 vewbox-asr-1 726.9MiB / 46.79GiB
18:05:38 vewbox-comfyui-1 42.3GiB / 46.79GiB
18:05:38 vewbox-tts-1 438.6MiB / 46.79GiB
18:05:38 vewbox-db-1 95.89MiB / 46.79GiB
18:05:45 vewbox-asr-1 726.5MiB / 46.79GiB
18:05:45 vewbox-comfyui-1 25.2GiB / 46.79GiB
18:05:45 vewbox-tts-1 440.7MiB / 46.79GiB
18:05:45 vewbox-db-1 95.2MiB / 46.79GiB
18:05:50 vewbox-asr-1 726.5MiB / 46.79GiB
18:05:50 vewbox-comfyui-1 9.016GiB / 46.79GiB
18:05:50 vewbox-tts-1 440.7MiB / 46.79GiB
18:05:50 vewbox-db-1 95.1MiB / 46.79GiB
18:05:56 vewbox-asr-1 726.4MiB / 46.79GiB
18:05:56 vewbox-comfyui-1 12.48GiB / 46.79GiB
18:05:56 vewbox-tts-1 440.7MiB / 46.79GiB
18:05:56 vewbox-db-1 95.39MiB / 46.79GiB
18:06:02 vewbox-asr-1 3.488GiB / 46.79GiB
18:06:02 vewbox-comfyui-1 3.96GiB / 46.79GiB
18:06:02 vewbox-tts-1 440.7MiB / 46.79GiB
18:06:02 vewbox-db-1 100MiB / 46.79GiB
18:06:09 vewbox-asr-1 749.1MiB / 46.79GiB
18:06:09 vewbox-comfyui-1 7.821GiB / 46.79GiB
18:06:09 vewbox-tts-1 440.8MiB / 46.79GiB
18:06:09 vewbox-db-1 99.42MiB / 46.79GiB
18:06:15 vewbox-asr-1 749.1MiB / 46.79GiB
18:06:15 vewbox-comfyui-1 12.53GiB / 46.79GiB
18:06:15 vewbox-tts-1 441.1MiB / 46.79GiB
18:06:15 vewbox-db-1 99.68MiB / 46.79GiB
18:06:20 vewbox-asr-1 748.4MiB / 46.79GiB
18:06:20 vewbox-comfyui-1 12.53GiB / 46.79GiB
18:06:20 vewbox-tts-1 441.1MiB / 46.79GiB
18:06:20 vewbox-db-1 101.2MiB / 46.79GiB
18:06:27 vewbox-asr-1 750.3MiB / 46.79GiB
18:06:27 vewbox-comfyui-1 12.53GiB / 46.79GiB
18:06:27 vewbox-tts-1 441.1MiB / 46.79GiB
18:06:27 vewbox-db-1 100.6MiB / 46.79GiB
18:06:32 vewbox-asr-1 750.8MiB / 46.79GiB
18:06:32 vewbox-comfyui-1 12.53GiB / 46.79GiB
18:06:32 vewbox-tts-1 441.1MiB / 46.79GiB
18:06:32 vewbox-db-1 100.1MiB / 46.79GiB
18:06:39 vewbox-asr-1 750.4MiB / 46.79GiB
18:06:39 vewbox-comfyui-1 12.53GiB / 46.79GiB
18:06:39 vewbox-tts-1 441.4MiB / 46.79GiB
18:06:39 vewbox-db-1 100.3MiB / 46.79GiB
18:06:45 vewbox-asr-1 750.4MiB / 46.79GiB
18:06:45 vewbox-comfyui-1 12.53GiB / 46.79GiB
18:06:45 vewbox-tts-1 441.4MiB / 46.79GiB
18:06:45 vewbox-db-1 100.9MiB / 46.79GiB
18:06:50 vewbox-asr-1 750.4MiB / 46.79GiB
18:06:50 vewbox-comfyui-1 12.53GiB / 46.79GiB
18:06:50 vewbox-tts-1 441.4MiB / 46.79GiB
18:06:50 vewbox-db-1 104.2MiB / 46.79GiB
18:06:57 vewbox-asr-1 750.3MiB / 46.79GiB
18:06:57 vewbox-comfyui-1 12.53GiB / 46.79GiB
18:06:57 vewbox-tts-1 441.4MiB / 46.79GiB
18:06:57 vewbox-db-1 100.2MiB / 46.79GiB
18:07:02 vewbox-asr-1 750.2MiB / 46.79GiB
18:07:02 vewbox-comfyui-1 12.53GiB / 46.79GiB
18:07:02 vewbox-tts-1 441.4MiB / 46.79GiB
18:07:02 vewbox-db-1 100.8MiB / 46.79GiB
18:07:09 vewbox-asr-1 750.2MiB / 46.79GiB
18:07:09 vewbox-comfyui-1 12.53GiB / 46.79GiB
18:07:09 vewbox-tts-1 441MiB / 46.79GiB
18:07:09 vewbox-db-1 101.1MiB / 46.79GiB
18:07:15 vewbox-asr-1 750.6MiB / 46.79GiB
18:07:15 vewbox-comfyui-1 12.53GiB / 46.79GiB
18:07:15 vewbox-tts-1 440.9MiB / 46.79GiB
18:07:15 vewbox-db-1 100.6MiB / 46.79GiB
18:07:20 vewbox-asr-1 750.4MiB / 46.79GiB
18:07:20 vewbox-comfyui-1 12.53GiB / 46.79GiB
18:07:20 vewbox-tts-1 440.9MiB / 46.79GiB
18:07:20 vewbox-db-1 100.3MiB / 46.79GiB
18:07:27 vewbox-asr-1 750.4MiB / 46.79GiB
18:07:27 vewbox-comfyui-1 12.53GiB / 46.79GiB
18:07:27 vewbox-tts-1 440.9MiB / 46.79GiB
18:07:27 vewbox-db-1 100.6MiB / 46.79GiB
18:07:32 vewbox-asr-1 750.3MiB / 46.79GiB
18:07:32 vewbox-comfyui-1 12.53GiB / 46.79GiB
18:07:32 vewbox-tts-1 440.9MiB / 46.79GiB
18:07:32 vewbox-db-1 100.2MiB / 46.79GiB
18:07:39 vewbox-asr-1 750MiB / 46.79GiB
18:07:39 vewbox-comfyui-1 12.53GiB / 46.79GiB
18:07:39 vewbox-tts-1 440.8MiB / 46.79GiB
18:07:39 vewbox-db-1 100.1MiB / 46.79GiB
18:07:45 vewbox-asr-1 750MiB / 46.79GiB
18:07:45 vewbox-comfyui-1 12.53GiB / 46.79GiB
18:07:45 vewbox-tts-1 440.7MiB / 46.79GiB
18:07:45 vewbox-db-1 100.2MiB / 46.79GiB
18:07:50 vewbox-asr-1 750MiB / 46.79GiB
18:07:50 vewbox-comfyui-1 12.53GiB / 46.79GiB
18:07:50 vewbox-tts-1 440.7MiB / 46.79GiB
18:07:50 vewbox-db-1 100.6MiB / 46.79GiB
18:07:57 vewbox-asr-1 749.6MiB / 46.79GiB
18:07:57 vewbox-comfyui-1 12.53GiB / 46.79GiB
18:07:57 vewbox-tts-1 440.7MiB / 46.79GiB
18:07:57 vewbox-db-1 100.9MiB / 46.79GiB
18:08:02 vewbox-asr-1 749.5MiB / 46.79GiB
18:08:02 vewbox-comfyui-1 12.53GiB / 46.79GiB
18:08:02 vewbox-tts-1 440.7MiB / 46.79GiB
18:08:02 vewbox-db-1 100.1MiB / 46.79GiB
18:08:09 vewbox-asr-1 749.5MiB / 46.79GiB
18:08:09 vewbox-comfyui-1 12.53GiB / 46.79GiB
18:08:09 vewbox-tts-1 440.8MiB / 46.79GiB
18:08:09 vewbox-db-1 100.4MiB / 46.79GiB
18:08:15 vewbox-asr-1 750.1MiB / 46.79GiB
18:08:15 vewbox-comfyui-1 12.53GiB / 46.79GiB
18:08:15 vewbox-tts-1 440.7MiB / 46.79GiB
18:08:15 vewbox-db-1 100.2MiB / 46.79GiB
18:08:20 vewbox-asr-1 710.1MiB / 46.79GiB
18:08:20 vewbox-comfyui-1 10.37GiB / 46.79GiB
18:08:20 vewbox-tts-1 419.9MiB / 46.79GiB
18:08:20 vewbox-db-1 87.54MiB / 46.79GiB
18:08:27 vewbox-asr-1 710.4MiB / 46.79GiB
18:08:27 vewbox-comfyui-1 10.37GiB / 46.79GiB
18:08:27 vewbox-tts-1 420.2MiB / 46.79GiB
18:08:27 vewbox-db-1 92.9MiB / 46.79GiB
18:08:32 vewbox-asr-1 2.502GiB / 46.79GiB
18:08:32 vewbox-comfyui-1 10.37GiB / 46.79GiB
18:08:32 vewbox-tts-1 420.2MiB / 46.79GiB
18:08:32 vewbox-db-1 92.76MiB / 46.79GiB
18:08:39 vewbox-asr-1 1.101GiB / 46.79GiB
18:08:39 vewbox-comfyui-1 10.37GiB / 46.79GiB
18:08:39 vewbox-tts-1 421.6MiB / 46.79GiB
18:08:39 vewbox-db-1 93.16MiB / 46.79GiB
18:08:45 vewbox-asr-1 1.101GiB / 46.79GiB
18:08:45 vewbox-comfyui-1 10.37GiB / 46.79GiB
18:08:45 vewbox-tts-1 421.5MiB / 46.79GiB
18:08:45 vewbox-db-1 93.44MiB / 46.79GiB
18:08:50 vewbox-asr-1 1.101GiB / 46.79GiB
18:08:50 vewbox-comfyui-1 10.37GiB / 46.79GiB
18:08:50 vewbox-tts-1 421.5MiB / 46.79GiB
18:08:50 vewbox-db-1 94.09MiB / 46.79GiB
18:08:57 vewbox-asr-1 1.102GiB / 46.79GiB
18:08:57 vewbox-comfyui-1 10.37GiB / 46.79GiB
18:08:57 vewbox-tts-1 421.5MiB / 46.79GiB
18:08:57 vewbox-db-1 94.43MiB / 46.79GiB
18:09:02 vewbox-asr-1 1.102GiB / 46.79GiB
18:09:02 vewbox-comfyui-1 10.37GiB / 46.79GiB
18:09:02 vewbox-tts-1 421.5MiB / 46.79GiB
18:09:02 vewbox-db-1 94.96MiB / 46.79GiB
18:09:09 vewbox-asr-1 1.102GiB / 46.79GiB
18:09:09 vewbox-comfyui-1 10.37GiB / 46.79GiB
18:09:09 vewbox-tts-1 423.7MiB / 46.79GiB
18:09:09 vewbox-db-1 95.21MiB / 46.79GiB
18:09:15 vewbox-asr-1 1.103GiB / 46.79GiB
18:09:15 vewbox-comfyui-1 10.37GiB / 46.79GiB
18:09:15 vewbox-tts-1 423.7MiB / 46.79GiB
18:09:15 vewbox-db-1 95.3MiB / 46.79GiB
18:09:20 vewbox-asr-1 1.102GiB / 46.79GiB
18:09:20 vewbox-comfyui-1 10.37GiB / 46.79GiB
18:09:20 vewbox-tts-1 423.7MiB / 46.79GiB
18:09:20 vewbox-db-1 89.11MiB / 46.79GiB
18:09:27 vewbox-asr-1 1.102GiB / 46.79GiB
18:09:27 vewbox-comfyui-1 10.37GiB / 46.79GiB
18:09:27 vewbox-tts-1 423.7MiB / 46.79GiB
18:09:27 vewbox-db-1 93.67MiB / 46.79GiB
18:09:32 vewbox-asr-1 1.102GiB / 46.79GiB
18:09:32 vewbox-comfyui-1 10.37GiB / 46.79GiB
18:09:32 vewbox-tts-1 423.7MiB / 46.79GiB
18:09:32 vewbox-db-1 93.48MiB / 46.79GiB
18:09:39 vewbox-asr-1 1.103GiB / 46.79GiB
18:09:39 vewbox-comfyui-1 10.37GiB / 46.79GiB
18:09:39 vewbox-tts-1 423.3MiB / 46.79GiB
18:09:39 vewbox-db-1 94.18MiB / 46.79GiB
18:09:45 vewbox-asr-1 1.103GiB / 46.79GiB
18:09:45 vewbox-comfyui-1 10.38GiB / 46.79GiB
18:09:45 vewbox-tts-1 423.2MiB / 46.79GiB
18:09:45 vewbox-db-1 93.41MiB / 46.79GiB
18:09:50 vewbox-asr-1 1.103GiB / 46.79GiB
18:09:50 vewbox-comfyui-1 10.38GiB / 46.79GiB
18:09:50 vewbox-tts-1 423.5MiB / 46.79GiB
18:09:50 vewbox-db-1 94.39MiB / 46.79GiB
18:09:57 vewbox-asr-1 1.103GiB / 46.79GiB
18:09:57 vewbox-comfyui-1 10.38GiB / 46.79GiB
18:09:57 vewbox-tts-1 423.2MiB / 46.79GiB
18:09:57 vewbox-db-1 94.21MiB / 46.79GiB
18:10:02 vewbox-asr-1 1.103GiB / 46.79GiB
18:10:02 vewbox-comfyui-1 10.38GiB / 46.79GiB
18:10:02 vewbox-tts-1 423.2MiB / 46.79GiB
18:10:02 vewbox-db-1 94.4MiB / 46.79GiB
18:10:09 vewbox-asr-1 1.104GiB / 46.79GiB
18:10:09 vewbox-comfyui-1 10.38GiB / 46.79GiB
18:10:09 vewbox-tts-1 423.1MiB / 46.79GiB
18:10:09 vewbox-db-1 94.47MiB / 46.79GiB
18:10:15 vewbox-asr-1 1.104GiB / 46.79GiB
18:10:15 vewbox-comfyui-1 10.38GiB / 46.79GiB
18:10:15 vewbox-tts-1 423MiB / 46.79GiB
18:10:15 vewbox-db-1 94.75MiB / 46.79GiB
18:10:20 vewbox-asr-1 1.103GiB / 46.79GiB
18:10:20 vewbox-comfyui-1 10.38GiB / 46.79GiB
18:10:20 vewbox-tts-1 423MiB / 46.79GiB
18:10:20 vewbox-db-1 94.5MiB / 46.79GiB
18:10:27 vewbox-asr-1 1.103GiB / 46.79GiB
18:10:27 vewbox-comfyui-1 10.38GiB / 46.79GiB
18:10:27 vewbox-tts-1 423MiB / 46.79GiB
18:10:27 vewbox-db-1 95.34MiB / 46.79GiB
18:10:32 vewbox-asr-1 1.103GiB / 46.79GiB
18:10:32 vewbox-comfyui-1 10.38GiB / 46.79GiB
18:10:32 vewbox-tts-1 423MiB / 46.79GiB
18:10:32 vewbox-db-1 95.04MiB / 46.79GiB
18:10:39 vewbox-asr-1 1.104GiB / 46.79GiB
18:10:39 vewbox-comfyui-1 10.38GiB / 46.79GiB
18:10:39 vewbox-tts-1 423.1MiB / 46.79GiB
18:10:39 vewbox-db-1 95.05MiB / 46.79GiB
18:10:45 vewbox-asr-1 1.104GiB / 46.79GiB
18:10:45 vewbox-comfyui-1 10.38GiB / 46.79GiB
18:10:45 vewbox-tts-1 423.1MiB / 46.79GiB
18:10:45 vewbox-db-1 94.52MiB / 46.79GiB
18:10:50 vewbox-asr-1 1.104GiB / 46.79GiB
18:10:50 vewbox-comfyui-1 10.38GiB / 46.79GiB
18:10:50 vewbox-tts-1 423.1MiB / 46.79GiB
18:10:50 vewbox-db-1 95.49MiB / 46.79GiB
18:10:57 vewbox-asr-1 1.104GiB / 46.79GiB
18:10:57 vewbox-comfyui-1 10.38GiB / 46.79GiB
18:10:57 vewbox-tts-1 423.1MiB / 46.79GiB
18:10:57 vewbox-db-1 95.8MiB / 46.79GiB
18:11:02 vewbox-asr-1 1.104GiB / 46.79GiB
18:11:02 vewbox-comfyui-1 10.38GiB / 46.79GiB
18:11:02 vewbox-tts-1 423.1MiB / 46.79GiB
18:11:02 vewbox-db-1 95.5MiB / 46.79GiB
18:11:09 vewbox-asr-1 1.104GiB / 46.79GiB
18:11:09 vewbox-comfyui-1 10.38GiB / 46.79GiB
18:11:09 vewbox-tts-1 423.5MiB / 46.79GiB
18:11:09 vewbox-db-1 95.42MiB / 46.79GiB
18:11:15 vewbox-asr-1 1.104GiB / 46.79GiB
18:11:15 vewbox-comfyui-1 10.38GiB / 46.79GiB
18:11:15 vewbox-tts-1 423.5MiB / 46.79GiB
18:11:15 vewbox-db-1 94.98MiB / 46.79GiB
18:11:20 vewbox-asr-1 1.104GiB / 46.79GiB
18:11:20 vewbox-comfyui-1 10.38GiB / 46.79GiB
18:11:20 vewbox-tts-1 423.5MiB / 46.79GiB
18:11:20 vewbox-db-1 94.45MiB / 46.79GiB
18:11:27 vewbox-asr-1 1.104GiB / 46.79GiB
18:11:27 vewbox-comfyui-1 10.38GiB / 46.79GiB
18:11:27 vewbox-tts-1 423.5MiB / 46.79GiB
18:11:27 vewbox-db-1 95.19MiB / 46.79GiB
18:11:32 vewbox-asr-1 1.104GiB / 46.79GiB
18:11:32 vewbox-comfyui-1 10.38GiB / 46.79GiB
18:11:32 vewbox-tts-1 423.5MiB / 46.79GiB
18:11:32 vewbox-db-1 95.37MiB / 46.79GiB
18:11:39 vewbox-asr-1 1.104GiB / 46.79GiB
18:11:39 vewbox-comfyui-1 10.38GiB / 46.79GiB
18:11:39 vewbox-tts-1 423.8MiB / 46.79GiB
18:11:39 vewbox-db-1 95.36MiB / 46.79GiB
18:11:45 vewbox-asr-1 1.104GiB / 46.79GiB
18:11:45 vewbox-comfyui-1 10.38GiB / 46.79GiB
18:11:45 vewbox-tts-1 423.8MiB / 46.79GiB
18:11:45 vewbox-db-1 85.85MiB / 46.79GiB
18:11:50 vewbox-asr-1 1.104GiB / 46.79GiB
18:11:50 vewbox-comfyui-1 10.38GiB / 46.79GiB
18:11:50 vewbox-tts-1 423.8MiB / 46.79GiB
18:11:50 vewbox-db-1 90.02MiB / 46.79GiB
18:11:57 vewbox-asr-1 1.104GiB / 46.79GiB
18:11:57 vewbox-comfyui-1 10.38GiB / 46.79GiB
18:11:57 vewbox-tts-1 423.8MiB / 46.79GiB
18:11:57 vewbox-db-1 89.65MiB / 46.79GiB
18:12:02 vewbox-asr-1 742.3MiB / 46.79GiB
18:12:02 vewbox-comfyui-1 1.883GiB / 46.79GiB
18:12:02 vewbox-tts-1 424MiB / 46.79GiB
18:12:02 vewbox-db-1 91.99MiB / 46.79GiB
18:12:09 vewbox-asr-1 742.3MiB / 46.79GiB
18:12:09 vewbox-comfyui-1 2.14GiB / 46.79GiB
18:12:09 vewbox-tts-1 423.5MiB / 46.79GiB
18:12:09 vewbox-db-1 91.22MiB / 46.79GiB
18:12:15 vewbox-asr-1 742.4MiB / 46.79GiB
18:12:15 vewbox-comfyui-1 2.627GiB / 46.79GiB
18:12:15 vewbox-tts-1 423.5MiB / 46.79GiB
18:12:15 vewbox-db-1 91.26MiB / 46.79GiB
18:12:20 vewbox-asr-1 742.4MiB / 46.79GiB
18:12:20 vewbox-comfyui-1 6.882GiB / 46.79GiB
18:12:20 vewbox-tts-1 423.5MiB / 46.79GiB
18:12:20 vewbox-db-1 91.74MiB / 46.79GiB
18:12:27 vewbox-asr-1 742.4MiB / 46.79GiB
18:12:27 vewbox-comfyui-1 16.2GiB / 46.79GiB
18:12:27 vewbox-tts-1 423.5MiB / 46.79GiB
18:12:27 vewbox-db-1 92.25MiB / 46.79GiB
18:12:33 vewbox-asr-1 742.4MiB / 46.79GiB
18:12:33 vewbox-comfyui-1 22.89GiB / 46.79GiB
18:12:33 vewbox-tts-1 423.5MiB / 46.79GiB
18:12:33 vewbox-db-1 92.3MiB / 46.79GiB
18:12:39 vewbox-asr-1 742.7MiB / 46.79GiB
18:12:39 vewbox-comfyui-1 29.82GiB / 46.79GiB
18:12:39 vewbox-tts-1 424.3MiB / 46.79GiB
18:12:39 vewbox-db-1 92.12MiB / 46.79GiB
18:12:45 vewbox-asr-1 742.7MiB / 46.79GiB
18:12:45 vewbox-comfyui-1 33.82GiB / 46.79GiB
18:12:45 vewbox-tts-1 424.3MiB / 46.79GiB
18:12:45 vewbox-db-1 91.86MiB / 46.79GiB
18:12:51 vewbox-asr-1 742.7MiB / 46.79GiB
18:12:51 vewbox-comfyui-1 37.94GiB / 46.79GiB
18:12:51 vewbox-tts-1 424.2MiB / 46.79GiB
18:12:51 vewbox-db-1 91.38MiB / 46.79GiB
18:12:57 vewbox-asr-1 751.5MiB / 46.79GiB
18:12:57 vewbox-comfyui-1 42.64GiB / 46.79GiB
18:12:57 vewbox-tts-1 424.2MiB / 46.79GiB
18:12:57 vewbox-db-1 95.93MiB / 46.79GiB
18:13:03 vewbox-asr-1 751.5MiB / 46.79GiB
18:13:03 vewbox-comfyui-1 42.64GiB / 46.79GiB
18:13:03 vewbox-tts-1 424.5MiB / 46.79GiB
18:13:03 vewbox-db-1 95.98MiB / 46.79GiB
18:13:09 vewbox-asr-1 751.5MiB / 46.79GiB
18:13:09 vewbox-comfyui-1 42.64GiB / 46.79GiB
18:13:09 vewbox-tts-1 424MiB / 46.79GiB
18:13:09 vewbox-db-1 95.89MiB / 46.79GiB
18:13:15 vewbox-asr-1 751.7MiB / 46.79GiB
18:13:15 vewbox-comfyui-1 42.64GiB / 46.79GiB
18:13:15 vewbox-tts-1 424MiB / 46.79GiB
18:13:15 vewbox-db-1 95.86MiB / 46.79GiB
18:13:21 vewbox-asr-1 751.5MiB / 46.79GiB
18:13:21 vewbox-comfyui-1 42.65GiB / 46.79GiB
18:13:21 vewbox-tts-1 424MiB / 46.79GiB
18:13:21 vewbox-db-1 96.22MiB / 46.79GiB
18:13:27 vewbox-asr-1 751.5MiB / 46.79GiB
18:13:27 vewbox-comfyui-1 42.65GiB / 46.79GiB
18:13:27 vewbox-tts-1 424MiB / 46.79GiB
18:13:27 vewbox-db-1 96.85MiB / 46.79GiB
18:13:33 vewbox-asr-1 751.2MiB / 46.79GiB
18:13:33 vewbox-comfyui-1 42.65GiB / 46.79GiB
18:13:33 vewbox-tts-1 424MiB / 46.79GiB
18:13:33 vewbox-db-1 96.49MiB / 46.79GiB
18:13:39 vewbox-asr-1 751.3MiB / 46.79GiB
18:13:39 vewbox-comfyui-1 42.65GiB / 46.79GiB
18:13:39 vewbox-tts-1 424.1MiB / 46.79GiB
18:13:39 vewbox-db-1 96.66MiB / 46.79GiB
18:13:45 vewbox-asr-1 751.3MiB / 46.79GiB
18:13:45 vewbox-comfyui-1 42.65GiB / 46.79GiB
18:13:45 vewbox-tts-1 424.1MiB / 46.79GiB
18:13:45 vewbox-db-1 96.59MiB / 46.79GiB
18:13:51 vewbox-asr-1 738.7MiB / 46.79GiB
18:13:51 vewbox-comfyui-1 42.33GiB / 46.79GiB
18:13:51 vewbox-tts-1 415.3MiB / 46.79GiB
18:13:51 vewbox-db-1 92.91MiB / 46.79GiB
18:13:57 vewbox-asr-1 737.5MiB / 46.79GiB
18:13:57 vewbox-comfyui-1 40.72GiB / 46.79GiB
18:13:57 vewbox-tts-1 416.4MiB / 46.79GiB
18:13:57 vewbox-db-1 95.09MiB / 46.79GiB
18:14:03 vewbox-asr-1 4.148GiB / 46.79GiB
18:14:03 vewbox-comfyui-1 3.38GiB / 46.79GiB
18:14:03 vewbox-tts-1 416.6MiB / 46.79GiB
18:14:03 vewbox-db-1 94.72MiB / 46.79GiB
18:14:09 vewbox-asr-1 3.769GiB / 46.79GiB
18:14:09 vewbox-comfyui-1 10.94GiB / 46.79GiB
18:14:09 vewbox-tts-1 418MiB / 46.79GiB
18:14:09 vewbox-db-1 94.86MiB / 46.79GiB
18:14:15 vewbox-asr-1 3.768GiB / 46.79GiB
18:14:15 vewbox-comfyui-1 12.93GiB / 46.79GiB
18:14:15 vewbox-tts-1 418MiB / 46.79GiB
18:14:15 vewbox-db-1 94.17MiB / 46.79GiB
18:14:21 vewbox-asr-1 3.768GiB / 46.79GiB
18:14:21 vewbox-comfyui-1 12.91GiB / 46.79GiB
18:14:21 vewbox-tts-1 418.3MiB / 46.79GiB
18:14:21 vewbox-db-1 95.34MiB / 46.79GiB
18:14:27 vewbox-asr-1 3.768GiB / 46.79GiB
18:14:27 vewbox-comfyui-1 12.91GiB / 46.79GiB
18:14:27 vewbox-tts-1 418.2MiB / 46.79GiB
18:14:27 vewbox-db-1 93.08MiB / 46.79GiB
18:14:33 vewbox-asr-1 3.768GiB / 46.79GiB
18:14:33 vewbox-comfyui-1 12.91GiB / 46.79GiB
18:14:33 vewbox-tts-1 418.2MiB / 46.79GiB
18:14:33 vewbox-db-1 93.51MiB / 46.79GiB
18:14:39 vewbox-asr-1 3.768GiB / 46.79GiB
18:14:39 vewbox-comfyui-1 12.91GiB / 46.79GiB
18:14:39 vewbox-tts-1 418.3MiB / 46.79GiB
18:14:39 vewbox-db-1 93.32MiB / 46.79GiB
18:14:45 vewbox-asr-1 3.768GiB / 46.79GiB
18:14:45 vewbox-comfyui-1 12.91GiB / 46.79GiB
18:14:45 vewbox-tts-1 418.3MiB / 46.79GiB
18:14:45 vewbox-db-1 93.13MiB / 46.79GiB
18:14:51 vewbox-asr-1 3.768GiB / 46.79GiB
18:14:51 vewbox-comfyui-1 12.91GiB / 46.79GiB
18:14:51 vewbox-tts-1 418.3MiB / 46.79GiB
18:14:51 vewbox-db-1 93.22MiB / 46.79GiB
18:14:57 vewbox-asr-1 3.768GiB / 46.79GiB
18:14:57 vewbox-comfyui-1 12.91GiB / 46.79GiB
18:14:57 vewbox-tts-1 418.3MiB / 46.79GiB
18:14:57 vewbox-db-1 93.68MiB / 46.79GiB
18:15:03 vewbox-asr-1 3.768GiB / 46.79GiB
18:15:03 vewbox-comfyui-1 12.91GiB / 46.79GiB
18:15:03 vewbox-tts-1 418.3MiB / 46.79GiB
18:15:03 vewbox-db-1 96.64MiB / 46.79GiB
18:15:09 vewbox-asr-1 3.768GiB / 46.79GiB
18:15:09 vewbox-comfyui-1 12.91GiB / 46.79GiB
18:15:09 vewbox-tts-1 417.6MiB / 46.79GiB
18:15:09 vewbox-db-1 93.18MiB / 46.79GiB
18:15:15 vewbox-asr-1 3.768GiB / 46.79GiB
18:15:15 vewbox-comfyui-1 12.91GiB / 46.79GiB
18:15:15 vewbox-tts-1 417.6MiB / 46.79GiB
18:15:15 vewbox-db-1 93.04MiB / 46.79GiB
18:15:21 vewbox-asr-1 3.768GiB / 46.79GiB
18:15:21 vewbox-comfyui-1 12.91GiB / 46.79GiB
18:15:21 vewbox-tts-1 417.6MiB / 46.79GiB
18:15:21 vewbox-db-1 93.25MiB / 46.79GiB
18:15:27 vewbox-asr-1 3.768GiB / 46.79GiB
18:15:27 vewbox-comfyui-1 12.91GiB / 46.79GiB
18:15:27 vewbox-tts-1 417.8MiB / 46.79GiB
18:15:27 vewbox-db-1 95.52MiB / 46.79GiB
18:15:33 vewbox-asr-1 3.768GiB / 46.79GiB
18:15:33 vewbox-comfyui-1 12.91GiB / 46.79GiB
18:15:33 vewbox-tts-1 417.8MiB / 46.79GiB
18:15:33 vewbox-db-1 95.43MiB / 46.79GiB
18:15:39 vewbox-asr-1 3.768GiB / 46.79GiB
18:15:39 vewbox-comfyui-1 12.91GiB / 46.79GiB
18:15:39 vewbox-tts-1 417.6MiB / 46.79GiB
18:15:39 vewbox-db-1 95.44MiB / 46.79GiB
18:15:45 vewbox-asr-1 3.768GiB / 46.79GiB
18:15:45 vewbox-comfyui-1 12.91GiB / 46.79GiB
18:15:45 vewbox-tts-1 417.6MiB / 46.79GiB
18:15:45 vewbox-db-1 95.41MiB / 46.79GiB
18:15:51 vewbox-asr-1 3.768GiB / 46.79GiB
18:15:51 vewbox-comfyui-1 12.91GiB / 46.79GiB
18:15:51 vewbox-tts-1 417.6MiB / 46.79GiB
18:15:51 vewbox-db-1 95.01MiB / 46.79GiB
18:15:57 vewbox-asr-1 3.768GiB / 46.79GiB
18:15:57 vewbox-comfyui-1 12.91GiB / 46.79GiB
18:15:57 vewbox-tts-1 417.6MiB / 46.79GiB
18:15:57 vewbox-db-1 94.91MiB / 46.79GiB
18:16:03 vewbox-asr-1 3.768GiB / 46.79GiB
18:16:03 vewbox-comfyui-1 12.91GiB / 46.79GiB
18:16:03 vewbox-tts-1 417.6MiB / 46.79GiB
18:16:03 vewbox-db-1 89.08MiB / 46.79GiB
18:16:09 vewbox-asr-1 3.768GiB / 46.79GiB
18:16:09 vewbox-comfyui-1 12.91GiB / 46.79GiB
18:16:09 vewbox-tts-1 418.6MiB / 46.79GiB
18:16:09 vewbox-db-1 93.94MiB / 46.79GiB
18:16:15 vewbox-asr-1 3.769GiB / 46.79GiB
18:16:15 vewbox-comfyui-1 12.91GiB / 46.79GiB
18:16:15 vewbox-tts-1 418.4MiB / 46.79GiB
18:16:15 vewbox-db-1 93.57MiB / 46.79GiB
18:16:21 vewbox-asr-1 698.7MiB / 46.79GiB
18:16:21 vewbox-comfyui-1 10.35GiB / 46.79GiB
18:16:21 vewbox-tts-1 406.1MiB / 46.79GiB
18:16:21 vewbox-db-1 80.79MiB / 46.79GiB
18:16:27 vewbox-asr-1 698.7MiB / 46.79GiB
18:16:27 vewbox-comfyui-1 10.35GiB / 46.79GiB
18:16:27 vewbox-tts-1 406.1MiB / 46.79GiB
18:16:27 vewbox-db-1 84.01MiB / 46.79GiB
18:16:33 vewbox-asr-1 698.7MiB / 46.79GiB
18:16:33 vewbox-comfyui-1 10.35GiB / 46.79GiB
18:16:33 vewbox-tts-1 406.1MiB / 46.79GiB
18:16:33 vewbox-db-1 85.79MiB / 46.79GiB
18:16:39 vewbox-asr-1 700.4MiB / 46.79GiB
18:16:39 vewbox-comfyui-1 10.35GiB / 46.79GiB
18:16:39 vewbox-tts-1 414.3MiB / 46.79GiB
18:16:39 vewbox-db-1 86.24MiB / 46.79GiB
18:16:45 vewbox-asr-1 700.3MiB / 46.79GiB
18:16:45 vewbox-comfyui-1 10.36GiB / 46.79GiB
18:16:45 vewbox-tts-1 414.3MiB / 46.79GiB
18:16:45 vewbox-db-1 86.23MiB / 46.79GiB
18:16:51 vewbox-asr-1 700.3MiB / 46.79GiB
18:16:51 vewbox-comfyui-1 10.36GiB / 46.79GiB
18:16:51 vewbox-tts-1 414.3MiB / 46.79GiB
18:16:51 vewbox-db-1 86.74MiB / 46.79GiB
18:16:57 vewbox-asr-1 702.4MiB / 46.79GiB
18:16:57 vewbox-comfyui-1 10.36GiB / 46.79GiB
18:16:57 vewbox-tts-1 414.3MiB / 46.79GiB
18:16:57 vewbox-db-1 86.79MiB / 46.79GiB
18:17:03 vewbox-asr-1 702.1MiB / 46.79GiB
18:17:03 vewbox-comfyui-1 10.36GiB / 46.79GiB
18:17:03 vewbox-tts-1 414.3MiB / 46.79GiB
18:17:03 vewbox-db-1 86.92MiB / 46.79GiB
18:17:09 vewbox-asr-1 702.1MiB / 46.79GiB
18:17:09 vewbox-comfyui-1 10.36GiB / 46.79GiB
18:17:09 vewbox-tts-1 416.8MiB / 46.79GiB
18:17:09 vewbox-db-1 87.67MiB / 46.79GiB
18:17:15 vewbox-asr-1 702.3MiB / 46.79GiB
18:17:15 vewbox-comfyui-1 10.36GiB / 46.79GiB
18:17:15 vewbox-tts-1 417MiB / 46.79GiB
18:17:15 vewbox-db-1 87.7MiB / 46.79GiB
18:17:21 vewbox-asr-1 702MiB / 46.79GiB
18:17:21 vewbox-comfyui-1 10.36GiB / 46.79GiB
18:17:21 vewbox-tts-1 417MiB / 46.79GiB
18:17:21 vewbox-db-1 88.03MiB / 46.79GiB
18:17:27 vewbox-asr-1 702MiB / 46.79GiB
18:17:27 vewbox-comfyui-1 10.36GiB / 46.79GiB
18:17:27 vewbox-tts-1 417.3MiB / 46.79GiB
18:17:27 vewbox-db-1 88.29MiB / 46.79GiB
18:17:33 vewbox-asr-1 702MiB / 46.79GiB
18:17:33 vewbox-comfyui-1 10.36GiB / 46.79GiB
18:17:33 vewbox-tts-1 417.3MiB / 46.79GiB
18:17:33 vewbox-db-1 90.5MiB / 46.79GiB
18:17:39 vewbox-asr-1 702.2MiB / 46.79GiB
18:17:39 vewbox-comfyui-1 10.36GiB / 46.79GiB
18:17:39 vewbox-tts-1 417.3MiB / 46.79GiB
18:17:39 vewbox-db-1 89.64MiB / 46.79GiB
18:17:45 vewbox-asr-1 702.1MiB / 46.79GiB
18:17:45 vewbox-comfyui-1 10.36GiB / 46.79GiB
18:17:45 vewbox-tts-1 417MiB / 46.79GiB
18:17:45 vewbox-db-1 90.5MiB / 46.79GiB
18:17:51 vewbox-asr-1 702.1MiB / 46.79GiB
18:17:51 vewbox-comfyui-1 10.36GiB / 46.79GiB
18:17:51 vewbox-tts-1 417MiB / 46.79GiB
18:17:51 vewbox-db-1 91.66MiB / 46.79GiB
18:17:57 vewbox-asr-1 702.4MiB / 46.79GiB
18:17:57 vewbox-comfyui-1 10.36GiB / 46.79GiB
18:17:57 vewbox-tts-1 417MiB / 46.79GiB
18:17:57 vewbox-db-1 91.26MiB / 46.79GiB
18:18:03 vewbox-asr-1 702.1MiB / 46.79GiB
18:18:03 vewbox-comfyui-1 10.36GiB / 46.79GiB
18:18:03 vewbox-tts-1 417MiB / 46.79GiB
18:18:03 vewbox-db-1 91.28MiB / 46.79GiB
18:18:09 vewbox-asr-1 702.1MiB / 46.79GiB
18:18:09 vewbox-comfyui-1 10.36GiB / 46.79GiB
18:18:09 vewbox-tts-1 416.9MiB / 46.79GiB
18:18:09 vewbox-db-1 91.86MiB / 46.79GiB
18:18:15 vewbox-asr-1 702.4MiB / 46.79GiB
18:18:15 vewbox-comfyui-1 10.36GiB / 46.79GiB
18:18:15 vewbox-tts-1 416.9MiB / 46.79GiB
18:18:15 vewbox-db-1 92.45MiB / 46.79GiB
18:18:21 vewbox-asr-1 702.2MiB / 46.79GiB
18:18:21 vewbox-comfyui-1 10.36GiB / 46.79GiB
18:18:21 vewbox-tts-1 416.9MiB / 46.79GiB
18:18:21 vewbox-db-1 92.7MiB / 46.79GiB
18:18:27 vewbox-asr-1 702.2MiB / 46.79GiB
18:18:27 vewbox-comfyui-1 10.36GiB / 46.79GiB
18:18:27 vewbox-tts-1 416.9MiB / 46.79GiB
18:18:27 vewbox-db-1 92.31MiB / 46.79GiB
18:18:33 vewbox-asr-1 702.2MiB / 46.79GiB
18:18:33 vewbox-comfyui-1 10.36GiB / 46.79GiB
18:18:33 vewbox-tts-1 416.9MiB / 46.79GiB
18:18:33 vewbox-db-1 92.37MiB / 46.79GiB
18:18:39 vewbox-asr-1 702.3MiB / 46.79GiB
18:18:39 vewbox-comfyui-1 10.36GiB / 46.79GiB
18:18:39 vewbox-tts-1 417.2MiB / 46.79GiB
18:18:39 vewbox-db-1 92.36MiB / 46.79GiB
18:18:45 vewbox-asr-1 702.3MiB / 46.79GiB
18:18:45 vewbox-comfyui-1 10.36GiB / 46.79GiB
18:18:45 vewbox-tts-1 417.2MiB / 46.79GiB
18:18:45 vewbox-db-1 93.13MiB / 46.79GiB
18:18:51 vewbox-asr-1 702.3MiB / 46.79GiB
18:18:51 vewbox-comfyui-1 10.36GiB / 46.79GiB
18:18:51 vewbox-tts-1 417.2MiB / 46.79GiB
18:18:51 vewbox-db-1 93.38MiB / 46.79GiB
18:18:57 vewbox-asr-1 701.8MiB / 46.79GiB
18:18:57 vewbox-comfyui-1 10.36GiB / 46.79GiB
18:18:57 vewbox-tts-1 417.2MiB / 46.79GiB
18:18:57 vewbox-db-1 93.61MiB / 46.79GiB
18:19:03 vewbox-asr-1 701.8MiB / 46.79GiB
18:19:03 vewbox-comfyui-1 10.36GiB / 46.79GiB
18:19:03 vewbox-tts-1 417.2MiB / 46.79GiB
18:19:03 vewbox-db-1 92.93MiB / 46.79GiB
18:19:09 vewbox-asr-1 701.8MiB / 46.79GiB
18:19:09 vewbox-comfyui-1 10.36GiB / 46.79GiB
18:19:09 vewbox-tts-1 417.3MiB / 46.79GiB
18:19:09 vewbox-db-1 93.21MiB / 46.79GiB
18:19:15 vewbox-asr-1 702MiB / 46.79GiB
18:19:15 vewbox-comfyui-1 10.36GiB / 46.79GiB
18:19:15 vewbox-tts-1 417.3MiB / 46.79GiB
18:19:15 vewbox-db-1 93.4MiB / 46.79GiB
18:19:21 vewbox-asr-1 701.9MiB / 46.79GiB
18:19:21 vewbox-comfyui-1 10.36GiB / 46.79GiB
18:19:21 vewbox-tts-1 417.4MiB / 46.79GiB
18:19:21 vewbox-db-1 93.91MiB / 46.79GiB
18:19:27 vewbox-asr-1 701.9MiB / 46.79GiB
18:19:27 vewbox-comfyui-1 10.36GiB / 46.79GiB
18:19:27 vewbox-tts-1 417.4MiB / 46.79GiB
18:19:27 vewbox-db-1 92.75MiB / 46.79GiB
18:19:33 vewbox-asr-1 701.9MiB / 46.79GiB
18:19:33 vewbox-comfyui-1 10.36GiB / 46.79GiB
18:19:33 vewbox-tts-1 417.4MiB / 46.79GiB
18:19:33 vewbox-db-1 93.59MiB / 46.79GiB
18:19:39 vewbox-asr-1 702.2MiB / 46.79GiB
18:19:39 vewbox-comfyui-1 10.36GiB / 46.79GiB
18:19:39 vewbox-tts-1 417.8MiB / 46.79GiB
18:19:39 vewbox-db-1 92.76MiB / 46.79GiB
18:19:45 vewbox-asr-1 702.2MiB / 46.79GiB
18:19:45 vewbox-comfyui-1 10.36GiB / 46.79GiB
18:19:45 vewbox-tts-1 417.8MiB / 46.79GiB
18:19:45 vewbox-db-1 93.83MiB / 46.79GiB
18:19:51 vewbox-asr-1 702.2MiB / 46.79GiB
18:19:51 vewbox-comfyui-1 10.36GiB / 46.79GiB
18:19:51 vewbox-tts-1 417.8MiB / 46.79GiB
18:19:51 vewbox-db-1 94.09MiB / 46.79GiB
18:19:57 vewbox-asr-1 703.2MiB / 46.79GiB
18:19:57 vewbox-comfyui-1 10.36GiB / 46.79GiB
18:19:57 vewbox-tts-1 417.8MiB / 46.79GiB
18:19:57 vewbox-db-1 93.66MiB / 46.79GiB
18:20:03 vewbox-asr-1 703MiB / 46.79GiB
18:20:03 vewbox-comfyui-1 10.36GiB / 46.79GiB
18:20:03 vewbox-tts-1 417.8MiB / 46.79GiB
18:20:03 vewbox-db-1 92.76MiB / 46.79GiB
18:20:09 vewbox-asr-1 702.8MiB / 46.79GiB
18:20:09 vewbox-comfyui-1 10.36GiB / 46.79GiB
18:20:09 vewbox-tts-1 417.6MiB / 46.79GiB
18:20:09 vewbox-db-1 93.05MiB / 46.79GiB
18:20:15 vewbox-asr-1 703.3MiB / 46.79GiB
18:20:15 vewbox-comfyui-1 10.36GiB / 46.79GiB
18:20:15 vewbox-tts-1 417.6MiB / 46.79GiB
18:20:15 vewbox-db-1 92.91MiB / 46.79GiB
18:20:21 vewbox-asr-1 703MiB / 46.79GiB
18:20:21 vewbox-comfyui-1 10.36GiB / 46.79GiB
18:20:21 vewbox-tts-1 417.6MiB / 46.79GiB
18:20:21 vewbox-db-1 93.92MiB / 46.79GiB
18:20:27 vewbox-asr-1 702.8MiB / 46.79GiB
18:20:27 vewbox-comfyui-1 10.36GiB / 46.79GiB
18:20:27 vewbox-tts-1 417.6MiB / 46.79GiB
18:20:27 vewbox-db-1 93.44MiB / 46.79GiB
18:20:33 vewbox-asr-1 702.8MiB / 46.79GiB
18:20:33 vewbox-comfyui-1 10.36GiB / 46.79GiB
18:20:33 vewbox-tts-1 417.6MiB / 46.79GiB
18:20:33 vewbox-db-1 93.39MiB / 46.79GiB
18:20:39 vewbox-asr-1 702.6MiB / 46.79GiB
18:20:39 vewbox-comfyui-1 10.36GiB / 46.79GiB
18:20:39 vewbox-tts-1 417.4MiB / 46.79GiB
18:20:39 vewbox-db-1 93.18MiB / 46.79GiB
18:20:45 vewbox-asr-1 3.589GiB / 46.79GiB
18:20:45 vewbox-comfyui-1 10.36GiB / 46.79GiB
18:20:45 vewbox-tts-1 417.4MiB / 46.79GiB
18:20:45 vewbox-db-1 93.36MiB / 46.79GiB
18:20:51 vewbox-asr-1 1.122GiB / 46.79GiB
18:20:51 vewbox-comfyui-1 10.36GiB / 46.79GiB
18:20:51 vewbox-tts-1 417.4MiB / 46.79GiB
18:20:51 vewbox-db-1 93.23MiB / 46.79GiB
18:20:57 vewbox-asr-1 1.122GiB / 46.79GiB
18:20:57 vewbox-comfyui-1 10.36GiB / 46.79GiB
18:20:57 vewbox-tts-1 417.4MiB / 46.79GiB
18:20:57 vewbox-db-1 93.21MiB / 46.79GiB
18:21:03 vewbox-asr-1 1.122GiB / 46.79GiB
18:21:03 vewbox-comfyui-1 10.36GiB / 46.79GiB
18:21:03 vewbox-tts-1 417.4MiB / 46.79GiB
18:21:03 vewbox-db-1 93.16MiB / 46.79GiB
18:21:09 vewbox-asr-1 1.123GiB / 46.79GiB
18:21:09 vewbox-comfyui-1 10.36GiB / 46.79GiB
18:21:09 vewbox-tts-1 417.7MiB / 46.79GiB
18:21:09 vewbox-db-1 93.02MiB / 46.79GiB
18:21:15 vewbox-asr-1 1.123GiB / 46.79GiB
18:21:15 vewbox-comfyui-1 10.36GiB / 46.79GiB
18:21:15 vewbox-tts-1 417.7MiB / 46.79GiB
18:21:15 vewbox-db-1 93.38MiB / 46.79GiB
18:21:21 vewbox-asr-1 1.122GiB / 46.79GiB
18:21:21 vewbox-comfyui-1 10.36GiB / 46.79GiB
18:21:21 vewbox-tts-1 417.7MiB / 46.79GiB
18:21:21 vewbox-db-1 93.08MiB / 46.79GiB
18:21:27 vewbox-asr-1 1.122GiB / 46.79GiB
18:21:27 vewbox-comfyui-1 10.36GiB / 46.79GiB
18:21:27 vewbox-tts-1 417.7MiB / 46.79GiB
18:21:27 vewbox-db-1 93.93MiB / 46.79GiB
18:21:33 vewbox-asr-1 1.069GiB / 46.79GiB
18:21:33 vewbox-comfyui-1 10.35GiB / 46.79GiB
18:21:33 vewbox-tts-1 405.7MiB / 46.79GiB
18:21:33 vewbox-db-1 85.04MiB / 46.79GiB
18:21:39 vewbox-asr-1 1.071GiB / 46.79GiB
18:21:39 vewbox-comfyui-1 10.35GiB / 46.79GiB
18:21:39 vewbox-tts-1 413.6MiB / 46.79GiB
18:21:39 vewbox-db-1 88.27MiB / 46.79GiB
18:21:45 vewbox-asr-1 1.071GiB / 46.79GiB
18:21:45 vewbox-comfyui-1 10.35GiB / 46.79GiB
18:21:45 vewbox-tts-1 413.8MiB / 46.79GiB
18:21:45 vewbox-db-1 89.13MiB / 46.79GiB
18:21:51 vewbox-asr-1 1.071GiB / 46.79GiB
18:21:51 vewbox-comfyui-1 10.35GiB / 46.79GiB
18:21:51 vewbox-tts-1 413.8MiB / 46.79GiB
18:21:51 vewbox-db-1 89.23MiB / 46.79GiB
18:21:57 vewbox-asr-1 1.073GiB / 46.79GiB
18:21:57 vewbox-comfyui-1 10.35GiB / 46.79GiB
18:21:57 vewbox-tts-1 414.4MiB / 46.79GiB
18:21:57 vewbox-db-1 89.8MiB / 46.79GiB
18:22:03 vewbox-asr-1 1.073GiB / 46.79GiB
18:22:03 vewbox-comfyui-1 10.36GiB / 46.79GiB
18:22:03 vewbox-tts-1 414.4MiB / 46.79GiB
18:22:03 vewbox-db-1 89.6MiB / 46.79GiB
18:22:09 vewbox-asr-1 1.073GiB / 46.79GiB
18:22:09 vewbox-comfyui-1 10.36GiB / 46.79GiB
18:22:09 vewbox-tts-1 416.9MiB / 46.79GiB
18:22:09 vewbox-db-1 90.33MiB / 46.79GiB
18:22:15 vewbox-asr-1 1.073GiB / 46.79GiB
18:22:15 vewbox-comfyui-1 10.36GiB / 46.79GiB
18:22:15 vewbox-tts-1 416.7MiB / 46.79GiB
18:22:15 vewbox-db-1 90.25MiB / 46.79GiB
18:22:21 vewbox-asr-1 1.073GiB / 46.79GiB
18:22:21 vewbox-comfyui-1 10.36GiB / 46.79GiB
18:22:21 vewbox-tts-1 416.7MiB / 46.79GiB
18:22:21 vewbox-db-1 90.52MiB / 46.79GiB
18:22:27 vewbox-asr-1 1.072GiB / 46.79GiB
18:22:27 vewbox-comfyui-1 10.36GiB / 46.79GiB
18:22:27 vewbox-tts-1 416.7MiB / 46.79GiB
18:22:27 vewbox-db-1 90.34MiB / 46.79GiB
18:22:33 vewbox-asr-1 1.072GiB / 46.79GiB
18:22:33 vewbox-comfyui-1 10.36GiB / 46.79GiB
18:22:33 vewbox-tts-1 416.7MiB / 46.79GiB
18:22:33 vewbox-db-1 90.51MiB / 46.79GiB
18:22:39 vewbox-asr-1 1.073GiB / 46.79GiB
18:22:39 vewbox-comfyui-1 10.36GiB / 46.79GiB
18:22:39 vewbox-tts-1 416.6MiB / 46.79GiB
18:22:39 vewbox-db-1 91.14MiB / 46.79GiB
18:22:45 vewbox-asr-1 1.073GiB / 46.79GiB
18:22:45 vewbox-comfyui-1 10.36GiB / 46.79GiB
18:22:45 vewbox-tts-1 416.6MiB / 46.79GiB
18:22:45 vewbox-db-1 90.58MiB / 46.79GiB
18:22:51 vewbox-asr-1 1.069GiB / 46.79GiB
18:22:51 vewbox-comfyui-1 10.35GiB / 46.79GiB
18:22:51 vewbox-tts-1 405.4MiB / 46.79GiB
18:22:51 vewbox-db-1 84.58MiB / 46.79GiB
18:22:57 vewbox-asr-1 1.072GiB / 46.79GiB
18:22:57 vewbox-comfyui-1 10.35GiB / 46.79GiB
18:22:57 vewbox-tts-1 405.4MiB / 46.79GiB
18:22:57 vewbox-db-1 87.55MiB / 46.79GiB
18:23:03 vewbox-asr-1 1.072GiB / 46.79GiB
18:23:03 vewbox-comfyui-1 10.35GiB / 46.79GiB
18:23:03 vewbox-tts-1 405.4MiB / 46.79GiB
18:23:03 vewbox-db-1 89.25MiB / 46.79GiB
18:23:09 vewbox-asr-1 1.077GiB / 46.79GiB
18:23:09 vewbox-comfyui-1 10.35GiB / 46.79GiB
18:23:09 vewbox-tts-1 407.9MiB / 46.79GiB
18:23:09 vewbox-db-1 89.36MiB / 46.79GiB
18:23:15 vewbox-asr-1 1.084GiB / 46.79GiB
18:23:15 vewbox-comfyui-1 10.35GiB / 46.79GiB
18:23:15 vewbox-tts-1 407.7MiB / 46.79GiB
18:23:15 vewbox-db-1 89.89MiB / 46.79GiB
18:23:21 vewbox-asr-1 1.08GiB / 46.79GiB
18:23:21 vewbox-comfyui-1 10.36GiB / 46.79GiB
18:23:21 vewbox-tts-1 407.7MiB / 46.79GiB
18:23:21 vewbox-db-1 90.07MiB / 46.79GiB
18:23:27 vewbox-asr-1 1.08GiB / 46.79GiB
18:23:27 vewbox-comfyui-1 10.36GiB / 46.79GiB
18:23:27 vewbox-tts-1 407.7MiB / 46.79GiB
18:23:27 vewbox-db-1 90.06MiB / 46.79GiB
18:23:33 vewbox-asr-1 1.08GiB / 46.79GiB
18:23:33 vewbox-comfyui-1 10.36GiB / 46.79GiB
18:23:33 vewbox-tts-1 407.7MiB / 46.79GiB
18:23:33 vewbox-db-1 90.06MiB / 46.79GiB
18:23:39 vewbox-asr-1 1.08GiB / 46.79GiB
18:23:39 vewbox-comfyui-1 10.36GiB / 46.79GiB
18:23:39 vewbox-tts-1 409.8MiB / 46.79GiB
18:23:39 vewbox-db-1 89.66MiB / 46.79GiB
18:23:45 vewbox-asr-1 1.08GiB / 46.79GiB
18:23:45 vewbox-comfyui-1 10.36GiB / 46.79GiB
18:23:45 vewbox-tts-1 409.8MiB / 46.79GiB
18:23:45 vewbox-db-1 89.87MiB / 46.79GiB
18:23:51 vewbox-asr-1 1.08GiB / 46.79GiB
18:23:51 vewbox-comfyui-1 10.36GiB / 46.79GiB
18:23:51 vewbox-tts-1 409.8MiB / 46.79GiB
18:23:51 vewbox-db-1 90.47MiB / 46.79GiB
18:23:57 vewbox-asr-1 1.081GiB / 46.79GiB
18:23:57 vewbox-comfyui-1 10.36GiB / 46.79GiB
18:23:57 vewbox-tts-1 409.8MiB / 46.79GiB
18:23:57 vewbox-db-1 90.44MiB / 46.79GiB
18:24:03 vewbox-asr-1 1.081GiB / 46.79GiB
18:24:03 vewbox-comfyui-1 10.36GiB / 46.79GiB
18:24:03 vewbox-tts-1 409.8MiB / 46.79GiB
18:24:03 vewbox-db-1 90.54MiB / 46.79GiB
18:24:09 vewbox-asr-1 1.081GiB / 46.79GiB
18:24:09 vewbox-comfyui-1 10.36GiB / 46.79GiB
18:24:09 vewbox-tts-1 409.5MiB / 46.79GiB
18:24:09 vewbox-db-1 91.34MiB / 46.79GiB
18:24:15 vewbox-asr-1 1.086GiB / 46.79GiB
18:24:15 vewbox-comfyui-1 10.36GiB / 46.79GiB
18:24:15 vewbox-tts-1 409.4MiB / 46.79GiB
18:24:15 vewbox-db-1 90.91MiB / 46.79GiB
18:24:21 vewbox-asr-1 1.081GiB / 46.79GiB
18:24:21 vewbox-comfyui-1 10.36GiB / 46.79GiB
18:24:21 vewbox-tts-1 409.4MiB / 46.79GiB
18:24:21 vewbox-db-1 90.94MiB / 46.79GiB
18:24:27 vewbox-asr-1 1.081GiB / 46.79GiB
18:24:27 vewbox-comfyui-1 10.36GiB / 46.79GiB
18:24:27 vewbox-tts-1 409.4MiB / 46.79GiB
18:24:27 vewbox-db-1 91.66MiB / 46.79GiB
18:24:33 vewbox-asr-1 1.081GiB / 46.79GiB
18:24:33 vewbox-comfyui-1 10.36GiB / 46.79GiB
18:24:33 vewbox-tts-1 409.4MiB / 46.79GiB
18:24:33 vewbox-db-1 91.47MiB / 46.79GiB
18:24:39 vewbox-asr-1 1.08GiB / 46.79GiB
18:24:39 vewbox-comfyui-1 10.36GiB / 46.79GiB
18:24:39 vewbox-tts-1 408.9MiB / 46.79GiB
18:24:39 vewbox-db-1 91.61MiB / 46.79GiB
18:24:45 vewbox-asr-1 1.08GiB / 46.79GiB
18:24:45 vewbox-comfyui-1 10.36GiB / 46.79GiB
18:24:45 vewbox-tts-1 408.9MiB / 46.79GiB
18:24:45 vewbox-db-1 91.54MiB / 46.79GiB
18:24:51 vewbox-asr-1 1.08GiB / 46.79GiB
18:24:51 vewbox-comfyui-1 10.36GiB / 46.79GiB
18:24:51 vewbox-tts-1 408.9MiB / 46.79GiB
18:24:51 vewbox-db-1 91.44MiB / 46.79GiB
18:24:57 vewbox-asr-1 1.08GiB / 46.79GiB
18:24:57 vewbox-comfyui-1 10.36GiB / 46.79GiB
18:24:57 vewbox-tts-1 408.9MiB / 46.79GiB
18:24:57 vewbox-db-1 91.39MiB / 46.79GiB
18:25:03 vewbox-asr-1 1.08GiB / 46.79GiB
18:25:03 vewbox-comfyui-1 10.36GiB / 46.79GiB
18:25:03 vewbox-tts-1 408.9MiB / 46.79GiB
18:25:03 vewbox-db-1 91.05MiB / 46.79GiB
18:25:09 vewbox-asr-1 1.08GiB / 46.79GiB
18:25:09 vewbox-comfyui-1 10.36GiB / 46.79GiB
18:25:09 vewbox-tts-1 408.7MiB / 46.79GiB
18:25:09 vewbox-db-1 92.14MiB / 46.79GiB
18:25:15 vewbox-asr-1 1.08GiB / 46.79GiB
18:25:15 vewbox-comfyui-1 10.36GiB / 46.79GiB
18:25:15 vewbox-tts-1 408.7MiB / 46.79GiB
18:25:15 vewbox-db-1 91.77MiB / 46.79GiB
18:25:21 vewbox-asr-1 1.08GiB / 46.79GiB
18:25:21 vewbox-comfyui-1 10.36GiB / 46.79GiB
18:25:21 vewbox-tts-1 408.7MiB / 46.79GiB
18:25:21 vewbox-db-1 92.12MiB / 46.79GiB
18:25:27 vewbox-asr-1 1.08GiB / 46.79GiB
18:25:27 vewbox-comfyui-1 10.36GiB / 46.79GiB
18:25:27 vewbox-tts-1 408.7MiB / 46.79GiB
18:25:27 vewbox-db-1 91.91MiB / 46.79GiB
18:25:33 vewbox-asr-1 1.08GiB / 46.79GiB
18:25:33 vewbox-comfyui-1 10.36GiB / 46.79GiB
18:25:33 vewbox-tts-1 408.7MiB / 46.79GiB
18:25:33 vewbox-db-1 91.88MiB / 46.79GiB
18:25:39 vewbox-asr-1 1.08GiB / 46.79GiB
18:25:39 vewbox-comfyui-1 10.36GiB / 46.79GiB
18:25:39 vewbox-tts-1 408.8MiB / 46.79GiB
18:25:39 vewbox-db-1 91.07MiB / 46.79GiB
18:25:45 vewbox-asr-1 1.08GiB / 46.79GiB
18:25:45 vewbox-comfyui-1 10.36GiB / 46.79GiB
18:25:45 vewbox-tts-1 408.8MiB / 46.79GiB
18:25:45 vewbox-db-1 92.27MiB / 46.79GiB
18:25:51 vewbox-asr-1 1.08GiB / 46.79GiB
18:25:51 vewbox-comfyui-1 10.36GiB / 46.79GiB
18:25:51 vewbox-tts-1 408.8MiB / 46.79GiB
18:25:51 vewbox-db-1 92.05MiB / 46.79GiB
18:25:57 vewbox-asr-1 1.08GiB / 46.79GiB
18:25:57 vewbox-comfyui-1 10.36GiB / 46.79GiB
18:25:57 vewbox-tts-1 408.8MiB / 46.79GiB
18:25:57 vewbox-db-1 92.19MiB / 46.79GiB
18:26:03 vewbox-asr-1 1.08GiB / 46.79GiB
18:26:03 vewbox-comfyui-1 10.36GiB / 46.79GiB
18:26:03 vewbox-tts-1 408.8MiB / 46.79GiB
18:26:03 vewbox-db-1 91.62MiB / 46.79GiB
18:26:09 vewbox-asr-1 1.08GiB / 46.79GiB
18:26:09 vewbox-comfyui-1 10.36GiB / 46.79GiB
18:26:09 vewbox-tts-1 408.9MiB / 46.79GiB
18:26:09 vewbox-db-1 91.99MiB / 46.79GiB
18:26:15 vewbox-asr-1 1.08GiB / 46.79GiB
18:26:15 vewbox-comfyui-1 10.36GiB / 46.79GiB
18:26:15 vewbox-tts-1 408.9MiB / 46.79GiB
18:26:15 vewbox-db-1 92.51MiB / 46.79GiB
18:26:21 vewbox-asr-1 1.08GiB / 46.79GiB
18:26:21 vewbox-comfyui-1 10.36GiB / 46.79GiB
18:26:21 vewbox-tts-1 408.9MiB / 46.79GiB
18:26:21 vewbox-db-1 92.18MiB / 46.79GiB
18:26:27 vewbox-asr-1 1.08GiB / 46.79GiB
18:26:27 vewbox-comfyui-1 10.36GiB / 46.79GiB
18:26:27 vewbox-tts-1 408.9MiB / 46.79GiB
18:26:27 vewbox-db-1 86.41MiB / 46.79GiB
18:26:33 vewbox-asr-1 1.08GiB / 46.79GiB
18:26:33 vewbox-comfyui-1 10.36GiB / 46.79GiB
18:26:33 vewbox-tts-1 408.9MiB / 46.79GiB
18:26:33 vewbox-db-1 88.76MiB / 46.79GiB
18:26:39 vewbox-asr-1 1.081GiB / 46.79GiB
18:26:39 vewbox-comfyui-1 10.36GiB / 46.79GiB
18:26:39 vewbox-tts-1 409MiB / 46.79GiB
18:26:39 vewbox-db-1 90.16MiB / 46.79GiB
18:26:45 vewbox-asr-1 1.081GiB / 46.79GiB
18:26:45 vewbox-comfyui-1 10.36GiB / 46.79GiB
18:26:45 vewbox-tts-1 409MiB / 46.79GiB
18:26:45 vewbox-db-1 93.95MiB / 46.79GiB
18:26:51 vewbox-asr-1 1.081GiB / 46.79GiB
18:26:51 vewbox-comfyui-1 10.36GiB / 46.79GiB
18:26:51 vewbox-tts-1 409MiB / 46.79GiB
18:26:51 vewbox-db-1 91.41MiB / 46.79GiB
18:26:57 vewbox-asr-1 1.081GiB / 46.79GiB
18:26:57 vewbox-comfyui-1 10.36GiB / 46.79GiB
18:26:57 vewbox-tts-1 409MiB / 46.79GiB
18:26:57 vewbox-db-1 90.92MiB / 46.79GiB
18:27:03 vewbox-asr-1 1.08GiB / 46.79GiB
18:27:03 vewbox-comfyui-1 10.36GiB / 46.79GiB
18:27:03 vewbox-tts-1 409MiB / 46.79GiB
18:27:03 vewbox-db-1 90.98MiB / 46.79GiB
18:27:09 vewbox-asr-1 1.08GiB / 46.79GiB
18:27:09 vewbox-comfyui-1 10.36GiB / 46.79GiB
18:27:09 vewbox-tts-1 409MiB / 46.79GiB
18:27:09 vewbox-db-1 91.05MiB / 46.79GiB
18:27:15 vewbox-asr-1 1.08GiB / 46.79GiB
18:27:15 vewbox-comfyui-1 10.36GiB / 46.79GiB
18:27:15 vewbox-tts-1 409MiB / 46.79GiB
18:27:15 vewbox-db-1 91.16MiB / 46.79GiB
18:27:21 vewbox-asr-1 1.081GiB / 46.79GiB
18:27:21 vewbox-comfyui-1 10.36GiB / 46.79GiB
18:27:21 vewbox-tts-1 409MiB / 46.79GiB
18:27:21 vewbox-db-1 88.6MiB / 46.79GiB
18:27:27 vewbox-asr-1 1.081GiB / 46.79GiB
18:27:27 vewbox-comfyui-1 10.36GiB / 46.79GiB
18:27:27 vewbox-tts-1 409MiB / 46.79GiB
18:27:27 vewbox-db-1 90.7MiB / 46.79GiB
18:27:33 vewbox-asr-1 1.081GiB / 46.79GiB
18:27:33 vewbox-comfyui-1 10.36GiB / 46.79GiB
18:27:33 vewbox-tts-1 409MiB / 46.79GiB
18:27:33 vewbox-db-1 90.02MiB / 46.79GiB
18:27:39 vewbox-asr-1 1.081GiB / 46.79GiB
18:27:39 vewbox-comfyui-1 10.36GiB / 46.79GiB
18:27:39 vewbox-tts-1 409MiB / 46.79GiB
18:27:39 vewbox-db-1 90.07MiB / 46.79GiB
18:27:45 vewbox-asr-1 1.081GiB / 46.79GiB
18:27:45 vewbox-comfyui-1 10.36GiB / 46.79GiB
18:27:45 vewbox-tts-1 409MiB / 46.79GiB
18:27:45 vewbox-db-1 90.19MiB / 46.79GiB
18:27:51 vewbox-asr-1 1.081GiB / 46.79GiB
18:27:51 vewbox-comfyui-1 10.36GiB / 46.79GiB
18:27:51 vewbox-tts-1 409MiB / 46.79GiB
18:27:51 vewbox-db-1 90.66MiB / 46.79GiB
18:27:57 vewbox-asr-1 1.081GiB / 46.79GiB
18:27:57 vewbox-comfyui-1 10.36GiB / 46.79GiB
18:27:57 vewbox-tts-1 409MiB / 46.79GiB
18:27:57 vewbox-db-1 90.15MiB / 46.79GiB
18:28:03 vewbox-asr-1 1.081GiB / 46.79GiB
18:28:03 vewbox-comfyui-1 10.36GiB / 46.79GiB
18:28:03 vewbox-tts-1 409MiB / 46.79GiB
18:28:03 vewbox-db-1 89.88MiB / 46.79GiB
18:28:09 vewbox-asr-1 1.081GiB / 46.79GiB
18:28:09 vewbox-comfyui-1 10.36GiB / 46.79GiB
18:28:09 vewbox-tts-1 409.1MiB / 46.79GiB
18:28:09 vewbox-db-1 90.13MiB / 46.79GiB
18:28:15 vewbox-asr-1 1.081GiB / 46.79GiB
18:28:15 vewbox-comfyui-1 6.863GiB / 46.79GiB
18:28:15 vewbox-tts-1 408.8MiB / 46.79GiB
18:28:15 vewbox-db-1 90.83MiB / 46.79GiB
18:28:21 vewbox-asr-1 1.081GiB / 46.79GiB
18:28:21 vewbox-comfyui-1 13.14GiB / 46.79GiB
18:28:21 vewbox-tts-1 408.8MiB / 46.79GiB
18:28:21 vewbox-db-1 91.07MiB / 46.79GiB
18:28:27 vewbox-asr-1 1.081GiB / 46.79GiB
18:28:27 vewbox-comfyui-1 21.55GiB / 46.79GiB
18:28:27 vewbox-tts-1 408.8MiB / 46.79GiB
18:28:27 vewbox-db-1 90.96MiB / 46.79GiB
18:28:33 vewbox-asr-1 1.081GiB / 46.79GiB
18:28:33 vewbox-comfyui-1 28.84GiB / 46.79GiB
18:28:33 vewbox-tts-1 408.8MiB / 46.79GiB
18:28:33 vewbox-db-1 90.79MiB / 46.79GiB
18:28:39 vewbox-asr-1 1.081GiB / 46.79GiB
18:28:39 vewbox-comfyui-1 29.75GiB / 46.79GiB
18:28:39 vewbox-tts-1 408.8MiB / 46.79GiB
18:28:39 vewbox-db-1 91MiB / 46.79GiB
18:28:45 vewbox-asr-1 1.081GiB / 46.79GiB
18:28:45 vewbox-comfyui-1 8.705GiB / 46.79GiB
18:28:45 vewbox-tts-1 408.8MiB / 46.79GiB
18:28:45 vewbox-db-1 93.51MiB / 46.79GiB
18:28:51 vewbox-asr-1 1.081GiB / 46.79GiB
18:28:51 vewbox-comfyui-1 5.422GiB / 46.79GiB
18:28:51 vewbox-tts-1 408.8MiB / 46.79GiB
18:28:51 vewbox-db-1 92.37MiB / 46.79GiB
18:28:57 vewbox-asr-1 1.081GiB / 46.79GiB
18:28:57 vewbox-comfyui-1 13.67GiB / 46.79GiB
18:28:57 vewbox-tts-1 408.8MiB / 46.79GiB
18:28:57 vewbox-db-1 92.04MiB / 46.79GiB
18:29:03 vewbox-asr-1 1.081GiB / 46.79GiB
18:29:03 vewbox-comfyui-1 22.74GiB / 46.79GiB
18:29:03 vewbox-tts-1 408.8MiB / 46.79GiB
18:29:03 vewbox-db-1 92.14MiB / 46.79GiB
18:29:09 vewbox-asr-1 1.081GiB / 46.79GiB
18:29:09 vewbox-comfyui-1 30.52GiB / 46.79GiB
18:29:09 vewbox-tts-1 408.6MiB / 46.79GiB
18:29:09 vewbox-db-1 92.77MiB / 46.79GiB
18:29:15 vewbox-asr-1 1.081GiB / 46.79GiB
18:29:15 vewbox-comfyui-1 31.12GiB / 46.79GiB
18:29:15 vewbox-tts-1 408.6MiB / 46.79GiB
18:29:15 vewbox-db-1 93.04MiB / 46.79GiB
18:29:21 vewbox-asr-1 1.08GiB / 46.79GiB
18:29:21 vewbox-comfyui-1 9.046GiB / 46.79GiB
18:29:21 vewbox-tts-1 408.6MiB / 46.79GiB
18:29:21 vewbox-db-1 93.02MiB / 46.79GiB
18:29:27 vewbox-asr-1 1.08GiB / 46.79GiB
18:29:27 vewbox-comfyui-1 5.446GiB / 46.79GiB
18:29:27 vewbox-tts-1 408.6MiB / 46.79GiB
18:29:27 vewbox-db-1 92.57MiB / 46.79GiB
18:29:33 vewbox-asr-1 1.08GiB / 46.79GiB
18:29:33 vewbox-comfyui-1 12.61GiB / 46.79GiB
18:29:33 vewbox-tts-1 408.6MiB / 46.79GiB
18:29:33 vewbox-db-1 93.2MiB / 46.79GiB
18:29:39 vewbox-asr-1 1.08GiB / 46.79GiB
18:29:39 vewbox-comfyui-1 22.13GiB / 46.79GiB
18:29:39 vewbox-tts-1 408.8MiB / 46.79GiB
18:29:39 vewbox-db-1 92.89MiB / 46.79GiB
18:29:45 vewbox-asr-1 1.08GiB / 46.79GiB
18:29:45 vewbox-comfyui-1 30.43GiB / 46.79GiB
18:29:45 vewbox-tts-1 408.8MiB / 46.79GiB
18:29:45 vewbox-db-1 92.77MiB / 46.79GiB
18:29:51 vewbox-asr-1 1.08GiB / 46.79GiB
18:29:51 vewbox-comfyui-1 31.93GiB / 46.79GiB
18:29:51 vewbox-tts-1 408.8MiB / 46.79GiB
18:29:51 vewbox-db-1 93.04MiB / 46.79GiB
18:29:57 vewbox-asr-1 1.081GiB / 46.79GiB
18:29:57 vewbox-comfyui-1 8.702GiB / 46.79GiB
18:29:57 vewbox-tts-1 408.8MiB / 46.79GiB
18:29:57 vewbox-db-1 92.71MiB / 46.79GiB
18:30:03 vewbox-asr-1 1.081GiB / 46.79GiB
18:30:03 vewbox-comfyui-1 6.888GiB / 46.79GiB
18:30:03 vewbox-tts-1 408.8MiB / 46.79GiB
18:30:03 vewbox-db-1 93.49MiB / 46.79GiB
18:30:09 vewbox-asr-1 1.081GiB / 46.79GiB
18:30:09 vewbox-comfyui-1 12.57GiB / 46.79GiB
18:30:09 vewbox-tts-1 408.7MiB / 46.79GiB
18:30:09 vewbox-db-1 93.93MiB / 46.79GiB
18:30:15 vewbox-asr-1 1.081GiB / 46.79GiB
18:30:15 vewbox-comfyui-1 21.47GiB / 46.79GiB
18:30:15 vewbox-tts-1 408.7MiB / 46.79GiB
18:30:15 vewbox-db-1 93.14MiB / 46.79GiB
18:30:21 vewbox-asr-1 1.081GiB / 46.79GiB
18:30:21 vewbox-comfyui-1 28.76GiB / 46.79GiB
18:30:21 vewbox-tts-1 408.7MiB / 46.79GiB
18:30:21 vewbox-db-1 92.95MiB / 46.79GiB
18:30:27 vewbox-asr-1 1.081GiB / 46.79GiB
18:30:27 vewbox-comfyui-1 31.98GiB / 46.79GiB
18:30:27 vewbox-tts-1 408.7MiB / 46.79GiB
18:30:27 vewbox-db-1 93.75MiB / 46.79GiB
18:30:33 vewbox-asr-1 1.081GiB / 46.79GiB
18:30:33 vewbox-comfyui-1 7.962GiB / 46.79GiB
18:30:33 vewbox-tts-1 408.7MiB / 46.79GiB
18:30:33 vewbox-db-1 93.05MiB / 46.79GiB
18:30:39 vewbox-asr-1 1.08GiB / 46.79GiB
18:30:39 vewbox-comfyui-1 12.54GiB / 46.79GiB
18:30:39 vewbox-tts-1 408.7MiB / 46.79GiB
18:30:39 vewbox-db-1 93.26MiB / 46.79GiB
18:30:45 vewbox-asr-1 1.08GiB / 46.79GiB
18:30:45 vewbox-comfyui-1 12.54GiB / 46.79GiB
18:30:45 vewbox-tts-1 408.7MiB / 46.79GiB
18:30:45 vewbox-db-1 93.42MiB / 46.79GiB
18:30:51 vewbox-asr-1 1.08GiB / 46.79GiB
18:30:51 vewbox-comfyui-1 12.54GiB / 46.79GiB
18:30:51 vewbox-tts-1 408.7MiB / 46.79GiB
18:30:51 vewbox-db-1 93.63MiB / 46.79GiB
18:30:57 vewbox-asr-1 1.081GiB / 46.79GiB
18:30:57 vewbox-comfyui-1 12.54GiB / 46.79GiB
18:30:57 vewbox-tts-1 408.7MiB / 46.79GiB
18:30:57 vewbox-db-1 93.01MiB / 46.79GiB
18:31:03 vewbox-asr-1 1.081GiB / 46.79GiB
18:31:03 vewbox-comfyui-1 12.54GiB / 46.79GiB
18:31:03 vewbox-tts-1 408.7MiB / 46.79GiB
18:31:03 vewbox-db-1 93.09MiB / 46.79GiB
18:31:09 vewbox-asr-1 1.081GiB / 46.79GiB
18:31:09 vewbox-comfyui-1 12.54GiB / 46.79GiB
18:31:09 vewbox-tts-1 408.9MiB / 46.79GiB
18:31:09 vewbox-db-1 93.69MiB / 46.79GiB
18:31:15 vewbox-asr-1 1.081GiB / 46.79GiB
18:31:15 vewbox-comfyui-1 12.54GiB / 46.79GiB
18:31:15 vewbox-tts-1 408.7MiB / 46.79GiB
18:31:15 vewbox-db-1 93.32MiB / 46.79GiB
18:31:21 vewbox-asr-1 1.08GiB / 46.79GiB
18:31:21 vewbox-comfyui-1 12.54GiB / 46.79GiB
18:31:21 vewbox-tts-1 408.7MiB / 46.79GiB
18:31:21 vewbox-db-1 93.53MiB / 46.79GiB
18:31:27 vewbox-asr-1 1.08GiB / 46.79GiB
18:31:27 vewbox-comfyui-1 12.54GiB / 46.79GiB
18:31:27 vewbox-tts-1 408.7MiB / 46.79GiB
18:31:27 vewbox-db-1 94.01MiB / 46.79GiB
18:31:33 vewbox-asr-1 1.08GiB / 46.79GiB
18:31:33 vewbox-comfyui-1 12.54GiB / 46.79GiB
18:31:33 vewbox-tts-1 408.7MiB / 46.79GiB
18:31:33 vewbox-db-1 93.61MiB / 46.79GiB
18:31:39 vewbox-asr-1 1.08GiB / 46.79GiB
18:31:39 vewbox-comfyui-1 12.54GiB / 46.79GiB
18:31:39 vewbox-tts-1 409.1MiB / 46.79GiB
18:31:39 vewbox-db-1 93.52MiB / 46.79GiB
18:31:45 vewbox-asr-1 1.08GiB / 46.79GiB
18:31:45 vewbox-comfyui-1 12.54GiB / 46.79GiB
18:31:45 vewbox-tts-1 409MiB / 46.79GiB
18:31:45 vewbox-db-1 93.62MiB / 46.79GiB
18:31:51 vewbox-asr-1 1.08GiB / 46.79GiB
18:31:51 vewbox-comfyui-1 12.54GiB / 46.79GiB
18:31:51 vewbox-tts-1 409MiB / 46.79GiB
18:31:51 vewbox-db-1 93.54MiB / 46.79GiB
18:31:57 vewbox-asr-1 1.081GiB / 46.79GiB
18:31:57 vewbox-comfyui-1 12.54GiB / 46.79GiB
18:31:57 vewbox-tts-1 409MiB / 46.79GiB
18:31:57 vewbox-db-1 94.04MiB / 46.79GiB
18:32:03 vewbox-asr-1 1.081GiB / 46.79GiB
18:32:03 vewbox-comfyui-1 12.54GiB / 46.79GiB
18:32:03 vewbox-tts-1 409MiB / 46.79GiB
18:32:03 vewbox-db-1 93.99MiB / 46.79GiB
18:32:09 vewbox-asr-1 1.081GiB / 46.79GiB
18:32:09 vewbox-comfyui-1 12.54GiB / 46.79GiB
18:32:09 vewbox-tts-1 409.6MiB / 46.79GiB
18:32:09 vewbox-db-1 93.75MiB / 46.79GiB
18:32:15 vewbox-asr-1 1.081GiB / 46.79GiB
18:32:15 vewbox-comfyui-1 12.54GiB / 46.79GiB
18:32:15 vewbox-tts-1 409.4MiB / 46.79GiB
18:32:15 vewbox-db-1 93.15MiB / 46.79GiB
18:32:21 vewbox-asr-1 1.081GiB / 46.79GiB
18:32:21 vewbox-comfyui-1 12.54GiB / 46.79GiB
18:32:21 vewbox-tts-1 409.4MiB / 46.79GiB
18:32:21 vewbox-db-1 93.4MiB / 46.79GiB
18:32:27 vewbox-asr-1 1.081GiB / 46.79GiB
18:32:27 vewbox-comfyui-1 3.993GiB / 46.79GiB
18:32:27 vewbox-tts-1 409.4MiB / 46.79GiB
18:32:27 vewbox-db-1 94.41MiB / 46.79GiB
18:32:33 vewbox-asr-1 1.081GiB / 46.79GiB
18:32:33 vewbox-comfyui-1 11.96GiB / 46.79GiB
18:32:33 vewbox-tts-1 409.4MiB / 46.79GiB
18:32:33 vewbox-db-1 93.37MiB / 46.79GiB
18:32:39 vewbox-asr-1 1.081GiB / 46.79GiB
18:32:39 vewbox-comfyui-1 18.83GiB / 46.79GiB
18:32:39 vewbox-tts-1 409.2MiB / 46.79GiB
18:32:39 vewbox-db-1 94.24MiB / 46.79GiB
18:32:46 vewbox-asr-1 1.081GiB / 46.79GiB
18:32:46 vewbox-comfyui-1 28.08GiB / 46.79GiB
18:32:46 vewbox-tts-1 409.2MiB / 46.79GiB
18:32:46 vewbox-db-1 93.68MiB / 46.79GiB
18:32:51 vewbox-asr-1 1.081GiB / 46.79GiB
18:32:51 vewbox-comfyui-1 31.98GiB / 46.79GiB
18:32:51 vewbox-tts-1 409.2MiB / 46.79GiB
18:32:51 vewbox-db-1 93.95MiB / 46.79GiB
18:32:57 vewbox-asr-1 1.081GiB / 46.79GiB
18:32:57 vewbox-comfyui-1 5.748GiB / 46.79GiB
18:32:57 vewbox-tts-1 409.2MiB / 46.79GiB
18:32:57 vewbox-db-1 93.7MiB / 46.79GiB
18:33:03 vewbox-asr-1 1.081GiB / 46.79GiB
18:33:03 vewbox-comfyui-1 8.833GiB / 46.79GiB
18:33:03 vewbox-tts-1 409.2MiB / 46.79GiB
18:33:03 vewbox-db-1 94.52MiB / 46.79GiB
18:33:09 vewbox-asr-1 1.081GiB / 46.79GiB
18:33:09 vewbox-comfyui-1 11.96GiB / 46.79GiB
18:33:09 vewbox-tts-1 409.5MiB / 46.79GiB
18:33:09 vewbox-db-1 94.03MiB / 46.79GiB
18:33:16 vewbox-asr-1 1.081GiB / 46.79GiB
18:33:16 vewbox-comfyui-1 18.07GiB / 46.79GiB
18:33:16 vewbox-tts-1 409.5MiB / 46.79GiB
18:33:16 vewbox-db-1 94.48MiB / 46.79GiB
18:33:21 vewbox-asr-1 1.081GiB / 46.79GiB
18:33:21 vewbox-comfyui-1 27.66GiB / 46.79GiB
18:33:21 vewbox-tts-1 409.5MiB / 46.79GiB
18:33:21 vewbox-db-1 94.35MiB / 46.79GiB
18:33:27 vewbox-asr-1 1.081GiB / 46.79GiB
18:33:27 vewbox-comfyui-1 31.98GiB / 46.79GiB
18:33:27 vewbox-tts-1 409.5MiB / 46.79GiB
18:33:27 vewbox-db-1 94.16MiB / 46.79GiB
18:33:33 vewbox-asr-1 1.081GiB / 46.79GiB
18:33:33 vewbox-comfyui-1 5.56GiB / 46.79GiB
18:33:33 vewbox-tts-1 409.5MiB / 46.79GiB
18:33:33 vewbox-db-1 94.38MiB / 46.79GiB
18:33:39 vewbox-asr-1 1.081GiB / 46.79GiB
18:33:39 vewbox-comfyui-1 12.54GiB / 46.79GiB
18:33:39 vewbox-tts-1 409.5MiB / 46.79GiB
18:33:39 vewbox-db-1 93.89MiB / 46.79GiB
18:33:46 vewbox-asr-1 1.081GiB / 46.79GiB
18:33:46 vewbox-comfyui-1 12.54GiB / 46.79GiB
18:33:46 vewbox-tts-1 409.5MiB / 46.79GiB
18:33:46 vewbox-db-1 92.57MiB / 46.79GiB
18:33:51 vewbox-asr-1 1.081GiB / 46.79GiB
18:33:51 vewbox-comfyui-1 12.54GiB / 46.79GiB
18:33:51 vewbox-tts-1 409.5MiB / 46.79GiB
18:33:51 vewbox-db-1 92.55MiB / 46.79GiB
18:33:57 vewbox-asr-1 1.081GiB / 46.79GiB
18:33:57 vewbox-comfyui-1 12.54GiB / 46.79GiB
18:33:57 vewbox-tts-1 409.5MiB / 46.79GiB
18:33:57 vewbox-db-1 93.91MiB / 46.79GiB
18:34:03 vewbox-asr-1 1.081GiB / 46.79GiB
18:34:03 vewbox-comfyui-1 12.54GiB / 46.79GiB
18:34:03 vewbox-tts-1 409.5MiB / 46.79GiB
18:34:03 vewbox-db-1 93.49MiB / 46.79GiB
18:34:09 vewbox-asr-1 1.081GiB / 46.79GiB
18:34:09 vewbox-comfyui-1 12.54GiB / 46.79GiB
18:34:09 vewbox-tts-1 409.1MiB / 46.79GiB
18:34:09 vewbox-db-1 93.13MiB / 46.79GiB
18:34:16 vewbox-asr-1 1.081GiB / 46.79GiB
18:34:16 vewbox-comfyui-1 12.54GiB / 46.79GiB
18:34:16 vewbox-tts-1 409.1MiB / 46.79GiB
18:34:16 vewbox-db-1 93.91MiB / 46.79GiB
18:34:21 vewbox-asr-1 1.081GiB / 46.79GiB
18:34:21 vewbox-comfyui-1 12.54GiB / 46.79GiB
18:34:21 vewbox-tts-1 409.1MiB / 46.79GiB
18:34:21 vewbox-db-1 93.85MiB / 46.79GiB
18:34:27 vewbox-asr-1 1.081GiB / 46.79GiB
18:34:27 vewbox-comfyui-1 12.54GiB / 46.79GiB
18:34:27 vewbox-tts-1 409.1MiB / 46.79GiB
18:34:27 vewbox-db-1 94.29MiB / 46.79GiB
18:34:33 vewbox-asr-1 1.081GiB / 46.79GiB
18:34:33 vewbox-comfyui-1 12.54GiB / 46.79GiB
18:34:33 vewbox-tts-1 409.1MiB / 46.79GiB
18:34:33 vewbox-db-1 94.34MiB / 46.79GiB
18:34:39 vewbox-asr-1 1.081GiB / 46.79GiB
18:34:39 vewbox-comfyui-1 12.54GiB / 46.79GiB
18:34:39 vewbox-tts-1 409.1MiB / 46.79GiB
18:34:39 vewbox-db-1 94.25MiB / 46.79GiB
18:34:46 vewbox-asr-1 1.081GiB / 46.79GiB
18:34:46 vewbox-comfyui-1 12.54GiB / 46.79GiB
18:34:46 vewbox-tts-1 409.1MiB / 46.79GiB
18:34:46 vewbox-db-1 94.34MiB / 46.79GiB
18:34:51 vewbox-asr-1 1.081GiB / 46.79GiB
18:34:51 vewbox-comfyui-1 12.54GiB / 46.79GiB
18:34:51 vewbox-tts-1 409.1MiB / 46.79GiB
18:34:51 vewbox-db-1 94.93MiB / 46.79GiB
18:34:57 vewbox-asr-1 1.081GiB / 46.79GiB
18:34:57 vewbox-comfyui-1 12.54GiB / 46.79GiB
18:34:57 vewbox-tts-1 409.1MiB / 46.79GiB
18:34:57 vewbox-db-1 94.37MiB / 46.79GiB
18:35:03 vewbox-asr-1 1.081GiB / 46.79GiB
18:35:03 vewbox-comfyui-1 12.54GiB / 46.79GiB
18:35:03 vewbox-tts-1 409.1MiB / 46.79GiB
18:35:03 vewbox-db-1 94.19MiB / 46.79GiB
18:35:09 vewbox-asr-1 712.8MiB / 46.79GiB
18:35:09 vewbox-comfyui-1 12.39GiB / 46.79GiB
18:35:09 vewbox-tts-1 409MiB / 46.79GiB
18:35:09 vewbox-db-1 94.09MiB / 46.79GiB
18:35:16 vewbox-asr-1 712.6MiB / 46.79GiB
18:35:16 vewbox-comfyui-1 4.181GiB / 46.79GiB
18:35:16 vewbox-tts-1 409MiB / 46.79GiB
18:35:16 vewbox-db-1 93.53MiB / 46.79GiB
18:35:21 vewbox-asr-1 712.8MiB / 46.79GiB
18:35:21 vewbox-comfyui-1 4.646GiB / 46.79GiB
18:35:21 vewbox-tts-1 409MiB / 46.79GiB
18:35:21 vewbox-db-1 93.98MiB / 46.79GiB
18:35:27 vewbox-asr-1 712.8MiB / 46.79GiB
18:35:27 vewbox-comfyui-1 6.322GiB / 46.79GiB
18:35:27 vewbox-tts-1 409MiB / 46.79GiB
18:35:27 vewbox-db-1 94.3MiB / 46.79GiB
18:35:33 vewbox-asr-1 712.8MiB / 46.79GiB
18:35:33 vewbox-comfyui-1 14.83GiB / 46.79GiB
18:35:33 vewbox-tts-1 409MiB / 46.79GiB
18:35:33 vewbox-db-1 93.99MiB / 46.79GiB
18:35:39 vewbox-asr-1 713.1MiB / 46.79GiB
18:35:39 vewbox-comfyui-1 21.41GiB / 46.79GiB
18:35:39 vewbox-tts-1 409.2MiB / 46.79GiB
18:35:39 vewbox-db-1 94.3MiB / 46.79GiB
18:35:46 vewbox-asr-1 713.1MiB / 46.79GiB
18:35:46 vewbox-comfyui-1 29.05GiB / 46.79GiB
18:35:46 vewbox-tts-1 409.2MiB / 46.79GiB
18:35:46 vewbox-db-1 94.16MiB / 46.79GiB
18:35:51 vewbox-asr-1 713.1MiB / 46.79GiB
18:35:51 vewbox-comfyui-1 32.7GiB / 46.79GiB
18:35:51 vewbox-tts-1 409.2MiB / 46.79GiB
18:35:51 vewbox-db-1 94.51MiB / 46.79GiB
18:35:57 vewbox-asr-1 712.6MiB / 46.79GiB
18:35:57 vewbox-comfyui-1 37.56GiB / 46.79GiB
18:35:57 vewbox-tts-1 409.2MiB / 46.79GiB
18:35:57 vewbox-db-1 94.43MiB / 46.79GiB
18:36:03 vewbox-asr-1 704MiB / 46.79GiB
18:36:03 vewbox-comfyui-1 40.83GiB / 46.79GiB
18:36:03 vewbox-tts-1 402MiB / 46.79GiB
18:36:03 vewbox-db-1 93.11MiB / 46.79GiB
18:36:09 vewbox-asr-1 702MiB / 46.79GiB
18:36:09 vewbox-comfyui-1 42.18GiB / 46.79GiB
18:36:09 vewbox-tts-1 406.5MiB / 46.79GiB
18:36:09 vewbox-db-1 97.66MiB / 46.79GiB
18:36:16 vewbox-asr-1 702MiB / 46.79GiB
18:36:16 vewbox-comfyui-1 42.18GiB / 46.79GiB
18:36:16 vewbox-tts-1 406.5MiB / 46.79GiB
18:36:16 vewbox-db-1 97.62MiB / 46.79GiB
18:36:21 vewbox-asr-1 703.2MiB / 46.79GiB
18:36:21 vewbox-comfyui-1 42.18GiB / 46.79GiB
18:36:21 vewbox-tts-1 406.5MiB / 46.79GiB
18:36:21 vewbox-db-1 97.55MiB / 46.79GiB
18:36:27 vewbox-asr-1 703.2MiB / 46.79GiB
18:36:27 vewbox-comfyui-1 42.2GiB / 46.79GiB
18:36:27 vewbox-tts-1 406.5MiB / 46.79GiB
18:36:27 vewbox-db-1 97.57MiB / 46.79GiB
18:36:33 vewbox-asr-1 703.2MiB / 46.79GiB
18:36:33 vewbox-comfyui-1 42.2GiB / 46.79GiB
18:36:33 vewbox-tts-1 406.5MiB / 46.79GiB
18:36:33 vewbox-db-1 97.42MiB / 46.79GiB
18:36:39 vewbox-asr-1 702.5MiB / 46.79GiB
18:36:39 vewbox-comfyui-1 42.2GiB / 46.79GiB
18:36:39 vewbox-tts-1 406.5MiB / 46.79GiB
18:36:39 vewbox-db-1 97.32MiB / 46.79GiB
18:36:46 vewbox-asr-1 702.5MiB / 46.79GiB
18:36:46 vewbox-comfyui-1 42.21GiB / 46.79GiB
18:36:46 vewbox-tts-1 406.5MiB / 46.79GiB
18:36:46 vewbox-db-1 97.32MiB / 46.79GiB
18:36:51 vewbox-asr-1 702.5MiB / 46.79GiB
18:36:51 vewbox-comfyui-1 42.21GiB / 46.79GiB
18:36:51 vewbox-tts-1 406.5MiB / 46.79GiB
18:36:51 vewbox-db-1 97.25MiB / 46.79GiB
18:36:57 vewbox-asr-1 702.7MiB / 46.79GiB
18:36:57 vewbox-comfyui-1 42.21GiB / 46.79GiB
18:36:57 vewbox-tts-1 406.5MiB / 46.79GiB
18:36:57 vewbox-db-1 97.35MiB / 46.79GiB
18:37:03 vewbox-asr-1 695.5MiB / 46.79GiB
18:37:03 vewbox-comfyui-1 42.56GiB / 46.79GiB
18:37:03 vewbox-tts-1 400.2MiB / 46.79GiB
18:37:03 vewbox-db-1 96.91MiB / 46.79GiB
18:37:09 vewbox-asr-1 694.2MiB / 46.79GiB
18:37:09 vewbox-comfyui-1 39.89GiB / 46.79GiB
18:37:09 vewbox-tts-1 401MiB / 46.79GiB
18:37:09 vewbox-db-1 96.88MiB / 46.79GiB
18:37:16 vewbox-asr-1 712.4MiB / 46.79GiB
18:37:16 vewbox-comfyui-1 3.368GiB / 46.79GiB
18:37:16 vewbox-tts-1 401MiB / 46.79GiB
18:37:16 vewbox-db-1 96.9MiB / 46.79GiB
18:37:21 vewbox-asr-1 712.7MiB / 46.79GiB
18:37:21 vewbox-comfyui-1 8.948GiB / 46.79GiB
18:37:21 vewbox-tts-1 401MiB / 46.79GiB
18:37:21 vewbox-db-1 96.36MiB / 46.79GiB
18:37:27 vewbox-asr-1 712.7MiB / 46.79GiB
18:37:27 vewbox-comfyui-1 12.22GiB / 46.79GiB
18:37:27 vewbox-tts-1 401MiB / 46.79GiB
18:37:27 vewbox-db-1 96.7MiB / 46.79GiB
18:37:33 vewbox-asr-1 713.5MiB / 46.79GiB
18:37:33 vewbox-comfyui-1 12.21GiB / 46.79GiB
18:37:33 vewbox-tts-1 401.3MiB / 46.79GiB
18:37:33 vewbox-db-1 97.96MiB / 46.79GiB
18:37:39 vewbox-asr-1 714MiB / 46.79GiB
18:37:39 vewbox-comfyui-1 12.21GiB / 46.79GiB
18:37:39 vewbox-tts-1 400.8MiB / 46.79GiB
18:37:39 vewbox-db-1 97.67MiB / 46.79GiB
18:37:46 vewbox-asr-1 714MiB / 46.79GiB
18:37:46 vewbox-comfyui-1 12.21GiB / 46.79GiB
18:37:46 vewbox-tts-1 400.8MiB / 46.79GiB
18:37:46 vewbox-db-1 98.08MiB / 46.79GiB
18:37:51 vewbox-asr-1 714MiB / 46.79GiB
18:37:51 vewbox-comfyui-1 12.21GiB / 46.79GiB
18:37:51 vewbox-tts-1 400.8MiB / 46.79GiB
18:37:51 vewbox-db-1 97.98MiB / 46.79GiB
18:37:57 vewbox-asr-1 714MiB / 46.79GiB
18:37:57 vewbox-comfyui-1 12.21GiB / 46.79GiB
18:37:57 vewbox-tts-1 400.8MiB / 46.79GiB
18:37:57 vewbox-db-1 97.7MiB / 46.79GiB
18:38:03 vewbox-asr-1 713.8MiB / 46.79GiB
18:38:03 vewbox-comfyui-1 12.21GiB / 46.79GiB
18:38:03 vewbox-tts-1 400.8MiB / 46.79GiB
18:38:03 vewbox-db-1 97.91MiB / 46.79GiB
18:38:10 vewbox-asr-1 713.8MiB / 46.79GiB
18:38:10 vewbox-comfyui-1 12.21GiB / 46.79GiB
18:38:10 vewbox-tts-1 400.9MiB / 46.79GiB
18:38:10 vewbox-db-1 98.36MiB / 46.79GiB
18:38:16 vewbox-asr-1 713.8MiB / 46.79GiB
18:38:16 vewbox-comfyui-1 12.21GiB / 46.79GiB
18:38:16 vewbox-tts-1 400.8MiB / 46.79GiB
18:38:16 vewbox-db-1 97.86MiB / 46.79GiB
18:38:21 vewbox-asr-1 714.4MiB / 46.79GiB
18:38:21 vewbox-comfyui-1 12.21GiB / 46.79GiB
18:38:21 vewbox-tts-1 400.8MiB / 46.79GiB
18:38:21 vewbox-db-1 97.88MiB / 46.79GiB
18:38:28 vewbox-asr-1 714.3MiB / 46.79GiB
18:38:28 vewbox-comfyui-1 12.21GiB / 46.79GiB
18:38:28 vewbox-tts-1 400.8MiB / 46.79GiB
18:38:28 vewbox-db-1 97.73MiB / 46.79GiB
18:38:33 vewbox-asr-1 714.3MiB / 46.79GiB
18:38:33 vewbox-comfyui-1 12.21GiB / 46.79GiB
18:38:33 vewbox-tts-1 400.8MiB / 46.79GiB
18:38:33 vewbox-db-1 97.72MiB / 46.79GiB
18:38:40 vewbox-asr-1 714.8MiB / 46.79GiB
18:38:40 vewbox-comfyui-1 12.21GiB / 46.79GiB
18:38:40 vewbox-tts-1 400.7MiB / 46.79GiB
18:38:40 vewbox-db-1 98.61MiB / 46.79GiB
18:38:46 vewbox-asr-1 714.7MiB / 46.79GiB
18:38:46 vewbox-comfyui-1 12.21GiB / 46.79GiB
18:38:46 vewbox-tts-1 400.6MiB / 46.79GiB
18:38:46 vewbox-db-1 98.38MiB / 46.79GiB
18:38:51 vewbox-asr-1 714.7MiB / 46.79GiB
18:38:51 vewbox-comfyui-1 12.21GiB / 46.79GiB
18:38:51 vewbox-tts-1 400.6MiB / 46.79GiB
18:38:51 vewbox-db-1 98.3MiB / 46.79GiB
18:38:58 vewbox-asr-1 715.1MiB / 46.79GiB
18:38:58 vewbox-comfyui-1 12.21GiB / 46.79GiB
18:38:58 vewbox-tts-1 400.6MiB / 46.79GiB
18:38:58 vewbox-db-1 97.99MiB / 46.79GiB
18:39:03 vewbox-asr-1 714.8MiB / 46.79GiB
18:39:03 vewbox-comfyui-1 12.21GiB / 46.79GiB
18:39:03 vewbox-tts-1 400.6MiB / 46.79GiB
18:39:03 vewbox-db-1 98.56MiB / 46.79GiB
18:39:10 vewbox-asr-1 714.8MiB / 46.79GiB
18:39:10 vewbox-comfyui-1 12.21GiB / 46.79GiB
18:39:10 vewbox-tts-1 400.8MiB / 46.79GiB
18:39:10 vewbox-db-1 98.36MiB / 46.79GiB
18:39:16 vewbox-asr-1 714.8MiB / 46.79GiB
18:39:16 vewbox-comfyui-1 12.21GiB / 46.79GiB
18:39:16 vewbox-tts-1 400.6MiB / 46.79GiB
18:39:16 vewbox-db-1 97.52MiB / 46.79GiB
18:39:21 vewbox-asr-1 715MiB / 46.79GiB
18:39:21 vewbox-comfyui-1 12.21GiB / 46.79GiB
18:39:21 vewbox-tts-1 400.9MiB / 46.79GiB
18:39:21 vewbox-db-1 98.07MiB / 46.79GiB
18:39:28 vewbox-asr-1 714.8MiB / 46.79GiB
18:39:28 vewbox-comfyui-1 12.21GiB / 46.79GiB
18:39:28 vewbox-tts-1 400.9MiB / 46.79GiB
18:39:28 vewbox-db-1 97.52MiB / 46.79GiB
18:39:33 vewbox-asr-1 683.2MiB / 46.79GiB
18:39:33 vewbox-comfyui-1 10.36GiB / 46.79GiB
18:39:33 vewbox-tts-1 388.5MiB / 46.79GiB
18:39:33 vewbox-db-1 85.63MiB / 46.79GiB
18:39:40 vewbox-asr-1 684.9MiB / 46.79GiB
18:39:40 vewbox-comfyui-1 10.36GiB / 46.79GiB
18:39:40 vewbox-tts-1 396.3MiB / 46.79GiB
18:39:40 vewbox-db-1 89.55MiB / 46.79GiB
18:39:46 vewbox-asr-1 684.8MiB / 46.79GiB
18:39:46 vewbox-comfyui-1 10.37GiB / 46.79GiB
18:39:46 vewbox-tts-1 396.3MiB / 46.79GiB
18:39:46 vewbox-db-1 89.36MiB / 46.79GiB
18:39:51 vewbox-asr-1 684.8MiB / 46.79GiB
18:39:51 vewbox-comfyui-1 10.37GiB / 46.79GiB
18:39:51 vewbox-tts-1 396.3MiB / 46.79GiB
18:39:51 vewbox-db-1 90.09MiB / 46.79GiB
18:39:58 vewbox-asr-1 687.1MiB / 46.79GiB
18:39:58 vewbox-comfyui-1 10.37GiB / 46.79GiB
18:39:58 vewbox-tts-1 396.5MiB / 46.79GiB
18:39:58 vewbox-db-1 91.03MiB / 46.79GiB
18:40:03 vewbox-asr-1 687.1MiB / 46.79GiB
18:40:03 vewbox-comfyui-1 10.38GiB / 46.79GiB
18:40:03 vewbox-tts-1 396.5MiB / 46.79GiB
18:40:03 vewbox-db-1 95.26MiB / 46.79GiB
18:40:10 vewbox-asr-1 687.1MiB / 46.79GiB
18:40:10 vewbox-comfyui-1 10.37GiB / 46.79GiB
18:40:10 vewbox-tts-1 399MiB / 46.79GiB
18:40:10 vewbox-db-1 91.9MiB / 46.79GiB
18:40:16 vewbox-asr-1 687.1MiB / 46.79GiB
18:40:16 vewbox-comfyui-1 10.37GiB / 46.79GiB
18:40:16 vewbox-tts-1 399MiB / 46.79GiB
18:40:16 vewbox-db-1 92.77MiB / 46.79GiB
18:40:21 vewbox-asr-1 687.3MiB / 46.79GiB
18:40:21 vewbox-comfyui-1 10.38GiB / 46.79GiB
18:40:21 vewbox-tts-1 399.3MiB / 46.79GiB
18:40:21 vewbox-db-1 92.54MiB / 46.79GiB
18:40:28 vewbox-asr-1 687.2MiB / 46.79GiB
18:40:28 vewbox-comfyui-1 10.38GiB / 46.79GiB
18:40:28 vewbox-tts-1 399.3MiB / 46.79GiB
18:40:28 vewbox-db-1 92.84MiB / 46.79GiB
18:40:33 vewbox-asr-1 687.2MiB / 46.79GiB
18:40:33 vewbox-comfyui-1 10.38GiB / 46.79GiB
18:40:33 vewbox-tts-1 399.3MiB / 46.79GiB
18:40:33 vewbox-db-1 92.85MiB / 46.79GiB
18:40:40 vewbox-asr-1 687.3MiB / 46.79GiB
18:40:40 vewbox-comfyui-1 10.38GiB / 46.79GiB
18:40:40 vewbox-tts-1 399.9MiB / 46.79GiB
18:40:40 vewbox-db-1 92.96MiB / 46.79GiB
18:40:46 vewbox-asr-1 687.3MiB / 46.79GiB
18:40:46 vewbox-comfyui-1 10.38GiB / 46.79GiB
18:40:46 vewbox-tts-1 399.9MiB / 46.79GiB
18:40:46 vewbox-db-1 93.07MiB / 46.79GiB
18:40:51 vewbox-asr-1 687.3MiB / 46.79GiB
18:40:51 vewbox-comfyui-1 10.38GiB / 46.79GiB
18:40:51 vewbox-tts-1 399.9MiB / 46.79GiB
18:40:51 vewbox-db-1 93.56MiB / 46.79GiB
18:40:58 vewbox-asr-1 686.6MiB / 46.79GiB
18:40:58 vewbox-comfyui-1 10.38GiB / 46.79GiB
18:40:58 vewbox-tts-1 399.9MiB / 46.79GiB
18:40:58 vewbox-db-1 93.79MiB / 46.79GiB
18:41:03 vewbox-asr-1 686.6MiB / 46.79GiB
18:41:03 vewbox-comfyui-1 10.38GiB / 46.79GiB
18:41:03 vewbox-tts-1 399.9MiB / 46.79GiB
18:41:03 vewbox-db-1 93.79MiB / 46.79GiB
18:41:10 vewbox-asr-1 686.6MiB / 46.79GiB
18:41:10 vewbox-comfyui-1 10.38GiB / 46.79GiB
18:41:10 vewbox-tts-1 400.2MiB / 46.79GiB
18:41:10 vewbox-db-1 94.26MiB / 46.79GiB
18:41:16 vewbox-asr-1 686.6MiB / 46.79GiB
18:41:16 vewbox-comfyui-1 10.38GiB / 46.79GiB
18:41:16 vewbox-tts-1 400.2MiB / 46.79GiB
18:41:16 vewbox-db-1 94.3MiB / 46.79GiB
18:41:21 vewbox-asr-1 686.7MiB / 46.79GiB
18:41:21 vewbox-comfyui-1 10.38GiB / 46.79GiB
18:41:21 vewbox-tts-1 400.5MiB / 46.79GiB
18:41:21 vewbox-db-1 94.81MiB / 46.79GiB
18:41:28 vewbox-asr-1 686.7MiB / 46.79GiB
18:41:28 vewbox-comfyui-1 10.38GiB / 46.79GiB
18:41:28 vewbox-tts-1 400.5MiB / 46.79GiB
18:41:28 vewbox-db-1 94.11MiB / 46.79GiB
18:41:33 vewbox-asr-1 686.7MiB / 46.79GiB
18:41:33 vewbox-comfyui-1 10.38GiB / 46.79GiB
18:41:33 vewbox-tts-1 400.5MiB / 46.79GiB
18:41:33 vewbox-db-1 94.64MiB / 46.79GiB
18:41:40 vewbox-asr-1 686.2MiB / 46.79GiB
18:41:40 vewbox-comfyui-1 10.38GiB / 46.79GiB
18:41:40 vewbox-tts-1 400.6MiB / 46.79GiB
18:41:40 vewbox-db-1 94.62MiB / 46.79GiB
18:41:46 vewbox-asr-1 686.2MiB / 46.79GiB
18:41:46 vewbox-comfyui-1 10.38GiB / 46.79GiB
18:41:46 vewbox-tts-1 400.6MiB / 46.79GiB
18:41:46 vewbox-db-1 94.85MiB / 46.79GiB
18:41:51 vewbox-asr-1 686.5MiB / 46.79GiB
18:41:51 vewbox-comfyui-1 10.38GiB / 46.79GiB
18:41:51 vewbox-tts-1 400.6MiB / 46.79GiB
18:41:51 vewbox-db-1 94.27MiB / 46.79GiB
18:41:58 vewbox-asr-1 1.071GiB / 46.79GiB
18:41:58 vewbox-comfyui-1 10.38GiB / 46.79GiB
18:41:58 vewbox-tts-1 400.6MiB / 46.79GiB
18:41:58 vewbox-db-1 94.22MiB / 46.79GiB
18:42:03 vewbox-asr-1 1.071GiB / 46.79GiB
18:42:03 vewbox-comfyui-1 10.38GiB / 46.79GiB
18:42:03 vewbox-tts-1 400.6MiB / 46.79GiB
18:42:03 vewbox-db-1 94.26MiB / 46.79GiB
18:42:10 vewbox-asr-1 1.071GiB / 46.79GiB
18:42:10 vewbox-comfyui-1 10.38GiB / 46.79GiB
18:42:10 vewbox-tts-1 400.7MiB / 46.79GiB
18:42:10 vewbox-db-1 94.51MiB / 46.79GiB
18:42:16 vewbox-asr-1 1.071GiB / 46.79GiB
18:42:16 vewbox-comfyui-1 10.38GiB / 46.79GiB
18:42:16 vewbox-tts-1 400.7MiB / 46.79GiB
18:42:16 vewbox-db-1 94.7MiB / 46.79GiB
18:42:21 vewbox-asr-1 1.07GiB / 46.79GiB
18:42:21 vewbox-comfyui-1 10.38GiB / 46.79GiB
18:42:21 vewbox-tts-1 400.7MiB / 46.79GiB
18:42:21 vewbox-db-1 94.91MiB / 46.79GiB
18:42:28 vewbox-asr-1 1.07GiB / 46.79GiB
18:42:28 vewbox-comfyui-1 10.38GiB / 46.79GiB
18:42:28 vewbox-tts-1 400.7MiB / 46.79GiB
18:42:28 vewbox-db-1 94.18MiB / 46.79GiB
18:42:33 vewbox-asr-1 1.07GiB / 46.79GiB
18:42:33 vewbox-comfyui-1 10.38GiB / 46.79GiB
18:42:33 vewbox-tts-1 400.7MiB / 46.79GiB
18:42:33 vewbox-db-1 94.15MiB / 46.79GiB
18:42:40 vewbox-asr-1 1.07GiB / 46.79GiB
18:42:40 vewbox-comfyui-1 10.38GiB / 46.79GiB
18:42:40 vewbox-tts-1 400.5MiB / 46.79GiB
18:42:40 vewbox-db-1 94.59MiB / 46.79GiB
18:42:46 vewbox-asr-1 1.07GiB / 46.79GiB
18:42:46 vewbox-comfyui-1 10.38GiB / 46.79GiB
18:42:46 vewbox-tts-1 400.5MiB / 46.79GiB
18:42:46 vewbox-db-1 94.97MiB / 46.79GiB
18:42:51 vewbox-asr-1 1.07GiB / 46.79GiB
18:42:51 vewbox-comfyui-1 10.38GiB / 46.79GiB
18:42:51 vewbox-tts-1 400.5MiB / 46.79GiB
18:42:51 vewbox-db-1 95.16MiB / 46.79GiB
18:42:58 vewbox-asr-1 1.071GiB / 46.79GiB
18:42:58 vewbox-comfyui-1 10.38GiB / 46.79GiB
18:42:58 vewbox-tts-1 400.5MiB / 46.79GiB
18:42:58 vewbox-db-1 94.05MiB / 46.79GiB
18:43:04 vewbox-asr-1 1.071GiB / 46.79GiB
18:43:04 vewbox-comfyui-1 10.38GiB / 46.79GiB
18:43:04 vewbox-tts-1 400.5MiB / 46.79GiB
18:43:04 vewbox-db-1 94.32MiB / 46.79GiB
18:43:10 vewbox-asr-1 1.071GiB / 46.79GiB
18:43:10 vewbox-comfyui-1 10.38GiB / 46.79GiB
18:43:10 vewbox-tts-1 400.5MiB / 46.79GiB
18:43:10 vewbox-db-1 94.32MiB / 46.79GiB
18:43:16 vewbox-asr-1 1.071GiB / 46.79GiB
18:43:16 vewbox-comfyui-1 10.38GiB / 46.79GiB
18:43:16 vewbox-tts-1 400.5MiB / 46.79GiB
18:43:16 vewbox-db-1 94.45MiB / 46.79GiB
18:43:21 vewbox-asr-1 1.071GiB / 46.79GiB
18:43:21 vewbox-comfyui-1 10.38GiB / 46.79GiB
18:43:21 vewbox-tts-1 400.5MiB / 46.79GiB
18:43:21 vewbox-db-1 94.18MiB / 46.79GiB
18:43:28 vewbox-asr-1 1.071GiB / 46.79GiB
18:43:28 vewbox-comfyui-1 10.38GiB / 46.79GiB
18:43:28 vewbox-tts-1 400.5MiB / 46.79GiB
18:43:28 vewbox-db-1 94.76MiB / 46.79GiB
18:43:34 vewbox-asr-1 1.071GiB / 46.79GiB
18:43:34 vewbox-comfyui-1 10.38GiB / 46.79GiB
18:43:34 vewbox-tts-1 400.5MiB / 46.79GiB
18:43:34 vewbox-db-1 94.42MiB / 46.79GiB
18:43:40 vewbox-asr-1 1.071GiB / 46.79GiB
18:43:40 vewbox-comfyui-1 10.38GiB / 46.79GiB
18:43:40 vewbox-tts-1 400.4MiB / 46.79GiB
18:43:40 vewbox-db-1 94.74MiB / 46.79GiB
18:43:46 vewbox-asr-1 1.071GiB / 46.79GiB
18:43:46 vewbox-comfyui-1 10.38GiB / 46.79GiB
18:43:46 vewbox-tts-1 400.3MiB / 46.79GiB
18:43:46 vewbox-db-1 95.27MiB / 46.79GiB
18:43:52 vewbox-asr-1 1.071GiB / 46.79GiB
18:43:52 vewbox-comfyui-1 10.38GiB / 46.79GiB
18:43:52 vewbox-tts-1 400.3MiB / 46.79GiB
18:43:52 vewbox-db-1 94.73MiB / 46.79GiB
18:43:58 vewbox-asr-1 1.071GiB / 46.79GiB
18:43:58 vewbox-comfyui-1 10.38GiB / 46.79GiB
18:43:58 vewbox-tts-1 400.3MiB / 46.79GiB
18:43:58 vewbox-db-1 94.68MiB / 46.79GiB
18:44:04 vewbox-asr-1 1.071GiB / 46.79GiB
18:44:04 vewbox-comfyui-1 10.38GiB / 46.79GiB
18:44:04 vewbox-tts-1 400.4MiB / 46.79GiB
18:44:04 vewbox-db-1 94.3MiB / 46.79GiB
18:44:10 vewbox-asr-1 1.071GiB / 46.79GiB
18:44:10 vewbox-comfyui-1 10.38GiB / 46.79GiB
18:44:10 vewbox-tts-1 400.3MiB / 46.79GiB
18:44:10 vewbox-db-1 92.05MiB / 46.79GiB
18:44:16 vewbox-asr-1 1.071GiB / 46.79GiB
18:44:16 vewbox-comfyui-1 10.38GiB / 46.79GiB
18:44:16 vewbox-tts-design-1 56.15MiB / 46.79GiB
18:44:16 vewbox-tts-1 399.4MiB / 46.79GiB
18:44:16 vewbox-db-1 91.57MiB / 46.79GiB
18:44:22 vewbox-asr-1 1.071GiB / 46.79GiB
18:44:22 vewbox-comfyui-1 10.38GiB / 46.79GiB
18:44:22 vewbox-tts-design-1 326.8MiB / 46.79GiB
18:44:22 vewbox-tts-1 399.3MiB / 46.79GiB
18:44:22 vewbox-db-1 93.41MiB / 46.79GiB
18:44:28 vewbox-asr-1 1.071GiB / 46.79GiB
18:44:28 vewbox-comfyui-1 10.38GiB / 46.79GiB
18:44:28 vewbox-tts-design-1 326.8MiB / 46.79GiB
18:44:28 vewbox-tts-1 399.1MiB / 46.79GiB
18:44:28 vewbox-db-1 93.24MiB / 46.79GiB
18:44:34 vewbox-asr-1 1.071GiB / 46.79GiB
18:44:34 vewbox-comfyui-1 10.38GiB / 46.79GiB
18:44:34 vewbox-tts-design-1 326.8MiB / 46.79GiB
18:44:34 vewbox-tts-1 399.1MiB / 46.79GiB
18:44:34 vewbox-db-1 94.25MiB / 46.79GiB
18:44:40 vewbox-asr-1 1.071GiB / 46.79GiB
18:44:40 vewbox-comfyui-1 10.38GiB / 46.79GiB
18:44:40 vewbox-tts-design-1 602.9MiB / 46.79GiB
18:44:40 vewbox-tts-1 399.5MiB / 46.79GiB
18:44:40 vewbox-db-1 94.61MiB / 46.79GiB
18:44:46 vewbox-asr-1 1.071GiB / 46.79GiB
18:44:46 vewbox-comfyui-1 10.38GiB / 46.79GiB
18:44:46 vewbox-tts-design-1 656.8MiB / 46.79GiB
18:44:46 vewbox-tts-1 399.5MiB / 46.79GiB
18:44:46 vewbox-db-1 94.6MiB / 46.79GiB
18:44:52 vewbox-asr-1 1.071GiB / 46.79GiB
18:44:52 vewbox-comfyui-1 10.38GiB / 46.79GiB
18:44:52 vewbox-tts-design-1 661.1MiB / 46.79GiB
18:44:52 vewbox-tts-1 399.3MiB / 46.79GiB
18:44:52 vewbox-db-1 94.75MiB / 46.79GiB
18:44:58 vewbox-asr-1 1.072GiB / 46.79GiB
18:44:58 vewbox-comfyui-1 10.38GiB / 46.79GiB
18:44:58 vewbox-tts-design-1 657.1MiB / 46.79GiB
18:44:58 vewbox-tts-1 399.3MiB / 46.79GiB
18:44:58 vewbox-db-1 94.15MiB / 46.79GiB
18:45:04 vewbox-asr-1 1.071GiB / 46.79GiB
18:45:04 vewbox-comfyui-1 10.38GiB / 46.79GiB
18:45:04 vewbox-tts-design-1 657.1MiB / 46.79GiB
18:45:04 vewbox-tts-1 399.3MiB / 46.79GiB
18:45:04 vewbox-db-1 94.79MiB / 46.79GiB
18:45:10 vewbox-asr-1 1.071GiB / 46.79GiB
18:45:10 vewbox-comfyui-1 10.38GiB / 46.79GiB
18:45:10 vewbox-tts-design-1 657.1MiB / 46.79GiB
18:45:10 vewbox-tts-1 399.5MiB / 46.79GiB
18:45:10 vewbox-db-1 95.05MiB / 46.79GiB
18:45:16 vewbox-asr-1 1.071GiB / 46.79GiB
18:45:16 vewbox-comfyui-1 10.38GiB / 46.79GiB
18:45:16 vewbox-tts-design-1 657.1MiB / 46.79GiB
18:45:16 vewbox-tts-1 399.5MiB / 46.79GiB
18:45:16 vewbox-db-1 94.91MiB / 46.79GiB
18:45:22 vewbox-asr-1 1.072GiB / 46.79GiB
18:45:22 vewbox-comfyui-1 10.38GiB / 46.79GiB
18:45:22 vewbox-tts-design-1 657.4MiB / 46.79GiB
18:45:22 vewbox-tts-1 399.5MiB / 46.79GiB
18:45:22 vewbox-db-1 94.52MiB / 46.79GiB
18:45:28 vewbox-asr-1 1.071GiB / 46.79GiB
18:45:28 vewbox-comfyui-1 10.38GiB / 46.79GiB
18:45:28 vewbox-tts-design-1 657MiB / 46.79GiB
18:45:28 vewbox-tts-1 399.8MiB / 46.79GiB
18:45:28 vewbox-db-1 94.46MiB / 46.79GiB
18:45:34 vewbox-asr-1 1.071GiB / 46.79GiB
18:45:34 vewbox-comfyui-1 10.38GiB / 46.79GiB
18:45:34 vewbox-tts-design-1 657MiB / 46.79GiB
18:45:34 vewbox-tts-1 399.8MiB / 46.79GiB
18:45:34 vewbox-db-1 94.27MiB / 46.79GiB
18:45:40 vewbox-asr-1 1.071GiB / 46.79GiB
18:45:40 vewbox-comfyui-1 10.38GiB / 46.79GiB
18:45:40 vewbox-tts-design-1 656.8MiB / 46.79GiB
18:45:40 vewbox-tts-1 399.8MiB / 46.79GiB
18:45:40 vewbox-db-1 95.04MiB / 46.79GiB
18:45:46 vewbox-asr-1 1.071GiB / 46.79GiB
18:45:46 vewbox-comfyui-1 10.38GiB / 46.79GiB
18:45:46 vewbox-tts-design-1 656.8MiB / 46.79GiB
18:45:46 vewbox-tts-1 399.5MiB / 46.79GiB
18:45:46 vewbox-db-1 94.18MiB / 46.79GiB
18:45:52 vewbox-asr-1 1.071GiB / 46.79GiB
18:45:52 vewbox-comfyui-1 10.38GiB / 46.79GiB
18:45:52 vewbox-tts-design-1 657MiB / 46.79GiB
18:45:52 vewbox-tts-1 399.5MiB / 46.79GiB
18:45:52 vewbox-db-1 94.25MiB / 46.79GiB
18:45:58 vewbox-asr-1 1.072GiB / 46.79GiB
18:45:58 vewbox-comfyui-1 10.38GiB / 46.79GiB
18:45:58 vewbox-tts-design-1 656.8MiB / 46.79GiB
18:45:58 vewbox-tts-1 399.3MiB / 46.79GiB
18:45:58 vewbox-db-1 94.67MiB / 46.79GiB
18:46:04 vewbox-asr-1 1.072GiB / 46.79GiB
18:46:04 vewbox-comfyui-1 10.38GiB / 46.79GiB
18:46:04 vewbox-tts-design-1 656.2MiB / 46.79GiB
18:46:04 vewbox-tts-1 399.2MiB / 46.79GiB
18:46:04 vewbox-db-1 93.77MiB / 46.79GiB
18:46:10 vewbox-asr-1 1.072GiB / 46.79GiB
18:46:10 vewbox-comfyui-1 10.38GiB / 46.79GiB
18:46:10 vewbox-tts-design-1 655.8MiB / 46.79GiB
18:46:10 vewbox-tts-1 399.9MiB / 46.79GiB
18:46:10 vewbox-db-1 94.41MiB / 46.79GiB
18:46:16 vewbox-asr-1 1.072GiB / 46.79GiB
18:46:16 vewbox-comfyui-1 10.38GiB / 46.79GiB
18:46:16 vewbox-tts-design-1 655.7MiB / 46.79GiB
18:46:16 vewbox-tts-1 400MiB / 46.79GiB
18:46:16 vewbox-db-1 93.51MiB / 46.79GiB
18:46:22 vewbox-asr-1 1.071GiB / 46.79GiB
18:46:22 vewbox-comfyui-1 10.38GiB / 46.79GiB
18:46:22 vewbox-tts-design-1 658.8MiB / 46.79GiB
18:46:22 vewbox-tts-1 399.7MiB / 46.79GiB
18:46:22 vewbox-db-1 93.91MiB / 46.79GiB
18:46:28 vewbox-asr-1 1.071GiB / 46.79GiB
18:46:28 vewbox-comfyui-1 10.38GiB / 46.79GiB
18:46:28 vewbox-tts-design-1 656.5MiB / 46.79GiB
18:46:28 vewbox-tts-1 399.7MiB / 46.79GiB
18:46:28 vewbox-db-1 93.62MiB / 46.79GiB
18:46:34 vewbox-asr-1 1.071GiB / 46.79GiB
18:46:34 vewbox-comfyui-1 10.38GiB / 46.79GiB
18:46:34 vewbox-tts-design-1 656.5MiB / 46.79GiB
18:46:34 vewbox-tts-1 399.7MiB / 46.79GiB
18:46:34 vewbox-db-1 93.93MiB / 46.79GiB
18:46:40 vewbox-asr-1 1.071GiB / 46.79GiB
18:46:40 vewbox-comfyui-1 10.38GiB / 46.79GiB
18:46:40 vewbox-tts-design-1 656.3MiB / 46.79GiB
18:46:40 vewbox-tts-1 400.2MiB / 46.79GiB
18:46:40 vewbox-db-1 94.05MiB / 46.79GiB
18:46:46 vewbox-asr-1 1.05GiB / 46.79GiB
18:46:46 vewbox-comfyui-1 10.37GiB / 46.79GiB
18:46:46 vewbox-tts-design-1 609.6MiB / 46.79GiB
18:46:46 vewbox-tts-1 392MiB / 46.79GiB
18:46:46 vewbox-db-1 88.22MiB / 46.79GiB
18:46:52 vewbox-asr-1 1.05GiB / 46.79GiB
18:46:52 vewbox-comfyui-1 10.37GiB / 46.79GiB
18:46:52 vewbox-tts-design-1 614MiB / 46.79GiB
18:46:52 vewbox-tts-1 391.9MiB / 46.79GiB
18:46:52 vewbox-db-1 89.46MiB / 46.79GiB
18:46:58 vewbox-asr-1 1.051GiB / 46.79GiB
18:46:58 vewbox-comfyui-1 10.37GiB / 46.79GiB
18:46:58 vewbox-tts-design-1 615.7MiB / 46.79GiB
18:46:58 vewbox-tts-1 391.9MiB / 46.79GiB
18:46:58 vewbox-db-1 90.26MiB / 46.79GiB
18:47:04 vewbox-asr-1 1.051GiB / 46.79GiB
18:47:04 vewbox-comfyui-1 10.38GiB / 46.79GiB
18:47:04 vewbox-tts-design-1 615.7MiB / 46.79GiB
18:47:04 vewbox-tts-1 391.7MiB / 46.79GiB
18:47:04 vewbox-db-1 90.36MiB / 46.79GiB
18:47:10 vewbox-asr-1 1.051GiB / 46.79GiB
18:47:10 vewbox-comfyui-1 10.38GiB / 46.79GiB
18:47:10 vewbox-tts-design-1 617.7MiB / 46.79GiB
18:47:10 vewbox-tts-1 392.8MiB / 46.79GiB
18:47:10 vewbox-db-1 90.59MiB / 46.79GiB
18:47:16 vewbox-asr-1 1.05GiB / 46.79GiB
18:47:16 vewbox-comfyui-1 10.37GiB / 46.79GiB
18:47:16 vewbox-tts-design-1 0B / 0B
18:47:16 vewbox-tts-1 390.5MiB / 46.79GiB
18:47:16 vewbox-db-1 88.01MiB / 46.79GiB
18:47:22 vewbox-asr-1 1.053GiB / 46.79GiB
18:47:22 vewbox-comfyui-1 10.37GiB / 46.79GiB
18:47:22 vewbox-tts-1 390.5MiB / 46.79GiB
18:47:22 vewbox-db-1 88.75MiB / 46.79GiB
18:47:28 vewbox-asr-1 1.053GiB / 46.79GiB
18:47:28 vewbox-comfyui-1 10.37GiB / 46.79GiB
18:47:28 vewbox-tts-1 391.2MiB / 46.79GiB
18:47:28 vewbox-db-1 85.53MiB / 46.79GiB
18:47:34 vewbox-asr-1 686.8MiB / 46.79GiB
18:47:34 vewbox-comfyui-1 1.853GiB / 46.79GiB
18:47:34 vewbox-tts-1 651.1MiB / 46.79GiB
18:47:34 vewbox-db-1 88.72MiB / 46.79GiB
18:47:40 vewbox-asr-1 687.5MiB / 46.79GiB
18:47:40 vewbox-comfyui-1 1.853GiB / 46.79GiB
18:47:40 vewbox-tts-1 6.642GiB / 46.79GiB
18:47:40 vewbox-db-1 88.79MiB / 46.79GiB
18:47:46 vewbox-asr-1 687.4MiB / 46.79GiB
18:47:46 vewbox-comfyui-1 1.853GiB / 46.79GiB
18:47:46 vewbox-tts-1 1.874GiB / 46.79GiB
18:47:46 vewbox-db-1 89.13MiB / 46.79GiB
18:47:52 vewbox-asr-1 687.4MiB / 46.79GiB
18:47:52 vewbox-comfyui-1 1.853GiB / 46.79GiB
18:47:52 vewbox-tts-1 2.544GiB / 46.79GiB
18:47:52 vewbox-db-1 89.38MiB / 46.79GiB
18:47:58 vewbox-asr-1 706.1MiB / 46.79GiB
18:47:58 vewbox-comfyui-1 1.888GiB / 46.79GiB
18:47:58 vewbox-tts-1 2.496GiB / 46.79GiB
18:47:58 vewbox-db-1 90.32MiB / 46.79GiB
18:48:04 vewbox-asr-1 706.1MiB / 46.79GiB
18:48:04 vewbox-comfyui-1 2.136GiB / 46.79GiB
18:48:04 vewbox-tts-1 2.496GiB / 46.79GiB
18:48:04 vewbox-db-1 90.07MiB / 46.79GiB
18:48:10 vewbox-asr-1 706.1MiB / 46.79GiB
18:48:10 vewbox-comfyui-1 2.644GiB / 46.79GiB
18:48:10 vewbox-tts-1 2.496GiB / 46.79GiB
18:48:10 vewbox-db-1 90.45MiB / 46.79GiB
18:48:16 vewbox-asr-1 706.9MiB / 46.79GiB
18:48:16 vewbox-comfyui-1 5.92GiB / 46.79GiB
18:48:16 vewbox-tts-1 2.497GiB / 46.79GiB
18:48:16 vewbox-db-1 91.51MiB / 46.79GiB
18:48:22 vewbox-asr-1 707.2MiB / 46.79GiB
18:48:22 vewbox-comfyui-1 14.85GiB / 46.79GiB
18:48:22 vewbox-tts-1 2.497GiB / 46.79GiB
18:48:22 vewbox-db-1 91.81MiB / 46.79GiB
18:48:28 vewbox-asr-1 707.2MiB / 46.79GiB
18:48:28 vewbox-comfyui-1 20.21GiB / 46.79GiB
18:48:28 vewbox-tts-1 2.497GiB / 46.79GiB
18:48:28 vewbox-db-1 91.47MiB / 46.79GiB
18:48:34 vewbox-asr-1 707.2MiB / 46.79GiB
18:48:34 vewbox-comfyui-1 24.6GiB / 46.79GiB
18:48:34 vewbox-tts-1 2.497GiB / 46.79GiB
18:48:34 vewbox-db-1 92.16MiB / 46.79GiB
18:48:40 vewbox-asr-1 707.1MiB / 46.79GiB
18:48:40 vewbox-comfyui-1 27GiB / 46.79GiB
18:48:40 vewbox-tts-1 2.517GiB / 46.79GiB
18:48:40 vewbox-db-1 92.54MiB / 46.79GiB
18:48:46 vewbox-asr-1 706.2MiB / 46.79GiB
18:48:46 vewbox-comfyui-1 30.08GiB / 46.79GiB
18:48:46 vewbox-tts-1 2.634GiB / 46.79GiB
18:48:46 vewbox-db-1 92.35MiB / 46.79GiB
18:48:52 vewbox-asr-1 705.5MiB / 46.79GiB
18:48:52 vewbox-comfyui-1 32.38GiB / 46.79GiB
18:48:52 vewbox-tts-1 2.635GiB / 46.79GiB
18:48:52 vewbox-db-1 92.34MiB / 46.79GiB
18:48:58 vewbox-asr-1 705.7MiB / 46.79GiB
18:48:58 vewbox-comfyui-1 36.38GiB / 46.79GiB
18:48:58 vewbox-tts-1 2.636GiB / 46.79GiB
18:48:58 vewbox-db-1 91.91MiB / 46.79GiB
18:49:04 vewbox-asr-1 706.1MiB / 46.79GiB
18:49:04 vewbox-comfyui-1 40.25GiB / 46.79GiB
18:49:04 vewbox-tts-1 2.707GiB / 46.79GiB
18:49:04 vewbox-db-1 92.27MiB / 46.79GiB
18:49:10 vewbox-asr-1 704MiB / 46.79GiB
18:49:10 vewbox-comfyui-1 40.63GiB / 46.79GiB
18:49:10 vewbox-tts-1 2.74GiB / 46.79GiB
18:49:10 vewbox-db-1 93.06MiB / 46.79GiB
18:49:16 vewbox-asr-1 678.3MiB / 46.79GiB
18:49:16 vewbox-comfyui-1 40.69GiB / 46.79GiB
18:49:16 vewbox-tts-1 2.679GiB / 46.79GiB
18:49:16 vewbox-db-1 94.11MiB / 46.79GiB
18:49:22 vewbox-asr-1 679.1MiB / 46.79GiB
18:49:22 vewbox-comfyui-1 40.69GiB / 46.79GiB
18:49:22 vewbox-tts-1 2.678GiB / 46.79GiB
18:49:22 vewbox-db-1 94.15MiB / 46.79GiB
18:49:28 vewbox-asr-1 679.1MiB / 46.79GiB
18:49:28 vewbox-comfyui-1 40.7GiB / 46.79GiB
18:49:28 vewbox-tts-1 2.678GiB / 46.79GiB
18:49:28 vewbox-db-1 93.99MiB / 46.79GiB
18:49:34 vewbox-asr-1 679.1MiB / 46.79GiB
18:49:34 vewbox-comfyui-1 40.7GiB / 46.79GiB
18:49:34 vewbox-tts-1 2.678GiB / 46.79GiB
18:49:34 vewbox-db-1 94MiB / 46.79GiB
18:49:40 vewbox-asr-1 679.2MiB / 46.79GiB
18:49:40 vewbox-comfyui-1 40.7GiB / 46.79GiB
18:49:40 vewbox-tts-1 2.678GiB / 46.79GiB
18:49:40 vewbox-db-1 94.78MiB / 46.79GiB
18:49:46 vewbox-asr-1 678.1MiB / 46.79GiB
18:49:46 vewbox-comfyui-1 40.63GiB / 46.79GiB
18:49:46 vewbox-tts-1 2.675GiB / 46.79GiB
18:49:46 vewbox-db-1 94.7MiB / 46.79GiB
18:49:52 vewbox-asr-1 678.1MiB / 46.79GiB
18:49:52 vewbox-comfyui-1 40.63GiB / 46.79GiB
18:49:52 vewbox-tts-1 2.675GiB / 46.79GiB
18:49:52 vewbox-db-1 94.33MiB / 46.79GiB
18:49:58 vewbox-asr-1 678.2MiB / 46.79GiB
18:49:58 vewbox-comfyui-1 40.63GiB / 46.79GiB
18:49:58 vewbox-tts-1 2.675GiB / 46.79GiB
18:49:58 vewbox-db-1 95.09MiB / 46.79GiB
18:50:04 vewbox-asr-1 678MiB / 46.79GiB
18:50:04 vewbox-comfyui-1 40.63GiB / 46.79GiB
18:50:04 vewbox-tts-1 2.675GiB / 46.79GiB
18:50:04 vewbox-db-1 95.93MiB / 46.79GiB
18:50:10 vewbox-asr-1 678MiB / 46.79GiB
18:50:10 vewbox-comfyui-1 40.63GiB / 46.79GiB
18:50:10 vewbox-tts-1 2.675GiB / 46.79GiB
18:50:10 vewbox-db-1 94.57MiB / 46.79GiB
18:50:16 vewbox-asr-1 677.3MiB / 46.79GiB
18:50:16 vewbox-comfyui-1 40.6GiB / 46.79GiB
18:50:16 vewbox-tts-1 2.674GiB / 46.79GiB
18:50:16 vewbox-db-1 94.77MiB / 46.79GiB
18:50:22 vewbox-asr-1 677.2MiB / 46.79GiB
18:50:22 vewbox-comfyui-1 40.6GiB / 46.79GiB
18:50:22 vewbox-tts-1 2.674GiB / 46.79GiB
18:50:22 vewbox-db-1 95.47MiB / 46.79GiB
18:50:28 vewbox-asr-1 677.2MiB / 46.79GiB
18:50:28 vewbox-comfyui-1 40.6GiB / 46.79GiB
18:50:28 vewbox-tts-1 2.674GiB / 46.79GiB
18:50:28 vewbox-db-1 95.47MiB / 46.79GiB
18:50:34 vewbox-asr-1 677.2MiB / 46.79GiB
18:50:34 vewbox-comfyui-1 40.6GiB / 46.79GiB
18:50:34 vewbox-tts-1 2.674GiB / 46.79GiB
18:50:34 vewbox-db-1 94.96MiB / 46.79GiB
18:50:40 vewbox-asr-1 677.4MiB / 46.79GiB
18:50:40 vewbox-comfyui-1 40.6GiB / 46.79GiB
18:50:40 vewbox-tts-1 2.674GiB / 46.79GiB
18:50:40 vewbox-db-1 94.86MiB / 46.79GiB
18:50:46 vewbox-asr-1 677.3MiB / 46.79GiB
18:50:46 vewbox-comfyui-1 40.6GiB / 46.79GiB
18:50:46 vewbox-tts-1 2.674GiB / 46.79GiB
18:50:46 vewbox-db-1 94.79MiB / 46.79GiB
18:50:52 vewbox-asr-1 677.3MiB / 46.79GiB
18:50:52 vewbox-comfyui-1 40.6GiB / 46.79GiB
18:50:52 vewbox-tts-1 2.674GiB / 46.79GiB
18:50:52 vewbox-db-1 95.87MiB / 46.79GiB
18:50:58 vewbox-asr-1 676.6MiB / 46.79GiB
18:50:58 vewbox-comfyui-1 39.48GiB / 46.79GiB
18:50:58 vewbox-tts-1 2.674GiB / 46.79GiB
18:50:58 vewbox-db-1 95.17MiB / 46.79GiB
18:51:04 vewbox-asr-1 672.5MiB / 46.79GiB
18:51:04 vewbox-comfyui-1 41.77GiB / 46.79GiB
18:51:04 vewbox-tts-1 2.626GiB / 46.79GiB
18:51:04 vewbox-db-1 92.96MiB / 46.79GiB
18:51:10 vewbox-asr-1 576.3MiB / 46.79GiB
18:51:10 vewbox-comfyui-1 37.71GiB / 46.79GiB
18:51:10 vewbox-tts-1 2.412GiB / 46.79GiB
18:51:10 vewbox-db-1 81.96MiB / 46.79GiB
18:51:16 vewbox-asr-1 996.8MiB / 46.79GiB
18:51:16 vewbox-comfyui-1 1.897GiB / 46.79GiB
18:51:16 vewbox-tts-1 2.425GiB / 46.79GiB
18:51:16 vewbox-db-1 84.47MiB / 46.79GiB
18:51:22 vewbox-asr-1 607.7MiB / 46.79GiB
18:51:22 vewbox-comfyui-1 4.462GiB / 46.79GiB
18:51:22 vewbox-tts-1 2.426GiB / 46.79GiB
18:51:22 vewbox-db-1 84.73MiB / 46.79GiB
18:51:28 vewbox-asr-1 607.7MiB / 46.79GiB
18:51:28 vewbox-comfyui-1 10.81GiB / 46.79GiB
18:51:28 vewbox-tts-1 2.426GiB / 46.79GiB
18:51:28 vewbox-db-1 85.44MiB / 46.79GiB
18:51:34 vewbox-asr-1 607.7MiB / 46.79GiB
18:51:34 vewbox-comfyui-1 10.87GiB / 46.79GiB
18:51:34 vewbox-tts-1 2.426GiB / 46.79GiB
18:51:34 vewbox-db-1 85.46MiB / 46.79GiB
18:51:40 vewbox-asr-1 608.3MiB / 46.79GiB
18:51:40 vewbox-comfyui-1 10.91GiB / 46.79GiB
18:51:40 vewbox-tts-1 2.425GiB / 46.79GiB
18:51:40 vewbox-db-1 86.46MiB / 46.79GiB
18:51:46 vewbox-asr-1 608.2MiB / 46.79GiB
18:51:46 vewbox-comfyui-1 10.91GiB / 46.79GiB
18:51:46 vewbox-tts-1 2.427GiB / 46.79GiB
18:51:46 vewbox-db-1 86.46MiB / 46.79GiB
18:51:52 vewbox-asr-1 608.2MiB / 46.79GiB
18:51:52 vewbox-comfyui-1 10.91GiB / 46.79GiB
18:51:52 vewbox-tts-1 2.427GiB / 46.79GiB
18:51:52 vewbox-db-1 86.69MiB / 46.79GiB
18:51:58 vewbox-asr-1 608.2MiB / 46.79GiB
18:51:58 vewbox-comfyui-1 10.91GiB / 46.79GiB
18:51:58 vewbox-tts-1 2.427GiB / 46.79GiB
18:51:58 vewbox-db-1 87.48MiB / 46.79GiB
18:52:04 vewbox-asr-1 607.7MiB / 46.79GiB
18:52:04 vewbox-comfyui-1 10.91GiB / 46.79GiB
18:52:04 vewbox-tts-1 2.427GiB / 46.79GiB
18:52:04 vewbox-db-1 87.39MiB / 46.79GiB
18:52:10 vewbox-asr-1 607.7MiB / 46.79GiB
18:52:10 vewbox-comfyui-1 10.91GiB / 46.79GiB
18:52:10 vewbox-tts-1 2.427GiB / 46.79GiB
18:52:10 vewbox-db-1 87.73MiB / 46.79GiB
18:52:16 vewbox-asr-1 607.7MiB / 46.79GiB
18:52:16 vewbox-comfyui-1 10.91GiB / 46.79GiB
18:52:16 vewbox-tts-1 2.427GiB / 46.79GiB
18:52:16 vewbox-db-1 87.64MiB / 46.79GiB
18:52:22 vewbox-asr-1 607.8MiB / 46.79GiB
18:52:22 vewbox-comfyui-1 10.91GiB / 46.79GiB
18:52:22 vewbox-tts-1 2.427GiB / 46.79GiB
18:52:22 vewbox-db-1 88.47MiB / 46.79GiB
18:52:28 vewbox-asr-1 608MiB / 46.79GiB
18:52:28 vewbox-comfyui-1 10.91GiB / 46.79GiB
18:52:28 vewbox-tts-1 2.427GiB / 46.79GiB
18:52:28 vewbox-db-1 88MiB / 46.79GiB
18:52:34 vewbox-asr-1 608MiB / 46.79GiB
18:52:34 vewbox-comfyui-1 10.91GiB / 46.79GiB
18:52:34 vewbox-tts-1 2.427GiB / 46.79GiB
18:52:34 vewbox-db-1 87.26MiB / 46.79GiB
18:52:40 vewbox-asr-1 608.4MiB / 46.79GiB
18:52:40 vewbox-comfyui-1 10.91GiB / 46.79GiB
18:52:40 vewbox-tts-1 2.427GiB / 46.79GiB
18:52:40 vewbox-db-1 88.03MiB / 46.79GiB
18:52:46 vewbox-asr-1 608.3MiB / 46.79GiB
18:52:46 vewbox-comfyui-1 10.91GiB / 46.79GiB
18:52:46 vewbox-tts-1 2.428GiB / 46.79GiB
18:52:46 vewbox-db-1 87.66MiB / 46.79GiB
18:52:52 vewbox-asr-1 608.3MiB / 46.79GiB
18:52:52 vewbox-comfyui-1 10.91GiB / 46.79GiB
18:52:52 vewbox-tts-1 2.428GiB / 46.79GiB
18:52:52 vewbox-db-1 88.24MiB / 46.79GiB
18:52:58 vewbox-asr-1 608.6MiB / 46.79GiB
18:52:58 vewbox-comfyui-1 10.91GiB / 46.79GiB
18:52:58 vewbox-tts-1 2.428GiB / 46.79GiB
18:52:58 vewbox-db-1 87.82MiB / 46.79GiB
18:53:04 vewbox-asr-1 608.5MiB / 46.79GiB
18:53:04 vewbox-comfyui-1 10.91GiB / 46.79GiB
18:53:04 vewbox-tts-1 2.427GiB / 46.79GiB
18:53:04 vewbox-db-1 88.43MiB / 46.79GiB
18:53:10 vewbox-asr-1 608.3MiB / 46.79GiB
18:53:10 vewbox-comfyui-1 10.91GiB / 46.79GiB
18:53:10 vewbox-tts-1 2.427GiB / 46.79GiB
18:53:10 vewbox-db-1 88.21MiB / 46.79GiB
18:53:16 vewbox-asr-1 3.862GiB / 46.79GiB
18:53:16 vewbox-comfyui-1 10.91GiB / 46.79GiB
18:53:16 vewbox-tts-1 2.427GiB / 46.79GiB
18:53:16 vewbox-db-1 87.84MiB / 46.79GiB
18:53:22 vewbox-asr-1 3.863GiB / 46.79GiB
18:53:22 vewbox-comfyui-1 10.91GiB / 46.79GiB
18:53:22 vewbox-tts-1 2.426GiB / 46.79GiB
18:53:22 vewbox-db-1 87.82MiB / 46.79GiB
18:53:28 vewbox-asr-1 3.863GiB / 46.79GiB
18:53:28 vewbox-comfyui-1 10.91GiB / 46.79GiB
18:53:28 vewbox-tts-1 2.426GiB / 46.79GiB
18:53:28 vewbox-db-1 87.12MiB / 46.79GiB
18:53:34 vewbox-asr-1 3.863GiB / 46.79GiB
18:53:34 vewbox-comfyui-1 10.91GiB / 46.79GiB
18:53:34 vewbox-tts-1 2.426GiB / 46.79GiB
18:53:34 vewbox-db-1 87.46MiB / 46.79GiB
18:53:40 vewbox-asr-1 3.863GiB / 46.79GiB
18:53:40 vewbox-comfyui-1 10.91GiB / 46.79GiB
18:53:40 vewbox-tts-1 2.426GiB / 46.79GiB
18:53:40 vewbox-db-1 87.73MiB / 46.79GiB
18:53:46 vewbox-asr-1 960.1MiB / 46.79GiB
18:53:46 vewbox-comfyui-1 10.41GiB / 46.79GiB
18:53:46 vewbox-tts-1 2.386GiB / 46.79GiB
18:53:46 vewbox-db-1 78.52MiB / 46.79GiB
18:53:52 vewbox-asr-1 960.1MiB / 46.79GiB
18:53:52 vewbox-comfyui-1 10.41GiB / 46.79GiB
18:53:52 vewbox-tts-1 2.387GiB / 46.79GiB
18:53:52 vewbox-db-1 80.42MiB / 46.79GiB
18:53:58 vewbox-asr-1 962.6MiB / 46.79GiB
18:53:58 vewbox-comfyui-1 10.41GiB / 46.79GiB
18:53:58 vewbox-tts-1 2.39GiB / 46.79GiB
18:53:58 vewbox-db-1 80.26MiB / 46.79GiB
18:54:04 vewbox-asr-1 962.5MiB / 46.79GiB
18:54:04 vewbox-comfyui-1 10.41GiB / 46.79GiB
18:54:04 vewbox-tts-1 2.39GiB / 46.79GiB
18:54:04 vewbox-db-1 80.89MiB / 46.79GiB
18:54:10 vewbox-asr-1 962.3MiB / 46.79GiB
18:54:10 vewbox-comfyui-1 10.42GiB / 46.79GiB
18:54:10 vewbox-tts-1 2.39GiB / 46.79GiB
18:54:10 vewbox-db-1 81.52MiB / 46.79GiB
18:54:16 vewbox-asr-1 577.7MiB / 46.79GiB
18:54:16 vewbox-comfyui-1 1.855GiB / 46.79GiB
18:54:16 vewbox-tts-1 2.391GiB / 46.79GiB
18:54:16 vewbox-db-1 81.38MiB / 46.79GiB
18:54:22 vewbox-asr-1 579.2MiB / 46.79GiB
18:54:22 vewbox-comfyui-1 2.273GiB / 46.79GiB
18:54:22 vewbox-tts-1 2.393GiB / 46.79GiB
18:54:22 vewbox-db-1 81.48MiB / 46.79GiB
18:54:28 vewbox-asr-1 579.2MiB / 46.79GiB
18:54:28 vewbox-comfyui-1 3.273GiB / 46.79GiB
18:54:28 vewbox-tts-1 2.393GiB / 46.79GiB
18:54:28 vewbox-db-1 81.2MiB / 46.79GiB
18:54:34 vewbox-asr-1 579.1MiB / 46.79GiB
18:54:34 vewbox-comfyui-1 10.6GiB / 46.79GiB
18:54:34 vewbox-tts-1 2.393GiB / 46.79GiB
18:54:34 vewbox-db-1 81.82MiB / 46.79GiB
18:54:40 vewbox-asr-1 579.2MiB / 46.79GiB
18:54:40 vewbox-comfyui-1 18.74GiB / 46.79GiB
18:54:40 vewbox-tts-1 2.393GiB / 46.79GiB
18:54:40 vewbox-db-1 82.11MiB / 46.79GiB
18:54:46 vewbox-asr-1 579.2MiB / 46.79GiB
18:54:46 vewbox-comfyui-1 22.4GiB / 46.79GiB
18:54:46 vewbox-tts-1 2.393GiB / 46.79GiB
18:54:46 vewbox-db-1 82.4MiB / 46.79GiB
18:54:52 vewbox-asr-1 579MiB / 46.79GiB
18:54:52 vewbox-comfyui-1 25.21GiB / 46.79GiB
18:54:52 vewbox-tts-1 2.393GiB / 46.79GiB
18:54:52 vewbox-db-1 82.23MiB / 46.79GiB
18:54:58 vewbox-asr-1 580.2MiB / 46.79GiB
18:54:58 vewbox-comfyui-1 28.39GiB / 46.79GiB
18:54:58 vewbox-tts-1 2.393GiB / 46.79GiB
18:54:58 vewbox-db-1 82.82MiB / 46.79GiB
18:55:04 vewbox-asr-1 579.4MiB / 46.79GiB
18:55:04 vewbox-comfyui-1 30.52GiB / 46.79GiB
18:55:04 vewbox-tts-1 2.393GiB / 46.79GiB
18:55:04 vewbox-db-1 82.43MiB / 46.79GiB
18:55:10 vewbox-asr-1 579.4MiB / 46.79GiB
18:55:10 vewbox-comfyui-1 33.89GiB / 46.79GiB
18:55:10 vewbox-tts-1 2.393GiB / 46.79GiB
18:55:10 vewbox-db-1 82.78MiB / 46.79GiB
18:55:16 vewbox-asr-1 579.4MiB / 46.79GiB
18:55:16 vewbox-comfyui-1 37.34GiB / 46.79GiB
18:55:16 vewbox-tts-1 2.393GiB / 46.79GiB
18:55:16 vewbox-db-1 82.45MiB / 46.79GiB
18:55:22 vewbox-asr-1 576.3MiB / 46.79GiB
18:55:22 vewbox-comfyui-1 41.14GiB / 46.79GiB
18:55:22 vewbox-tts-1 2.389GiB / 46.79GiB
18:55:22 vewbox-db-1 82.86MiB / 46.79GiB
18:55:28 vewbox-asr-1 569.8MiB / 46.79GiB
18:55:28 vewbox-comfyui-1 41.48GiB / 46.79GiB
18:55:28 vewbox-tts-1 2.365GiB / 46.79GiB
18:55:28 vewbox-db-1 85.64MiB / 46.79GiB
18:55:34 vewbox-asr-1 569.8MiB / 46.79GiB
18:55:34 vewbox-comfyui-1 41.48GiB / 46.79GiB
18:55:34 vewbox-tts-1 2.365GiB / 46.79GiB
18:55:34 vewbox-db-1 86.57MiB / 46.79GiB
18:55:40 vewbox-asr-1 576.1MiB / 46.79GiB
18:55:40 vewbox-comfyui-1 41.48GiB / 46.79GiB
18:55:40 vewbox-tts-1 2.365GiB / 46.79GiB
18:55:40 vewbox-db-1 86.74MiB / 46.79GiB
18:55:46 vewbox-asr-1 576.1MiB / 46.79GiB
18:55:46 vewbox-comfyui-1 41.48GiB / 46.79GiB
18:55:46 vewbox-tts-1 2.365GiB / 46.79GiB
18:55:46 vewbox-db-1 87.03MiB / 46.79GiB
18:55:52 vewbox-asr-1 576.1MiB / 46.79GiB
18:55:52 vewbox-comfyui-1 41.48GiB / 46.79GiB
18:55:52 vewbox-tts-1 2.366GiB / 46.79GiB
18:55:52 vewbox-db-1 87.41MiB / 46.79GiB
18:55:58 vewbox-asr-1 576.5MiB / 46.79GiB
18:55:58 vewbox-comfyui-1 41.48GiB / 46.79GiB
18:55:58 vewbox-tts-1 2.366GiB / 46.79GiB
18:55:58 vewbox-db-1 87.11MiB / 46.79GiB
18:56:04 vewbox-asr-1 576.5MiB / 46.79GiB
18:56:04 vewbox-comfyui-1 41.49GiB / 46.79GiB
18:56:04 vewbox-tts-1 2.365GiB / 46.79GiB
18:56:04 vewbox-db-1 86.88MiB / 46.79GiB
18:56:10 vewbox-asr-1 576.5MiB / 46.79GiB
18:56:10 vewbox-comfyui-1 41.49GiB / 46.79GiB
18:56:10 vewbox-tts-1 2.365GiB / 46.79GiB
18:56:10 vewbox-db-1 86.45MiB / 46.79GiB
18:56:16 vewbox-asr-1 576.2MiB / 46.79GiB
18:56:16 vewbox-comfyui-1 41.49GiB / 46.79GiB
18:56:16 vewbox-tts-1 2.366GiB / 46.79GiB
18:56:16 vewbox-db-1 86.73MiB / 46.79GiB
18:56:22 vewbox-asr-1 576.3MiB / 46.79GiB
18:56:22 vewbox-comfyui-1 41.49GiB / 46.79GiB
18:56:22 vewbox-tts-1 2.366GiB / 46.79GiB
18:56:22 vewbox-db-1 86.58MiB / 46.79GiB
18:56:28 vewbox-asr-1 576.3MiB / 46.79GiB
18:56:28 vewbox-comfyui-1 41.49GiB / 46.79GiB
18:56:28 vewbox-tts-1 2.366GiB / 46.79GiB
18:56:28 vewbox-db-1 86.8MiB / 46.79GiB
18:56:34 vewbox-asr-1 576.3MiB / 46.79GiB
18:56:34 vewbox-comfyui-1 41.49GiB / 46.79GiB
18:56:34 vewbox-tts-1 2.366GiB / 46.79GiB
18:56:34 vewbox-db-1 86.79MiB / 46.79GiB
18:56:40 vewbox-asr-1 576MiB / 46.79GiB
18:56:40 vewbox-comfyui-1 41.49GiB / 46.79GiB
18:56:40 vewbox-tts-1 2.366GiB / 46.79GiB
18:56:40 vewbox-db-1 87.12MiB / 46.79GiB
18:56:46 vewbox-asr-1 576MiB / 46.79GiB
18:56:46 vewbox-comfyui-1 41.49GiB / 46.79GiB
18:56:46 vewbox-tts-1 2.366GiB / 46.79GiB
18:56:46 vewbox-db-1 87.06MiB / 46.79GiB
18:56:52 vewbox-asr-1 575.8MiB / 46.79GiB
18:56:52 vewbox-comfyui-1 41.49GiB / 46.79GiB
18:56:52 vewbox-tts-1 2.366GiB / 46.79GiB
18:56:52 vewbox-db-1 87.04MiB / 46.79GiB
18:56:58 vewbox-asr-1 576.1MiB / 46.79GiB
18:56:58 vewbox-comfyui-1 41.49GiB / 46.79GiB
18:56:58 vewbox-tts-1 2.366GiB / 46.79GiB
18:56:58 vewbox-db-1 87.06MiB / 46.79GiB
18:57:04 vewbox-asr-1 575.8MiB / 46.79GiB
18:57:04 vewbox-comfyui-1 41.49GiB / 46.79GiB
18:57:04 vewbox-tts-1 2.366GiB / 46.79GiB
18:57:04 vewbox-db-1 87.34MiB / 46.79GiB
18:57:10 vewbox-asr-1 575.8MiB / 46.79GiB
18:57:10 vewbox-comfyui-1 41.49GiB / 46.79GiB
18:57:10 vewbox-tts-1 2.366GiB / 46.79GiB
18:57:10 vewbox-db-1 87.57MiB / 46.79GiB
18:57:16 vewbox-asr-1 568.4MiB / 46.79GiB
18:57:16 vewbox-comfyui-1 41.38GiB / 46.79GiB
18:57:16 vewbox-tts-1 2.321GiB / 46.79GiB
18:57:16 vewbox-db-1 86.12MiB / 46.79GiB
18:57:22 vewbox-asr-1 549.5MiB / 46.79GiB
18:57:22 vewbox-comfyui-1 40.49GiB / 46.79GiB
18:57:22 vewbox-tts-1 2.231GiB / 46.79GiB
18:57:22 vewbox-db-1 79.22MiB / 46.79GiB
18:57:28 vewbox-asr-1 959.7MiB / 46.79GiB
18:57:28 vewbox-comfyui-1 2.368GiB / 46.79GiB
18:57:28 vewbox-tts-1 2.232GiB / 46.79GiB
18:57:28 vewbox-db-1 82MiB / 46.79GiB
18:57:34 vewbox-asr-1 570.4MiB / 46.79GiB
18:57:34 vewbox-comfyui-1 5.013GiB / 46.79GiB
18:57:34 vewbox-tts-1 2.232GiB / 46.79GiB
18:57:34 vewbox-db-1 81.67MiB / 46.79GiB
18:57:40 vewbox-asr-1 570MiB / 46.79GiB
18:57:40 vewbox-comfyui-1 11.79GiB / 46.79GiB
18:57:40 vewbox-tts-1 2.232GiB / 46.79GiB
18:57:40 vewbox-db-1 82.47MiB / 46.79GiB
18:57:46 vewbox-asr-1 570MiB / 46.79GiB
18:57:46 vewbox-comfyui-1 11.92GiB / 46.79GiB
18:57:46 vewbox-tts-1 2.232GiB / 46.79GiB
18:57:46 vewbox-db-1 82.16MiB / 46.79GiB
18:57:52 vewbox-asr-1 570.3MiB / 46.79GiB
18:57:52 vewbox-comfyui-1 11.89GiB / 46.79GiB
18:57:52 vewbox-tts-1 2.232GiB / 46.79GiB
18:57:52 vewbox-db-1 82.16MiB / 46.79GiB
18:57:58 vewbox-asr-1 570.5MiB / 46.79GiB
18:57:58 vewbox-comfyui-1 11.89GiB / 46.79GiB
18:57:58 vewbox-tts-1 2.232GiB / 46.79GiB
18:57:58 vewbox-db-1 82.41MiB / 46.79GiB
18:58:04 vewbox-asr-1 570.3MiB / 46.79GiB
18:58:04 vewbox-comfyui-1 11.89GiB / 46.79GiB
18:58:04 vewbox-tts-1 2.232GiB / 46.79GiB
18:58:04 vewbox-db-1 81.53MiB / 46.79GiB
18:58:10 vewbox-asr-1 570.3MiB / 46.79GiB
18:58:10 vewbox-comfyui-1 11.89GiB / 46.79GiB
18:58:10 vewbox-tts-1 2.232GiB / 46.79GiB
18:58:10 vewbox-db-1 85.79MiB / 46.79GiB
18:58:16 vewbox-asr-1 570.3MiB / 46.79GiB
18:58:16 vewbox-comfyui-1 11.89GiB / 46.79GiB
18:58:16 vewbox-tts-1 2.232GiB / 46.79GiB
18:58:16 vewbox-db-1 82.46MiB / 46.79GiB
18:58:22 vewbox-asr-1 570.4MiB / 46.79GiB
18:58:22 vewbox-comfyui-1 11.89GiB / 46.79GiB
18:58:22 vewbox-tts-1 2.232GiB / 46.79GiB
18:58:22 vewbox-db-1 82.07MiB / 46.79GiB
18:58:28 vewbox-asr-1 570.3MiB / 46.79GiB
18:58:28 vewbox-comfyui-1 11.89GiB / 46.79GiB
18:58:28 vewbox-tts-1 2.232GiB / 46.79GiB
18:58:28 vewbox-db-1 80.41MiB / 46.79GiB
18:58:34 vewbox-asr-1 570.3MiB / 46.79GiB
18:58:34 vewbox-comfyui-1 11.89GiB / 46.79GiB
18:58:34 vewbox-tts-1 2.232GiB / 46.79GiB
18:58:34 vewbox-db-1 81.2MiB / 46.79GiB
18:58:40 vewbox-asr-1 570.2MiB / 46.79GiB
18:58:40 vewbox-comfyui-1 11.89GiB / 46.79GiB
18:58:40 vewbox-tts-1 2.232GiB / 46.79GiB
18:58:40 vewbox-db-1 81.46MiB / 46.79GiB
18:58:46 vewbox-asr-1 570.1MiB / 46.79GiB
18:58:46 vewbox-comfyui-1 11.89GiB / 46.79GiB
18:58:46 vewbox-tts-1 2.232GiB / 46.79GiB
18:58:46 vewbox-db-1 82.21MiB / 46.79GiB
18:58:52 vewbox-asr-1 570.1MiB / 46.79GiB
18:58:52 vewbox-comfyui-1 11.89GiB / 46.79GiB
18:58:52 vewbox-tts-1 2.232GiB / 46.79GiB
18:58:52 vewbox-db-1 81.85MiB / 46.79GiB
18:58:58 vewbox-asr-1 570.7MiB / 46.79GiB
18:58:58 vewbox-comfyui-1 11.89GiB / 46.79GiB
18:58:58 vewbox-tts-1 2.232GiB / 46.79GiB
18:58:58 vewbox-db-1 83.14MiB / 46.79GiB
18:59:04 vewbox-asr-1 570.4MiB / 46.79GiB
18:59:04 vewbox-comfyui-1 11.89GiB / 46.79GiB
18:59:04 vewbox-tts-1 2.232GiB / 46.79GiB
18:59:04 vewbox-db-1 83.5MiB / 46.79GiB
18:59:10 vewbox-asr-1 570.4MiB / 46.79GiB
18:59:10 vewbox-comfyui-1 11.89GiB / 46.79GiB
18:59:10 vewbox-tts-1 2.232GiB / 46.79GiB
18:59:10 vewbox-db-1 83.9MiB / 46.79GiB
18:59:16 vewbox-asr-1 570.4MiB / 46.79GiB
18:59:16 vewbox-comfyui-1 11.89GiB / 46.79GiB
18:59:16 vewbox-tts-1 2.232GiB / 46.79GiB
18:59:16 vewbox-db-1 83.43MiB / 46.79GiB
18:59:22 vewbox-asr-1 569.9MiB / 46.79GiB
18:59:22 vewbox-comfyui-1 11.89GiB / 46.79GiB
18:59:22 vewbox-tts-1 2.232GiB / 46.79GiB
18:59:22 vewbox-db-1 84.21MiB / 46.79GiB
18:59:28 vewbox-asr-1 569.9MiB / 46.79GiB
18:59:28 vewbox-comfyui-1 11.9GiB / 46.79GiB
18:59:28 vewbox-tts-1 2.232GiB / 46.79GiB
18:59:28 vewbox-db-1 84.03MiB / 46.79GiB
18:59:34 vewbox-asr-1 569.9MiB / 46.79GiB
18:59:34 vewbox-comfyui-1 11.89GiB / 46.79GiB
18:59:34 vewbox-tts-1 2.232GiB / 46.79GiB
18:59:34 vewbox-db-1 83.85MiB / 46.79GiB
18:59:40 vewbox-asr-1 570.5MiB / 46.79GiB
18:59:40 vewbox-comfyui-1 11.89GiB / 46.79GiB
18:59:40 vewbox-tts-1 2.232GiB / 46.79GiB
18:59:40 vewbox-db-1 84.2MiB / 46.79GiB
18:59:46 vewbox-asr-1 570.4MiB / 46.79GiB
18:59:46 vewbox-comfyui-1 11.89GiB / 46.79GiB
18:59:46 vewbox-tts-1 2.231GiB / 46.79GiB
18:59:46 vewbox-db-1 83.78MiB / 46.79GiB
18:59:52 vewbox-asr-1 567.8MiB / 46.79GiB
18:59:52 vewbox-comfyui-1 11.88GiB / 46.79GiB
18:59:52 vewbox-tts-1 2.231GiB / 46.79GiB
18:59:52 vewbox-db-1 79.62MiB / 46.79GiB
18:59:58 vewbox-asr-1 544.8MiB / 46.79GiB
18:59:58 vewbox-comfyui-1 10.46GiB / 46.79GiB
18:59:58 vewbox-tts-1 2.217GiB / 46.79GiB
18:59:58 vewbox-db-1 71.34MiB / 46.79GiB
19:00:04 vewbox-asr-1 544.7MiB / 46.79GiB
19:00:04 vewbox-comfyui-1 10.46GiB / 46.79GiB
19:00:04 vewbox-tts-1 2.217GiB / 46.79GiB
19:00:04 vewbox-db-1 75.92MiB / 46.79GiB
19:00:10 vewbox-asr-1 544.7MiB / 46.79GiB
19:00:10 vewbox-comfyui-1 10.47GiB / 46.79GiB
19:00:10 vewbox-tts-1 2.217GiB / 46.79GiB
19:00:10 vewbox-db-1 76.29MiB / 46.79GiB
19:00:16 vewbox-asr-1 544.7MiB / 46.79GiB
19:00:16 vewbox-comfyui-1 10.47GiB / 46.79GiB
19:00:16 vewbox-tts-1 2.217GiB / 46.79GiB
19:00:16 vewbox-db-1 76.21MiB / 46.79GiB
19:00:22 vewbox-asr-1 551.1MiB / 46.79GiB
19:00:22 vewbox-comfyui-1 10.47GiB / 46.79GiB
19:00:22 vewbox-tts-1 2.218GiB / 46.79GiB
19:00:22 vewbox-db-1 76.55MiB / 46.79GiB
19:00:28 vewbox-asr-1 551.1MiB / 46.79GiB
19:00:28 vewbox-comfyui-1 10.47GiB / 46.79GiB
19:00:28 vewbox-tts-1 2.218GiB / 46.79GiB
19:00:28 vewbox-db-1 75.88MiB / 46.79GiB
19:00:34 vewbox-asr-1 551.1MiB / 46.79GiB
19:00:34 vewbox-comfyui-1 10.47GiB / 46.79GiB
19:00:34 vewbox-tts-1 2.218GiB / 46.79GiB
19:00:34 vewbox-db-1 74.57MiB / 46.79GiB
19:00:40 vewbox-asr-1 551.7MiB / 46.79GiB
19:00:40 vewbox-comfyui-1 10.47GiB / 46.79GiB
19:00:40 vewbox-tts-1 2.218GiB / 46.79GiB
19:00:40 vewbox-db-1 74.68MiB / 46.79GiB
19:00:46 vewbox-asr-1 551.7MiB / 46.79GiB
19:00:46 vewbox-comfyui-1 10.47GiB / 46.79GiB
19:00:46 vewbox-tts-1 2.218GiB / 46.79GiB
19:00:46 vewbox-db-1 75.28MiB / 46.79GiB
19:00:52 vewbox-asr-1 551.9MiB / 46.79GiB
19:00:52 vewbox-comfyui-1 10.47GiB / 46.79GiB
19:00:52 vewbox-tts-1 2.22GiB / 46.79GiB
19:00:52 vewbox-db-1 74.89MiB / 46.79GiB
19:00:58 vewbox-asr-1 552.2MiB / 46.79GiB
19:00:58 vewbox-comfyui-1 10.47GiB / 46.79GiB
19:00:58 vewbox-tts-1 2.22GiB / 46.79GiB
19:00:58 vewbox-db-1 75.45MiB / 46.79GiB
19:01:04 vewbox-asr-1 552.1MiB / 46.79GiB
19:01:04 vewbox-comfyui-1 10.47GiB / 46.79GiB
19:01:04 vewbox-tts-1 2.22GiB / 46.79GiB
19:01:04 vewbox-db-1 75.74MiB / 46.79GiB
19:01:10 vewbox-asr-1 552MiB / 46.79GiB
19:01:10 vewbox-comfyui-1 10.47GiB / 46.79GiB
19:01:10 vewbox-tts-1 2.22GiB / 46.79GiB
19:01:10 vewbox-db-1 75.91MiB / 46.79GiB
19:01:16 vewbox-asr-1 552MiB / 46.79GiB
19:01:16 vewbox-comfyui-1 10.47GiB / 46.79GiB
19:01:16 vewbox-tts-1 2.22GiB / 46.79GiB
19:01:16 vewbox-db-1 76.18MiB / 46.79GiB
19:01:22 vewbox-asr-1 552.7MiB / 46.79GiB
19:01:22 vewbox-comfyui-1 10.47GiB / 46.79GiB
19:01:22 vewbox-tts-1 2.22GiB / 46.79GiB
19:01:22 vewbox-db-1 76.99MiB / 46.79GiB
19:01:28 vewbox-asr-1 552.7MiB / 46.79GiB
19:01:28 vewbox-comfyui-1 10.47GiB / 46.79GiB
19:01:28 vewbox-tts-1 2.22GiB / 46.79GiB
19:01:28 vewbox-db-1 76.32MiB / 46.79GiB
19:01:34 vewbox-asr-1 552.7MiB / 46.79GiB
19:01:34 vewbox-comfyui-1 10.47GiB / 46.79GiB
19:01:34 vewbox-tts-1 2.22GiB / 46.79GiB
19:01:34 vewbox-db-1 76.92MiB / 46.79GiB
19:01:40 vewbox-asr-1 552.3MiB / 46.79GiB
19:01:40 vewbox-comfyui-1 10.47GiB / 46.79GiB
19:01:40 vewbox-tts-1 2.22GiB / 46.79GiB
19:01:40 vewbox-db-1 76.77MiB / 46.79GiB
19:01:46 vewbox-asr-1 552.2MiB / 46.79GiB
19:01:46 vewbox-comfyui-1 10.47GiB / 46.79GiB
19:01:46 vewbox-tts-1 2.22GiB / 46.79GiB
19:01:46 vewbox-db-1 76.39MiB / 46.79GiB
19:01:52 vewbox-asr-1 552.2MiB / 46.79GiB
19:01:52 vewbox-comfyui-1 10.47GiB / 46.79GiB
19:01:52 vewbox-tts-1 2.22GiB / 46.79GiB
19:01:52 vewbox-db-1 71.6MiB / 46.79GiB
19:01:58 vewbox-asr-1 553MiB / 46.79GiB
19:01:58 vewbox-comfyui-1 10.47GiB / 46.79GiB
19:01:58 vewbox-tts-1 2.22GiB / 46.79GiB
19:01:58 vewbox-db-1 72.16MiB / 46.79GiB
19:02:04 vewbox-asr-1 552.9MiB / 46.79GiB
19:02:04 vewbox-comfyui-1 10.47GiB / 46.79GiB
19:02:04 vewbox-tts-1 2.22GiB / 46.79GiB
19:02:04 vewbox-db-1 71.94MiB / 46.79GiB
19:02:10 vewbox-asr-1 552.9MiB / 46.79GiB
19:02:10 vewbox-comfyui-1 10.48GiB / 46.79GiB
19:02:10 vewbox-tts-1 2.22GiB / 46.79GiB
19:02:10 vewbox-db-1 72.08MiB / 46.79GiB
19:02:17 vewbox-asr-1 552.9MiB / 46.79GiB
19:02:17 vewbox-comfyui-1 10.48GiB / 46.79GiB
19:02:17 vewbox-tts-1 2.22GiB / 46.79GiB
19:02:17 vewbox-db-1 71.82MiB / 46.79GiB
19:02:22 vewbox-asr-1 552.8MiB / 46.79GiB
19:02:22 vewbox-comfyui-1 10.48GiB / 46.79GiB
19:02:22 vewbox-tts-1 2.221GiB / 46.79GiB
19:02:22 vewbox-db-1 76.21MiB / 46.79GiB
19:02:28 vewbox-asr-1 552.6MiB / 46.79GiB
19:02:28 vewbox-comfyui-1 10.47GiB / 46.79GiB
19:02:28 vewbox-tts-1 2.22GiB / 46.79GiB
19:02:28 vewbox-db-1 76.06MiB / 46.79GiB
19:02:34 vewbox-asr-1 552.6MiB / 46.79GiB
19:02:34 vewbox-comfyui-1 10.47GiB / 46.79GiB
19:02:34 vewbox-tts-1 2.22GiB / 46.79GiB
19:02:34 vewbox-db-1 75.81MiB / 46.79GiB
19:02:40 vewbox-asr-1 552.5MiB / 46.79GiB
19:02:40 vewbox-comfyui-1 10.47GiB / 46.79GiB
19:02:40 vewbox-tts-1 2.22GiB / 46.79GiB
19:02:40 vewbox-db-1 76.41MiB / 46.79GiB
19:02:46 vewbox-asr-1 552.4MiB / 46.79GiB
19:02:46 vewbox-comfyui-1 10.47GiB / 46.79GiB
19:02:46 vewbox-tts-1 2.22GiB / 46.79GiB
19:02:46 vewbox-db-1 76.93MiB / 46.79GiB
19:02:52 vewbox-asr-1 552.7MiB / 46.79GiB
19:02:52 vewbox-comfyui-1 10.47GiB / 46.79GiB
19:02:52 vewbox-tts-1 2.22GiB / 46.79GiB
19:02:52 vewbox-db-1 78.76MiB / 46.79GiB
19:02:58 vewbox-asr-1 553.2MiB / 46.79GiB
19:02:58 vewbox-comfyui-1 10.47GiB / 46.79GiB
19:02:58 vewbox-tts-1 2.22GiB / 46.79GiB
19:02:58 vewbox-db-1 77.73MiB / 46.79GiB
19:03:04 vewbox-asr-1 553.1MiB / 46.79GiB
19:03:04 vewbox-comfyui-1 10.47GiB / 46.79GiB
19:03:04 vewbox-tts-1 2.22GiB / 46.79GiB
19:03:04 vewbox-db-1 80.46MiB / 46.79GiB
19:03:10 vewbox-asr-1 553MiB / 46.79GiB
19:03:10 vewbox-comfyui-1 10.47GiB / 46.79GiB
19:03:10 vewbox-tts-1 2.22GiB / 46.79GiB
19:03:10 vewbox-db-1 79.48MiB / 46.79GiB
19:03:17 vewbox-asr-1 553MiB / 46.79GiB
19:03:17 vewbox-comfyui-1 10.47GiB / 46.79GiB
19:03:17 vewbox-tts-1 2.22GiB / 46.79GiB
19:03:17 vewbox-db-1 79.69MiB / 46.79GiB
19:03:22 vewbox-asr-1 552.7MiB / 46.79GiB
19:03:22 vewbox-comfyui-1 10.47GiB / 46.79GiB
19:03:22 vewbox-tts-1 2.22GiB / 46.79GiB
19:03:22 vewbox-db-1 79.73MiB / 46.79GiB
19:03:28 vewbox-asr-1 552.7MiB / 46.79GiB
19:03:28 vewbox-comfyui-1 10.47GiB / 46.79GiB
19:03:28 vewbox-tts-1 2.22GiB / 46.79GiB
19:03:28 vewbox-db-1 79.74MiB / 46.79GiB
19:03:34 vewbox-asr-1 552.7MiB / 46.79GiB
19:03:34 vewbox-comfyui-1 10.47GiB / 46.79GiB
19:03:34 vewbox-tts-1 2.22GiB / 46.79GiB
19:03:34 vewbox-db-1 80.94MiB / 46.79GiB
19:03:40 vewbox-asr-1 552.5MiB / 46.79GiB
19:03:40 vewbox-comfyui-1 10.47GiB / 46.79GiB
19:03:40 vewbox-tts-1 2.22GiB / 46.79GiB
19:03:40 vewbox-db-1 80.25MiB / 46.79GiB
19:03:47 vewbox-asr-1 552.5MiB / 46.79GiB
19:03:47 vewbox-comfyui-1 10.47GiB / 46.79GiB
19:03:47 vewbox-tts-1 2.22GiB / 46.79GiB
19:03:47 vewbox-db-1 80.85MiB / 46.79GiB
19:03:52 vewbox-asr-1 552.5MiB / 46.79GiB
19:03:52 vewbox-comfyui-1 10.47GiB / 46.79GiB
19:03:52 vewbox-tts-1 2.22GiB / 46.79GiB
19:03:52 vewbox-db-1 81.73MiB / 46.79GiB
19:03:58 vewbox-asr-1 553.3MiB / 46.79GiB
19:03:58 vewbox-comfyui-1 10.47GiB / 46.79GiB
19:03:58 vewbox-tts-1 2.22GiB / 46.79GiB
19:03:58 vewbox-db-1 80.99MiB / 46.79GiB
19:04:04 vewbox-asr-1 553.1MiB / 46.79GiB
19:04:04 vewbox-comfyui-1 10.47GiB / 46.79GiB
19:04:04 vewbox-tts-1 2.22GiB / 46.79GiB
19:04:04 vewbox-db-1 81.43MiB / 46.79GiB
19:04:10 vewbox-asr-1 553.1MiB / 46.79GiB
19:04:10 vewbox-comfyui-1 10.47GiB / 46.79GiB
19:04:10 vewbox-tts-1 2.22GiB / 46.79GiB
19:04:10 vewbox-db-1 81.33MiB / 46.79GiB
19:04:17 vewbox-asr-1 553.1MiB / 46.79GiB
19:04:17 vewbox-comfyui-1 10.47GiB / 46.79GiB
19:04:17 vewbox-tts-1 2.22GiB / 46.79GiB
19:04:17 vewbox-db-1 82.42MiB / 46.79GiB
19:04:22 vewbox-asr-1 552.6MiB / 46.79GiB
19:04:22 vewbox-comfyui-1 10.47GiB / 46.79GiB
19:04:22 vewbox-tts-1 2.22GiB / 46.79GiB
19:04:22 vewbox-db-1 81.45MiB / 46.79GiB
19:04:28 vewbox-asr-1 552.6MiB / 46.79GiB
19:04:28 vewbox-comfyui-1 10.47GiB / 46.79GiB
19:04:28 vewbox-tts-1 2.22GiB / 46.79GiB
19:04:28 vewbox-db-1 81.2MiB / 46.79GiB
