2026/10/05 19:24:50.727, 21133 MiB, 32 %
2026/10/05 19:24:52.750, 21313 MiB, 0 %
2026/10/05 19:24:54.791, 21313 MiB, 88 %
2026/10/05 19:24:56.825, 21313 MiB, 91 %
2026/10/05 19:24:58.865, 21313 MiB, 87 %
2026/10/05 19:25:00.897, 21313 MiB, 89 %
2026/10/05 19:25:02.935, 21313 MiB, 89 %
2026/10/05 19:25:04.946, 21313 MiB, 85 %
2026/10/05 19:25:06.977, 21313 MiB, 89 %
2026/10/05 19:25:09.011, 21313 MiB, 89 %
2026/10/05 19:25:11.034, 21313 MiB, 0 %
2026/10/05 19:25:13.072, 1772 MiB, 10 %
2026/10/05 19:25:15.103, 6030 MiB, 10 %
2026/10/05 19:25:17.131, 8078 MiB, 0 %
2026/10/05 19:25:19.158, 12430 MiB, 11 %
2026/10/05 19:25:21.189, 15150 MiB, 14 %
2026/10/05 19:25:23.230, 18318 MiB, 15 %
2026/10/05 19:25:25.261, 21614 MiB, 10 %
2026/10/05 19:25:27.290, 24814 MiB, 19 %
2026/10/05 19:25:29.310, 28238 MiB, 9 %
2026/10/05 19:25:31.346, 28398 MiB, 99 %
2026/10/05 19:25:33.376, 28398 MiB, 97 %
2026/10/05 19:25:35.409, 28398 MiB, 99 %
2026/10/05 19:25:37.441, 28398 MiB, 99 %
2026/10/05 19:25:39.472, 28398 MiB, 99 %
2026/10/05 19:25:41.484, 28398 MiB, 99 %
2026/10/05 19:25:43.527, 28398 MiB, 99 %
2026/10/05 19:25:45.550, 28398 MiB, 99 %
2026/10/05 19:25:47.593, 28398 MiB, 99 %
2026/10/05 19:25:49.626, 28398 MiB, 97 %
2026/10/05 19:25:51.665, 28398 MiB, 99 %
2026/10/05 19:25:53.701, 28398 MiB, 99 %
2026/10/05 19:25:55.741, 28398 MiB, 99 %
2026/10/05 19:25:57.775, 28398 MiB, 99 %
2026/10/05 19:25:59.796, 28398 MiB, 99 %
2026/10/05 19:26:01.836, 28398 MiB, 99 %
2026/10/05 19:26:03.868, 28398 MiB, 99 %
2026/10/05 19:26:05.893, 28398 MiB, 99 %
2026/10/05 19:26:07.921, 28398 MiB, 99 %
2026/10/05 19:26:09.948, 28398 MiB, 99 %
2026/10/05 19:26:11.977, 27760 MiB, 0 %
2026/10/05 19:26:14.004, 27760 MiB, 0 %
2026/10/05 19:26:16.032, 27760 MiB, 0 %
2026/10/05 19:26:18.048, 27760 MiB, 0 %
2026/10/05 19:26:20.075, 27760 MiB, 0 %
2026/10/05 19:26:22.114, 27760 MiB, 0 %
2026/10/05 19:26:24.142, 27760 MiB, 0 %
2026/10/05 19:26:26.174, 27760 MiB, 0 %
2026/10/05 19:26:28.202, 27760 MiB, 0 %
2026/10/05 19:26:30.230, 27760 MiB, 0 %
2026/10/05 19:26:32.249, 27760 MiB, 0 %
2026/10/05 19:26:34.266, 27760 MiB, 0 %
2026/10/05 19:26:36.287, 27760 MiB, 0 %
2026/10/05 19:26:38.322, 27760 MiB, 0 %
2026/10/05 19:26:40.336, 27760 MiB, 0 %
2026/10/05 19:26:42.357, 27760 MiB, 0 %
2026/10/05 19:26:44.371, 27760 MiB, 0 %
2026/10/05 19:26:46.401, 27760 MiB, 0 %
2026/10/05 19:26:48.420, 27760 MiB, 0 %
2026/10/05 19:26:50.442, 27760 MiB, 0 %
2026/10/05 19:26:52.470, 27760 MiB, 0 %
2026/10/05 19:26:54.490, 27760 MiB, 0 %
2026/10/05 19:26:56.512, 27760 MiB, 0 %
2026/10/05 19:26:58.526, 27760 MiB, 0 %
2026/10/05 19:27:00.534, 27760 MiB, 0 %
2026/10/05 19:27:02.561, 27760 MiB, 0 %
2026/10/05 19:27:04.586, 27760 MiB, 0 %
2026/10/05 19:27:06.615, 27760 MiB, 0 %
2026/10/05 19:27:08.640, 27760 MiB, 0 %
2026/10/05 19:27:10.659, 27760 MiB, 0 %
2026/10/05 19:27:12.674, 27760 MiB, 0 %
2026/10/05 19:27:14.694, 27760 MiB, 0 %
2026/10/05 19:27:16.709, 27760 MiB, 0 %
2026/10/05 19:27:18.727, 27760 MiB, 0 %
2026/10/05 19:27:20.754, 27760 MiB, 0 %
2026/10/05 19:27:22.788, 27760 MiB, 0 %
2026/10/05 19:27:24.820, 27760 MiB, 0 %
2026/10/05 19:27:26.857, 27760 MiB, 0 %
2026/10/05 19:27:28.898, 27760 MiB, 0 %
2026/10/05 19:27:30.922, 27760 MiB, 0 %
2026/10/05 19:27:32.962, 27760 MiB, 0 %
2026/10/05 19:27:34.981, 27760 MiB, 0 %
2026/10/05 19:27:37.004, 27760 MiB, 0 %
2026/10/05 19:27:39.018, 27760 MiB, 0 %
2026/10/05 19:27:41.032, 27760 MiB, 0 %
2026/10/05 19:27:43.043, 27760 MiB, 0 %
2026/10/05 19:27:45.067, 27760 MiB, 0 %
2026/10/05 19:27:47.103, 27760 MiB, 0 %
2026/10/05 19:27:49.136, 27760 MiB, 0 %
2026/10/05 19:27:51.172, 27760 MiB, 0 %
2026/10/05 19:27:53.201, 27760 MiB, 0 %
2026/10/05 19:27:55.219, 27760 MiB, 0 %
2026/10/05 19:27:57.250, 27760 MiB, 0 %
2026/10/05 19:27:59.279, 27760 MiB, 0 %
2026/10/05 19:28:01.315, 27760 MiB, 0 %
2026/10/05 19:28:03.334, 27760 MiB, 0 %
2026/10/05 19:28:05.376, 27760 MiB, 0 %
2026/10/05 19:28:07.408, 27760 MiB, 0 %
2026/10/05 19:28:09.439, 27760 MiB, 0 %
2026/10/05 19:28:11.473, 27760 MiB, 0 %
2026/10/05 19:28:13.504, 27760 MiB, 0 %
2026/10/05 19:28:15.531, 27760 MiB, 0 %
2026/10/05 19:28:17.570, 27760 MiB, 0 %
2026/10/05 19:28:19.579, 27760 MiB, 0 %
2026/10/05 19:28:21.607, 27760 MiB, 0 %
2026/10/05 19:28:23.627, 27760 MiB, 0 %
2026/10/05 19:28:25.642, 27760 MiB, 0 %
2026/10/05 19:28:27.670, 27760 MiB, 0 %
2026/10/05 19:28:29.691, 27760 MiB, 0 %
2026/10/05 19:28:31.722, 27760 MiB, 0 %
2026/10/05 19:28:33.750, 27760 MiB, 0 %
2026/10/05 19:28:35.775, 27760 MiB, 0 %
2026/10/05 19:28:37.810, 27760 MiB, 0 %
2026/10/05 19:28:39.831, 27760 MiB, 0 %
2026/10/05 19:28:41.849, 27760 MiB, 0 %
2026/10/05 19:28:43.874, 27760 MiB, 0 %
2026/10/05 19:28:45.901, 27760 MiB, 0 %
2026/10/05 19:28:47.922, 27760 MiB, 0 %
2026/10/05 19:28:49.952, 27760 MiB, 0 %
2026/10/05 19:28:51.971, 27760 MiB, 0 %
2026/10/05 19:28:53.999, 27760 MiB, 0 %
2026/10/05 19:28:56.014, 27760 MiB, 0 %
2026/10/05 19:28:58.044, 27760 MiB, 0 %
2026/10/05 19:29:00.072, 27760 MiB, 0 %
2026/10/05 19:29:02.098, 27760 MiB, 0 %
2026/10/05 19:29:04.112, 27760 MiB, 0 %
2026/10/05 19:29:06.142, 27760 MiB, 0 %
2026/10/05 19:29:08.171, 27760 MiB, 0 %
2026/10/05 19:29:10.200, 27760 MiB, 0 %
2026/10/05 19:29:12.233, 27760 MiB, 0 %
2026/10/05 19:29:14.245, 27760 MiB, 0 %
2026/10/05 19:29:16.274, 27760 MiB, 0 %
2026/10/05 19:29:18.283, 27760 MiB, 0 %
2026/10/05 19:29:20.302, 27760 MiB, 0 %
2026/10/05 19:29:22.325, 27760 MiB, 0 %
2026/10/05 19:29:24.358, 27760 MiB, 0 %
2026/10/05 19:29:26.366, 27760 MiB, 0 %
2026/10/05 19:29:28.393, 27760 MiB, 0 %
2026/10/05 19:29:30.428, 27760 MiB, 0 %
2026/10/05 19:29:32.450, 27760 MiB, 0 %
2026/10/05 19:29:34.498, 27760 MiB, 0 %
2026/10/05 19:29:36.540, 27760 MiB, 0 %
2026/10/05 19:29:38.570, 27760 MiB, 0 %
2026/10/05 19:29:40.596, 27760 MiB, 0 %
2026/10/05 19:29:42.610, 27760 MiB, 0 %
2026/10/05 19:29:44.638, 27760 MiB, 0 %
2026/10/05 19:29:46.661, 27760 MiB, 0 %
2026/10/05 19:29:48.681, 27760 MiB, 0 %
2026/10/05 19:29:50.725, 27760 MiB, 0 %
2026/10/05 19:29:52.739, 27760 MiB, 0 %
2026/10/05 19:29:54.772, 27760 MiB, 0 %
2026/10/05 19:29:56.798, 27760 MiB, 0 %
2026/10/05 19:29:58.808, 27760 MiB, 0 %
2026/10/05 19:30:00.836, 27760 MiB, 0 %
2026/10/05 19:30:02.863, 27760 MiB, 0 %
2026/10/05 19:30:04.884, 27760 MiB, 0 %
2026/10/05 19:30:06.900, 27760 MiB, 0 %
2026/10/05 19:30:08.920, 27760 MiB, 0 %
2026/10/05 19:30:10.961, 27760 MiB, 0 %
2026/10/05 19:30:12.994, 27760 MiB, 0 %
2026/10/05 19:30:15.027, 27760 MiB, 0 %
2026/10/05 19:30:17.054, 27760 MiB, 0 %
2026/10/05 19:30:19.081, 27760 MiB, 0 %
2026/10/05 19:30:21.089, 27760 MiB, 0 %
2026/10/05 19:30:23.116, 27760 MiB, 0 %
2026/10/05 19:30:25.137, 27760 MiB, 0 %
2026/10/05 19:30:27.181, 27760 MiB, 0 %
2026/10/05 19:30:29.214, 27760 MiB, 0 %
2026/10/05 19:30:31.228, 27760 MiB, 0 %
2026/10/05 19:30:33.236, 27760 MiB, 0 %
2026/10/05 19:30:35.263, 27760 MiB, 0 %
2026/10/05 19:30:37.298, 27760 MiB, 0 %
2026/10/05 19:30:39.333, 27760 MiB, 0 %
2026/10/05 19:30:41.368, 27760 MiB, 0 %
2026/10/05 19:30:43.383, 27760 MiB, 0 %
2026/10/05 19:30:45.419, 27760 MiB, 0 %
2026/10/05 19:30:47.446, 27760 MiB, 0 %
2026/10/05 19:30:49.474, 27760 MiB, 0 %
2026/10/05 19:30:51.496, 27760 MiB, 0 %
2026/10/05 19:30:53.509, 27760 MiB, 0 %
2026/10/05 19:30:55.531, 27760 MiB, 0 %
2026/10/05 19:30:57.546, 27760 MiB, 0 %
2026/10/05 19:30:59.558, 27760 MiB, 0 %
2026/10/05 19:31:01.594, 27760 MiB, 0 %
2026/10/05 19:31:03.623, 27760 MiB, 0 %
2026/10/05 19:31:05.660, 27760 MiB, 0 %
2026/10/05 19:31:07.705, 27760 MiB, 0 %
2026/10/05 19:31:09.726, 27760 MiB, 0 %
2026/10/05 19:31:11.753, 27760 MiB, 0 %
2026/10/05 19:31:13.768, 27760 MiB, 0 %
2026/10/05 19:31:15.803, 27760 MiB, 0 %
2026/10/05 19:31:17.832, 27760 MiB, 0 %
2026/10/05 19:31:19.867, 27760 MiB, 0 %
2026/10/05 19:31:21.894, 27760 MiB, 0 %
2026/10/05 19:31:23.909, 27760 MiB, 0 %
2026/10/05 19:31:25.932, 27760 MiB, 0 %
2026/10/05 19:31:27.951, 27760 MiB, 0 %
2026/10/05 19:31:29.965, 27760 MiB, 0 %
2026/10/05 19:31:31.986, 27760 MiB, 0 %
2026/10/05 19:31:34.021, 27760 MiB, 0 %
2026/10/05 19:31:36.065, 27760 MiB, 0 %
2026/10/05 19:31:38.077, 27760 MiB, 0 %
2026/10/05 19:31:40.105, 27760 MiB, 0 %
2026/10/05 19:31:42.119, 27760 MiB, 0 %
2026/10/05 19:31:44.140, 27760 MiB, 0 %
2026/10/05 19:31:46.162, 27760 MiB, 0 %
2026/10/05 19:31:48.199, 27760 MiB, 0 %
2026/10/05 19:31:50.217, 27760 MiB, 0 %
2026/10/05 19:31:52.255, 27760 MiB, 0 %
2026/10/05 19:31:54.281, 27760 MiB, 0 %
2026/10/05 19:31:56.309, 27760 MiB, 0 %
2026/10/05 19:31:58.327, 27760 MiB, 0 %
2026/10/05 19:32:00.359, 27760 MiB, 0 %
2026/10/05 19:32:02.381, 27760 MiB, 0 %
2026/10/05 19:32:04.407, 27760 MiB, 0 %
2026/10/05 19:32:06.449, 27760 MiB, 0 %
2026/10/05 19:32:08.493, 27760 MiB, 0 %
2026/10/05 19:32:10.519, 27760 MiB, 0 %
2026/10/05 19:32:12.540, 27760 MiB, 0 %
2026/10/05 19:32:14.554, 27760 MiB, 0 %
2026/10/05 19:32:16.576, 27760 MiB, 0 %
2026/10/05 19:32:18.605, 27760 MiB, 0 %
2026/10/05 19:32:20.640, 27760 MiB, 0 %
2026/10/05 19:32:22.673, 27760 MiB, 0 %
2026/10/05 19:32:24.688, 27760 MiB, 0 %
2026/10/05 19:32:26.712, 27760 MiB, 0 %
2026/10/05 19:32:28.745, 27760 MiB, 0 %
2026/10/05 19:32:30.759, 27760 MiB, 0 %
2026/10/05 19:32:32.779, 27760 MiB, 0 %
2026/10/05 19:32:34.810, 27760 MiB, 0 %
2026/10/05 19:32:36.858, 27760 MiB, 0 %
2026/10/05 19:32:38.884, 27760 MiB, 0 %
2026/10/05 19:32:40.899, 27760 MiB, 0 %
2026/10/05 19:32:42.944, 27760 MiB, 0 %
2026/10/05 19:32:44.954, 27760 MiB, 0 %
2026/10/05 19:32:46.989, 27760 MiB, 0 %
2026/10/05 19:32:49.021, 27760 MiB, 0 %
2026/10/05 19:32:51.032, 27760 MiB, 0 %
2026/10/05 19:32:53.059, 27760 MiB, 0 %
2026/10/05 19:32:55.085, 27760 MiB, 0 %
2026/10/05 19:32:57.116, 27760 MiB, 0 %
2026/10/05 19:32:59.144, 27760 MiB, 0 %
2026/10/05 19:33:01.174, 27760 MiB, 0 %
2026/10/05 19:33:03.195, 27760 MiB, 0 %
2026/10/05 19:33:05.214, 27760 MiB, 0 %
2026/10/05 19:33:07.256, 27760 MiB, 0 %
2026/10/05 19:33:09.291, 27760 MiB, 0 %
2026/10/05 19:33:11.312, 27760 MiB, 0 %
2026/10/05 19:33:13.357, 27760 MiB, 0 %
2026/10/05 19:33:15.377, 27760 MiB, 0 %
2026/10/05 19:33:17.405, 27760 MiB, 0 %
2026/10/05 19:33:19.417, 27760 MiB, 0 %
2026/10/05 19:33:21.448, 27760 MiB, 0 %
2026/10/05 19:33:23.480, 27760 MiB, 0 %
2026/10/05 19:33:25.502, 27760 MiB, 0 %
2026/10/05 19:33:27.517, 27760 MiB, 0 %
2026/10/05 19:33:29.543, 27760 MiB, 0 %
2026/10/05 19:33:31.559, 27760 MiB, 0 %
2026/10/05 19:33:33.580, 27760 MiB, 0 %
2026/10/05 19:33:35.602, 27760 MiB, 0 %
2026/10/05 19:33:37.621, 27760 MiB, 0 %
2026/10/05 19:33:39.649, 27760 MiB, 0 %
2026/10/05 19:33:41.670, 27760 MiB, 0 %
2026/10/05 19:33:43.699, 27760 MiB, 0 %
2026/10/05 19:33:45.726, 27760 MiB, 0 %
2026/10/05 19:33:47.754, 27760 MiB, 0 %
2026/10/05 19:33:49.762, 27760 MiB, 0 %
2026/10/05 19:33:51.790, 27760 MiB, 0 %
2026/10/05 19:33:53.820, 27760 MiB, 0 %
2026/10/05 19:33:55.863, 27760 MiB, 0 %
2026/10/05 19:33:57.902, 27760 MiB, 0 %
2026/10/05 19:33:59.929, 27760 MiB, 0 %
2026/10/05 19:34:01.952, 27760 MiB, 0 %
2026/10/05 19:34:03.972, 27760 MiB, 0 %
2026/10/05 19:34:06.010, 27760 MiB, 0 %
2026/10/05 19:34:08.029, 27760 MiB, 0 %
2026/10/05 19:34:10.048, 27760 MiB, 0 %
2026/10/05 19:34:12.071, 27760 MiB, 0 %
2026/10/05 19:34:14.093, 27760 MiB, 0 %
2026/10/05 19:34:16.131, 27760 MiB, 0 %
2026/10/05 19:34:18.152, 27760 MiB, 0 %
2026/10/05 19:34:20.183, 27760 MiB, 0 %
2026/10/05 19:34:22.219, 27760 MiB, 0 %
2026/10/05 19:34:24.254, 27760 MiB, 0 %
2026/10/05 19:34:26.263, 27760 MiB, 0 %
2026/10/05 19:34:28.287, 27760 MiB, 0 %
2026/10/05 19:34:30.308, 27760 MiB, 0 %
2026/10/05 19:34:32.337, 27760 MiB, 0 %
2026/10/05 19:34:34.364, 27760 MiB, 0 %
2026/10/05 19:34:36.400, 27760 MiB, 0 %
2026/10/05 19:34:38.428, 27760 MiB, 0 %
2026/10/05 19:34:40.451, 27760 MiB, 0 %
2026/10/05 19:34:42.486, 27760 MiB, 0 %
2026/10/05 19:34:44.512, 27760 MiB, 0 %
2026/10/05 19:34:46.533, 27760 MiB, 0 %
2026/10/05 19:34:48.563, 27760 MiB, 0 %
2026/10/05 19:34:50.584, 27760 MiB, 0 %
2026/10/05 19:34:52.619, 27760 MiB, 0 %
2026/10/05 19:34:54.645, 27760 MiB, 0 %
2026/10/05 19:34:56.682, 27760 MiB, 0 %
2026/10/05 19:34:58.695, 27760 MiB, 0 %
2026/10/05 19:35:00.722, 27760 MiB, 0 %
2026/10/05 19:35:02.737, 27760 MiB, 0 %
2026/10/05 19:35:04.760, 27760 MiB, 0 %
2026/10/05 19:35:06.794, 27760 MiB, 0 %
2026/10/05 19:35:08.818, 27760 MiB, 0 %
2026/10/05 19:35:10.842, 27760 MiB, 0 %
2026/10/05 19:35:12.863, 27760 MiB, 0 %
2026/10/05 19:35:14.877, 27760 MiB, 0 %
2026/10/05 19:35:16.891, 27760 MiB, 0 %
2026/10/05 19:35:18.912, 27760 MiB, 0 %
2026/10/05 19:35:20.934, 27760 MiB, 0 %
2026/10/05 19:35:22.975, 27760 MiB, 0 %
2026/10/05 19:35:25.003, 27760 MiB, 0 %
2026/10/05 19:35:27.040, 27760 MiB, 0 %
2026/10/05 19:35:29.057, 27760 MiB, 0 %
2026/10/05 19:35:31.089, 27760 MiB, 0 %
2026/10/05 19:35:33.122, 27760 MiB, 0 %
2026/10/05 19:35:35.151, 27760 MiB, 0 %
2026/10/05 19:35:37.180, 27760 MiB, 0 %
2026/10/05 19:35:39.214, 27760 MiB, 0 %
2026/10/05 19:35:41.235, 27760 MiB, 0 %
2026/10/05 19:35:43.263, 27760 MiB, 0 %
2026/10/05 19:35:45.298, 27760 MiB, 0 %
2026/10/05 19:35:47.305, 27760 MiB, 0 %
2026/10/05 19:35:49.319, 27760 MiB, 0 %
2026/10/05 19:35:51.349, 27760 MiB, 0 %
2026/10/05 19:35:53.376, 27760 MiB, 0 %
2026/10/05 19:35:55.398, 27760 MiB, 0 %
2026/10/05 19:35:57.421, 27760 MiB, 0 %
2026/10/05 19:35:59.446, 27760 MiB, 0 %
2026/10/05 19:36:01.481, 27760 MiB, 0 %
2026/10/05 19:36:03.502, 27760 MiB, 0 %
2026/10/05 19:36:05.530, 27760 MiB, 0 %
2026/10/05 19:36:07.559, 27760 MiB, 0 %
2026/10/05 19:36:09.581, 27760 MiB, 0 %
2026/10/05 19:36:11.603, 27760 MiB, 0 %
2026/10/05 19:36:13.637, 27760 MiB, 0 %
2026/10/05 19:36:15.658, 27760 MiB, 0 %
2026/10/05 19:36:17.684, 27760 MiB, 0 %
2026/10/05 19:36:19.721, 27760 MiB, 0 %
2026/10/05 19:36:21.747, 27760 MiB, 0 %
2026/10/05 19:36:23.761, 27760 MiB, 0 %
2026/10/05 19:36:25.791, 27760 MiB, 0 %
2026/10/05 19:36:27.838, 27760 MiB, 0 %
2026/10/05 19:36:29.880, 27760 MiB, 0 %
2026/10/05 19:36:31.908, 27760 MiB, 0 %
2026/10/05 19:36:33.929, 27760 MiB, 0 %
2026/10/05 19:36:35.950, 27760 MiB, 0 %
2026/10/05 19:36:37.977, 27760 MiB, 0 %
2026/10/05 19:36:40.007, 27760 MiB, 0 %
2026/10/05 19:36:42.016, 27760 MiB, 0 %
2026/10/05 19:36:44.042, 27760 MiB, 0 %
2026/10/05 19:36:46.064, 27760 MiB, 0 %
2026/10/05 19:36:48.092, 27760 MiB, 0 %
2026/10/05 19:36:50.119, 27760 MiB, 0 %
2026/10/05 19:36:52.154, 27760 MiB, 0 %
2026/10/05 19:36:54.171, 27760 MiB, 0 %
2026/10/05 19:36:56.205, 27760 MiB, 0 %
2026/10/05 19:36:58.233, 27760 MiB, 0 %
2026/10/05 19:37:00.245, 27760 MiB, 0 %
2026/10/05 19:37:02.261, 27760 MiB, 0 %
2026/10/05 19:37:04.296, 27760 MiB, 0 %
2026/10/05 19:37:06.316, 27760 MiB, 0 %
2026/10/05 19:37:08.346, 27760 MiB, 0 %
2026/10/05 19:37:10.372, 27760 MiB, 0 %
2026/10/05 19:37:12.403, 27760 MiB, 0 %
2026/10/05 19:37:14.435, 27760 MiB, 0 %
2026/10/05 19:37:16.450, 27760 MiB, 0 %
2026/10/05 19:37:18.477, 27760 MiB, 0 %
2026/10/05 19:37:20.496, 27760 MiB, 0 %
2026/10/05 19:37:22.516, 27760 MiB, 0 %
2026/10/05 19:37:24.534, 27760 MiB, 0 %
2026/10/05 19:37:26.554, 27760 MiB, 0 %
2026/10/05 19:37:28.582, 27760 MiB, 0 %
2026/10/05 19:37:30.612, 27760 MiB, 0 %
2026/10/05 19:37:32.638, 27760 MiB, 0 %
2026/10/05 19:37:34.667, 27760 MiB, 0 %
2026/10/05 19:37:36.696, 27760 MiB, 0 %
2026/10/05 19:37:38.723, 27760 MiB, 0 %
2026/10/05 19:37:40.744, 27760 MiB, 0 %
2026/10/05 19:37:42.772, 27760 MiB, 0 %
2026/10/05 19:37:44.810, 27760 MiB, 0 %
2026/10/05 19:37:46.835, 27760 MiB, 0 %
2026/10/05 19:37:48.870, 27760 MiB, 0 %
2026/10/05 19:37:50.898, 27760 MiB, 0 %
2026/10/05 19:37:52.935, 27760 MiB, 0 %
2026/10/05 19:37:54.963, 27760 MiB, 0 %
2026/10/05 19:37:56.991, 27760 MiB, 0 %
2026/10/05 19:37:59.027, 27760 MiB, 0 %
2026/10/05 19:38:01.059, 27760 MiB, 0 %
2026/10/05 19:38:03.074, 27760 MiB, 0 %
2026/10/05 19:38:05.101, 27760 MiB, 0 %
2026/10/05 19:38:07.130, 27760 MiB, 0 %
2026/10/05 19:38:09.158, 27760 MiB, 0 %
2026/10/05 19:38:11.179, 27760 MiB, 0 %
2026/10/05 19:38:13.212, 27760 MiB, 0 %
2026/10/05 19:38:15.221, 27760 MiB, 0 %
2026/10/05 19:38:17.230, 27760 MiB, 0 %
2026/10/05 19:38:19.256, 27760 MiB, 0 %
2026/10/05 19:38:21.270, 27760 MiB, 0 %
2026/10/05 19:38:23.298, 27760 MiB, 0 %
2026/10/05 19:38:25.326, 27760 MiB, 0 %
2026/10/05 19:38:27.367, 27760 MiB, 0 %
2026/10/05 19:38:29.397, 27760 MiB, 0 %
2026/10/05 19:38:31.424, 27760 MiB, 0 %
2026/10/05 19:38:33.446, 27760 MiB, 0 %
2026/10/05 19:38:35.476, 27760 MiB, 0 %
2026/10/05 19:38:37.497, 27760 MiB, 0 %
2026/10/05 19:38:39.516, 27760 MiB, 0 %
2026/10/05 19:38:41.558, 27760 MiB, 0 %
2026/10/05 19:38:43.575, 27760 MiB, 0 %
2026/10/05 19:38:45.603, 27760 MiB, 0 %
2026/10/05 19:38:47.621, 27760 MiB, 0 %
2026/10/05 19:38:49.642, 27760 MiB, 0 %
2026/10/05 19:38:51.679, 27760 MiB, 0 %
2026/10/05 19:38:53.706, 27760 MiB, 0 %
2026/10/05 19:38:55.726, 27760 MiB, 0 %
2026/10/05 19:38:57.747, 27760 MiB, 0 %
2026/10/05 19:38:59.768, 27760 MiB, 0 %
2026/10/05 19:39:01.790, 27760 MiB, 0 %
2026/10/05 19:39:03.818, 27760 MiB, 0 %
2026/10/05 19:39:05.846, 27760 MiB, 0 %
2026/10/05 19:39:07.874, 27760 MiB, 0 %
2026/10/05 19:39:09.888, 27760 MiB, 0 %
2026/10/05 19:39:11.902, 27760 MiB, 0 %
2026/10/05 19:39:13.916, 27760 MiB, 0 %
2026/10/05 19:39:15.944, 27760 MiB, 0 %
2026/10/05 19:39:17.972, 27760 MiB, 0 %
2026/10/05 19:39:20.003, 27760 MiB, 0 %
2026/10/05 19:39:22.055, 27760 MiB, 0 %
2026/10/05 19:39:24.084, 1183 MiB, 15 %
2026/10/05 19:39:26.109, 1183 MiB, 0 %
2026/10/05 19:39:28.146, 1183 MiB, 0 %
2026/10/05 19:39:30.186, 18003 MiB, 32 %
2026/10/05 19:39:32.221, 21293 MiB, 4 %
2026/10/05 19:39:34.257, 21317 MiB, 76 %
2026/10/05 19:39:36.272, 21317 MiB, 82 %
2026/10/05 19:39:38.309, 21317 MiB, 78 %
2026/10/05 19:39:40.340, 21317 MiB, 72 %
2026/10/05 19:39:42.365, 21317 MiB, 80 %
2026/10/05 19:39:44.399, 21317 MiB, 76 %
2026/10/05 19:39:46.418, 21317 MiB, 80 %
2026/10/05 19:39:48.459, 21317 MiB, 69 %
2026/10/05 19:39:50.483, 21317 MiB, 83 %
2026/10/05 19:39:52.521, 21317 MiB, 80 %
2026/10/05 19:39:54.551, 21317 MiB, 77 %
2026/10/05 19:39:56.582, 21317 MiB, 82 %
2026/10/05 19:39:58.625, 21317 MiB, 78 %
2026/10/05 19:40:00.653, 21317 MiB, 80 %
2026/10/05 19:40:02.685, 21317 MiB, 83 %
2026/10/05 19:40:04.713, 21317 MiB, 73 %
2026/10/05 19:40:06.768, 21317 MiB, 78 %
2026/10/05 19:40:08.800, 21317 MiB, 0 %
2026/10/05 19:40:10.824, 5929 MiB, 1 %
2026/10/05 19:40:12.842, 4880 MiB, 9 %
2026/10/05 19:40:14.868, 8656 MiB, 9 %
2026/10/05 19:40:16.883, 12016 MiB, 15 %
2026/10/05 19:40:18.904, 15056 MiB, 13 %
2026/10/05 19:40:20.936, 18160 MiB, 7 %
2026/10/05 19:40:22.976, 21264 MiB, 17 %
2026/10/05 19:40:25.015, 24208 MiB, 9 %
2026/10/05 19:40:27.061, 27312 MiB, 8 %
2026/10/05 19:40:29.099, 28336 MiB, 99 %
2026/10/05 19:40:31.126, 28336 MiB, 99 %
2026/10/05 19:40:33.156, 28336 MiB, 97 %
2026/10/05 19:40:35.198, 28336 MiB, 99 %
2026/10/05 19:40:37.229, 28336 MiB, 99 %
2026/10/05 19:40:39.269, 28336 MiB, 99 %
2026/10/05 19:40:41.301, 28336 MiB, 99 %
2026/10/05 19:40:43.328, 28336 MiB, 99 %
2026/10/05 19:40:45.365, 28336 MiB, 99 %
2026/10/05 19:40:47.394, 28336 MiB, 99 %
2026/10/05 19:40:49.429, 28336 MiB, 96 %
2026/10/05 19:40:51.474, 28336 MiB, 99 %
2026/10/05 19:40:53.520, 28336 MiB, 99 %
2026/10/05 19:40:55.555, 28336 MiB, 99 %
2026/10/05 19:40:57.588, 28336 MiB, 99 %
2026/10/05 19:40:59.616, 28336 MiB, 99 %
2026/10/05 19:41:01.639, 28336 MiB, 99 %
2026/10/05 19:41:03.667, 28336 MiB, 99 %
2026/10/05 19:41:05.705, 28336 MiB, 99 %
2026/10/05 19:41:07.723, 28336 MiB, 97 %
2026/10/05 19:41:09.744, 27760 MiB, 0 %
2026/10/05 19:41:11.781, 27760 MiB, 0 %
2026/10/05 19:41:13.816, 27760 MiB, 0 %
2026/10/05 19:41:15.835, 27760 MiB, 0 %
2026/10/05 19:41:17.863, 27760 MiB, 0 %
2026/10/05 19:41:19.884, 27760 MiB, 0 %
2026/10/05 19:41:21.913, 27760 MiB, 0 %
2026/10/05 19:41:23.920, 27760 MiB, 0 %
2026/10/05 19:41:25.941, 27760 MiB, 0 %
2026/10/05 19:41:27.962, 27760 MiB, 0 %
2026/10/05 19:41:29.977, 27760 MiB, 0 %
2026/10/05 19:41:32.004, 27760 MiB, 0 %
2026/10/05 19:41:34.018, 27760 MiB, 0 %
2026/10/05 19:41:36.039, 27760 MiB, 0 %
2026/10/05 19:41:38.067, 27760 MiB, 0 %
2026/10/05 19:41:40.088, 27760 MiB, 0 %
2026/10/05 19:41:42.117, 27760 MiB, 0 %
2026/10/05 19:41:44.137, 27760 MiB, 0 %
2026/10/05 19:41:46.159, 27760 MiB, 0 %
2026/10/05 19:41:48.188, 27760 MiB, 0 %
2026/10/05 19:41:50.208, 27760 MiB, 0 %
2026/10/05 19:41:52.230, 27760 MiB, 0 %
2026/10/05 19:41:54.257, 27760 MiB, 0 %
2026/10/05 19:41:56.278, 27760 MiB, 0 %
2026/10/05 19:41:58.292, 27760 MiB, 0 %
2026/10/05 19:42:00.314, 27760 MiB, 0 %
2026/10/05 19:42:02.341, 27760 MiB, 0 %
2026/10/05 19:42:04.363, 27760 MiB, 0 %
2026/10/05 19:42:06.384, 27760 MiB, 0 %
2026/10/05 19:42:08.406, 27760 MiB, 0 %
2026/10/05 19:42:10.419, 27760 MiB, 0 %
2026/10/05 19:42:12.448, 27760 MiB, 0 %
2026/10/05 19:42:14.468, 27760 MiB, 0 %
2026/10/05 19:42:16.504, 27760 MiB, 0 %
2026/10/05 19:42:18.518, 27760 MiB, 0 %
2026/10/05 19:42:20.538, 27760 MiB, 0 %
2026/10/05 19:42:22.560, 27760 MiB, 0 %
2026/10/05 19:42:24.580, 27760 MiB, 0 %
2026/10/05 19:42:26.595, 27760 MiB, 0 %
2026/10/05 19:42:28.630, 27760 MiB, 0 %
2026/10/05 19:42:30.651, 27760 MiB, 0 %
2026/10/05 19:42:32.686, 27760 MiB, 0 %
2026/10/05 19:42:34.721, 27760 MiB, 0 %
2026/10/05 19:42:36.735, 27760 MiB, 0 %
2026/10/05 19:42:38.756, 27760 MiB, 0 %
2026/10/05 19:42:40.770, 27760 MiB, 0 %
2026/10/05 19:42:42.793, 27760 MiB, 0 %
2026/10/05 19:42:44.829, 27760 MiB, 0 %
2026/10/05 19:42:46.863, 8080 MiB, 4 %
2026/10/05 19:42:48.896, 2000 MiB, 8 %
2026/10/05 19:42:50.943, 3856 MiB, 9 %
2026/10/05 19:42:52.978, 5968 MiB, 13 %
2026/10/05 19:42:55.015, 8432 MiB, 29 %
2026/10/05 19:42:57.057, 9970 MiB, 37 %
2026/10/05 19:42:59.087, 9970 MiB, 31 %
2026/10/05 19:43:01.125, 9970 MiB, 38 %
2026/10/05 19:43:03.144, 9970 MiB, 37 %
2026/10/05 19:43:05.164, 9970 MiB, 39 %
2026/10/05 19:43:07.212, 9490 MiB, 5 %
2026/10/05 19:43:09.251, 1185 MiB, 4 %
2026/10/05 19:43:11.292, 1185 MiB, 0 %
2026/10/05 19:43:13.343, 18005 MiB, 16 %
2026/10/05 19:43:15.366, 21139 MiB, 6 %
2026/10/05 19:43:17.403, 21319 MiB, 87 %
2026/10/05 19:43:19.435, 21319 MiB, 87 %
2026/10/05 19:43:21.480, 21319 MiB, 87 %
2026/10/05 19:43:23.502, 21319 MiB, 87 %
2026/10/05 19:43:25.541, 21319 MiB, 91 %
2026/10/05 19:43:27.580, 21319 MiB, 89 %
2026/10/05 19:43:29.632, 21319 MiB, 87 %
2026/10/05 19:43:31.673, 21319 MiB, 89 %
2026/10/05 19:43:33.722, 21319 MiB, 73 %
2026/10/05 19:43:35.752, 21319 MiB, 69 %
2026/10/05 19:43:37.775, 21319 MiB, 83 %
2026/10/05 19:43:39.819, 21319 MiB, 71 %
2026/10/05 19:43:41.866, 21319 MiB, 73 %
2026/10/05 19:43:43.915, 21319 MiB, 82 %
2026/10/05 19:43:45.959, 21319 MiB, 83 %
2026/10/05 19:43:47.985, 21319 MiB, 86 %
2026/10/05 19:43:50.001, 21319 MiB, 82 %
2026/10/05 19:43:52.048, 21319 MiB, 77 %
2026/10/05 19:43:54.081, 21319 MiB, 0 %
2026/10/05 19:43:56.134, 21319 MiB, 0 %
2026/10/05 19:43:58.176, 1490 MiB, 0 %
2026/10/05 19:44:00.213, 4818 MiB, 6 %
2026/10/05 19:44:02.246, 7602 MiB, 5 %
2026/10/05 19:44:04.259, 10770 MiB, 0 %
2026/10/05 19:44:06.300, 14418 MiB, 9 %
2026/10/05 19:44:08.333, 17810 MiB, 17 %
2026/10/05 19:44:10.363, 18098 MiB, 100 %
2026/10/05 19:44:12.407, 15986 MiB, 0 %
2026/10/05 19:44:14.458, 15986 MiB, 0 %
2026/10/05 19:44:16.484, 15986 MiB, 0 %
2026/10/05 19:44:18.499, 15986 MiB, 0 %
2026/10/05 19:44:20.521, 15986 MiB, 0 %
2026/10/05 19:44:22.548, 15986 MiB, 0 %
2026/10/05 19:44:24.562, 15986 MiB, 0 %
2026/10/05 19:44:26.582, 15986 MiB, 0 %
2026/10/05 19:44:28.597, 15986 MiB, 0 %
2026/10/05 19:44:30.625, 15986 MiB, 0 %
2026/10/05 19:44:32.653, 15986 MiB, 0 %
2026/10/05 19:44:34.668, 15986 MiB, 0 %
2026/10/05 19:44:36.689, 15986 MiB, 0 %
2026/10/05 19:44:38.710, 15986 MiB, 0 %
2026/10/05 19:44:40.724, 15986 MiB, 0 %
2026/10/05 19:44:42.738, 15986 MiB, 0 %
2026/10/05 19:44:44.773, 15986 MiB, 0 %
2026/10/05 19:44:46.796, 15986 MiB, 0 %
2026/10/05 19:44:48.808, 15986 MiB, 0 %
2026/10/05 19:44:50.829, 15986 MiB, 0 %
2026/10/05 19:44:52.850, 15986 MiB, 0 %
2026/10/05 19:44:54.864, 15986 MiB, 0 %
2026/10/05 19:44:56.893, 15986 MiB, 0 %
2026/10/05 19:44:58.914, 15986 MiB, 0 %
2026/10/05 19:45:00.942, 15986 MiB, 0 %
2026/10/05 19:45:02.956, 15986 MiB, 0 %
2026/10/05 19:45:04.970, 15986 MiB, 0 %
2026/10/05 19:45:06.998, 15986 MiB, 0 %
2026/10/05 19:45:09.019, 15986 MiB, 0 %
2026/10/05 19:45:11.054, 15986 MiB, 0 %
2026/10/05 19:45:13.082, 15986 MiB, 0 %
2026/10/05 19:45:15.117, 15986 MiB, 0 %
2026/10/05 19:45:17.131, 15986 MiB, 0 %
2026/10/05 19:45:19.153, 15986 MiB, 0 %
2026/10/05 19:45:21.181, 15986 MiB, 0 %
2026/10/05 19:45:23.204, 15986 MiB, 0 %
2026/10/05 19:45:25.230, 15986 MiB, 0 %
2026/10/05 19:45:27.244, 15986 MiB, 0 %
2026/10/05 19:45:29.272, 15986 MiB, 0 %
2026/10/05 19:45:31.300, 15986 MiB, 0 %
2026/10/05 19:45:33.314, 15986 MiB, 0 %
2026/10/05 19:45:35.336, 15986 MiB, 0 %
2026/10/05 19:45:37.356, 15986 MiB, 0 %
2026/10/05 19:45:39.391, 15986 MiB, 0 %
2026/10/05 19:45:41.420, 15986 MiB, 0 %
2026/10/05 19:45:43.440, 15986 MiB, 0 %
2026/10/05 19:45:45.476, 15986 MiB, 0 %
2026/10/05 19:45:47.497, 15986 MiB, 0 %
2026/10/05 19:45:49.518, 15986 MiB, 0 %
2026/10/05 19:45:51.553, 15986 MiB, 0 %
2026/10/05 19:45:53.560, 15986 MiB, 0 %
2026/10/05 19:45:55.581, 15986 MiB, 0 %
2026/10/05 19:45:57.616, 15986 MiB, 0 %
2026/10/05 19:45:59.652, 15986 MiB, 0 %
2026/10/05 19:46:01.679, 15986 MiB, 0 %
2026/10/05 19:46:03.700, 15986 MiB, 0 %
2026/10/05 19:46:05.715, 15986 MiB, 0 %
2026/10/05 19:46:07.735, 15986 MiB, 0 %
2026/10/05 19:46:09.757, 15986 MiB, 0 %
2026/10/05 19:46:11.778, 15986 MiB, 0 %
2026/10/05 19:46:13.807, 15986 MiB, 0 %
2026/10/05 19:46:15.848, 15986 MiB, 0 %
2026/10/05 19:46:17.869, 15986 MiB, 0 %
2026/10/05 19:46:19.890, 15986 MiB, 0 %
2026/10/05 19:46:21.918, 15986 MiB, 0 %
2026/10/05 19:46:23.932, 15986 MiB, 0 %
2026/10/05 19:46:25.953, 15986 MiB, 0 %
2026/10/05 19:46:27.974, 15986 MiB, 0 %
2026/10/05 19:46:29.988, 15986 MiB, 0 %
2026/10/05 19:46:32.017, 15986 MiB, 0 %
2026/10/05 19:46:34.038, 15986 MiB, 0 %
2026/10/05 19:46:36.059, 15986 MiB, 0 %
2026/10/05 19:46:38.101, 15986 MiB, 0 %
2026/10/05 19:46:40.129, 15986 MiB, 0 %
2026/10/05 19:46:42.150, 15986 MiB, 0 %
2026/10/05 19:46:44.171, 15986 MiB, 0 %
2026/10/05 19:46:46.199, 15986 MiB, 0 %
2026/10/05 19:46:48.220, 15986 MiB, 0 %
2026/10/05 19:46:50.241, 15986 MiB, 0 %
2026/10/05 19:46:52.265, 15986 MiB, 0 %
2026/10/05 19:46:54.297, 15986 MiB, 0 %
2026/10/05 19:46:56.325, 15986 MiB, 0 %
2026/10/05 19:46:58.360, 15986 MiB, 0 %
2026/10/05 19:47:00.382, 15986 MiB, 0 %
2026/10/05 19:47:02.409, 15986 MiB, 0 %
2026/10/05 19:47:04.424, 15986 MiB, 0 %
2026/10/05 19:47:06.431, 15986 MiB, 0 %
2026/10/05 19:47:08.459, 15986 MiB, 0 %
2026/10/05 19:47:10.480, 15986 MiB, 0 %
2026/10/05 19:47:12.501, 15986 MiB, 0 %
2026/10/05 19:47:14.536, 15986 MiB, 0 %
2026/10/05 19:47:16.557, 15986 MiB, 0 %
2026/10/05 19:47:18.593, 15986 MiB, 0 %
2026/10/05 19:47:20.620, 15986 MiB, 0 %
2026/10/05 19:47:22.645, 15986 MiB, 0 %
2026/10/05 19:47:24.676, 15986 MiB, 0 %
2026/10/05 19:47:26.691, 15986 MiB, 0 %
2026/10/05 19:47:28.712, 15986 MiB, 0 %
2026/10/05 19:47:30.733, 15986 MiB, 0 %
2026/10/05 19:47:32.768, 15986 MiB, 0 %
2026/10/05 19:47:34.789, 15986 MiB, 0 %
2026/10/05 19:47:36.827, 722 MiB, 5 %
2026/10/05 19:47:38.853, 690 MiB, 0 %
2026/10/05 19:47:40.878, 690 MiB, 0 %
2026/10/05 19:47:42.923, 690 MiB, 0 %
2026/10/05 19:47:44.952, 1575 MiB, 1 %
2026/10/05 19:47:46.988, 1575 MiB, 0 %
2026/10/05 19:47:49.035, 1575 MiB, 0 %
2026/10/05 19:47:51.075, 1575 MiB, 0 %
2026/10/05 19:47:53.117, 1575 MiB, 0 %
2026/10/05 19:47:55.143, 1575 MiB, 0 %
2026/10/05 19:47:57.186, 3275 MiB, 99 %
2026/10/05 19:47:59.210, 6663 MiB, 55 %
2026/10/05 19:48:01.238, 6663 MiB, 53 %
2026/10/05 19:48:03.263, 6663 MiB, 50 %
2026/10/05 19:48:05.290, 7087 MiB, 49 %
2026/10/05 19:48:07.319, 7087 MiB, 51 %
2026/10/05 19:48:09.360, 7087 MiB, 54 %
2026/10/05 19:48:11.387, 7087 MiB, 53 %
2026/10/05 19:48:13.407, 7087 MiB, 0 %
2026/10/05 19:48:15.450, 1319 MiB, 2 %
2026/10/05 19:48:17.480, 1319 MiB, 0 %
2026/10/05 19:48:19.529, 1319 MiB, 0 %
2026/10/05 19:48:21.578, 1814 MiB, 0 %
2026/10/05 19:48:23.608, 5828 MiB, 0 %
2026/10/05 19:48:25.653, 5796 MiB, 51 %
2026/10/05 19:48:27.692, 1818 MiB, 0 %
2026/10/05 19:48:29.736, 1818 MiB, 0 %
2026/10/05 19:48:31.780, 1818 MiB, 0 %
2026/10/05 19:48:33.817, 1818 MiB, 0 %
2026/10/05 19:48:35.857, 1818 MiB, 0 %
2026/10/05 19:48:37.893, 5313 MiB, 0 %
2026/10/05 19:48:39.927, 6553 MiB, 0 %
2026/10/05 19:48:41.951, 7077 MiB, 0 %
2026/10/05 19:48:43.989, 7575 MiB, 0 %
2026/10/05 19:48:46.037, 8435 MiB, 32 %
2026/10/05 19:48:48.081, 8511 MiB, 92 %
2026/10/05 19:48:50.105, 8631 MiB, 30 %
2026/10/05 19:48:52.134, 8333 MiB, 36 %
2026/10/05 19:48:54.148, 8423 MiB, 88 %
2026/10/05 19:48:56.196, 8427 MiB, 30 %
2026/10/05 19:48:58.252, 8447 MiB, 32 %
2026/10/05 19:49:00.283, 8345 MiB, 47 %
2026/10/05 19:49:02.321, 8443 MiB, 55 %
2026/10/05 19:49:04.354, 2479 MiB, 0 %
2026/10/05 19:49:06.393, 6489 MiB, 44 %
2026/10/05 19:49:08.432, 6233 MiB, 0 %
2026/10/05 19:49:10.481, 2479 MiB, 0 %
2026/10/05 19:49:12.539, 2479 MiB, 0 %
2026/10/05 19:49:14.582, 2479 MiB, 0 %
2026/10/05 19:49:16.612, 6589 MiB, 17 %
2026/10/05 19:49:18.657, 6707 MiB, 0 %
2026/10/05 19:49:20.694, 7101 MiB, 0 %
2026/10/05 19:49:22.738, 7931 MiB, 63 %
2026/10/05 19:49:24.769, 8331 MiB, 88 %
2026/10/05 19:49:26.827, 2479 MiB, 0 %
2026/10/05 19:49:28.870, 6233 MiB, 0 %
2026/10/05 19:49:30.916, 6233 MiB, 0 %
2026/10/05 19:49:32.944, 6233 MiB, 0 %
2026/10/05 19:49:34.958, 6233 MiB, 0 %
2026/10/05 19:49:36.993, 6233 MiB, 0 %
2026/10/05 19:49:39.007, 6233 MiB, 0 %
2026/10/05 19:49:41.028, 6233 MiB, 0 %
2026/10/05 19:49:43.042, 6233 MiB, 0 %
2026/10/05 19:49:45.070, 6233 MiB, 0 %
2026/10/05 19:49:47.098, 6233 MiB, 0 %
2026/10/05 19:49:49.119, 6233 MiB, 0 %
2026/10/05 19:49:51.140, 6233 MiB, 0 %
2026/10/05 19:49:53.169, 6233 MiB, 0 %
2026/10/05 19:49:55.190, 6233 MiB, 0 %
2026/10/05 19:49:57.217, 6233 MiB, 0 %
2026/10/05 19:49:59.232, 6233 MiB, 0 %
2026/10/05 19:50:01.239, 6233 MiB, 0 %
2026/10/05 19:50:03.260, 6233 MiB, 0 %
2026/10/05 19:50:05.281, 6233 MiB, 0 %
2026/10/05 19:50:07.309, 6233 MiB, 0 %
2026/10/05 19:50:09.344, 6233 MiB, 0 %
2026/10/05 19:50:11.372, 6233 MiB, 0 %
2026/10/05 19:50:13.401, 6233 MiB, 0 %
2026/10/05 19:50:15.442, 6233 MiB, 0 %
2026/10/05 19:50:17.473, 2479 MiB, 0 %
2026/10/05 19:50:19.488, 2479 MiB, 0 %
2026/10/05 19:50:21.532, 2479 MiB, 0 %
2026/10/05 19:50:23.573, 6589 MiB, 5 %
2026/10/05 19:50:25.605, 7543 MiB, 0 %
2026/10/05 19:50:27.646, 8281 MiB, 32 %
2026/10/05 19:50:29.664, 2479 MiB, 0 %
2026/10/05 19:50:31.695, 6457 MiB, 29 %
2026/10/05 19:50:33.729, 6233 MiB, 0 %
2026/10/05 19:50:35.759, 6233 MiB, 0 %
2026/10/05 19:50:37.800, 6233 MiB, 0 %
2026/10/05 19:50:39.835, 6233 MiB, 0 %
2026/10/05 19:50:41.856, 6233 MiB, 0 %
2026/10/05 19:50:43.884, 6233 MiB, 0 %
2026/10/05 19:50:45.919, 6233 MiB, 0 %
2026/10/05 19:50:47.949, 6233 MiB, 0 %
2026/10/05 19:50:49.975, 6233 MiB, 0 %
2026/10/05 19:50:52.003, 6233 MiB, 0 %
2026/10/05 19:50:54.031, 6233 MiB, 0 %
2026/10/05 19:50:56.045, 6233 MiB, 0 %
2026/10/05 19:50:58.076, 6233 MiB, 0 %
2026/10/05 19:51:00.095, 6233 MiB, 0 %
2026/10/05 19:51:02.136, 6233 MiB, 0 %
2026/10/05 19:51:04.157, 6233 MiB, 0 %
2026/10/05 19:51:06.185, 6233 MiB, 0 %
2026/10/05 19:51:08.213, 6233 MiB, 0 %
2026/10/05 19:51:10.255, 6233 MiB, 0 %
2026/10/05 19:51:12.283, 6233 MiB, 0 %
2026/10/05 19:51:14.298, 6233 MiB, 0 %
2026/10/05 19:51:16.332, 6233 MiB, 0 %
2026/10/05 19:51:18.360, 6233 MiB, 0 %
2026/10/05 19:51:20.383, 6233 MiB, 0 %
2026/10/05 19:51:22.403, 6233 MiB, 0 %
2026/10/05 19:51:24.447, 6233 MiB, 0 %
2026/10/05 19:51:26.468, 6233 MiB, 0 %
2026/10/05 19:51:28.487, 6233 MiB, 0 %
2026/10/05 19:51:30.508, 6233 MiB, 0 %
2026/10/05 19:51:32.529, 6233 MiB, 0 %
2026/10/05 19:51:34.550, 6233 MiB, 0 %
2026/10/05 19:51:36.585, 6233 MiB, 0 %
2026/10/05 19:51:38.613, 6233 MiB, 0 %
2026/10/05 19:51:40.634, 6233 MiB, 0 %
2026/10/05 19:51:42.669, 6233 MiB, 0 %
2026/10/05 19:51:44.697, 6233 MiB, 0 %
2026/10/05 19:51:46.713, 6233 MiB, 0 %
2026/10/05 19:51:48.740, 6233 MiB, 0 %
2026/10/05 19:51:50.761, 6233 MiB, 0 %
2026/10/05 19:51:52.797, 6233 MiB, 0 %
2026/10/05 19:51:54.838, 6233 MiB, 0 %
2026/10/05 19:51:56.859, 6233 MiB, 0 %
2026/10/05 19:51:58.873, 6233 MiB, 0 %
2026/10/05 19:52:00.908, 6233 MiB, 0 %
2026/10/05 19:52:02.945, 6233 MiB, 0 %
2026/10/05 19:52:04.978, 6233 MiB, 0 %
2026/10/05 19:52:07.008, 6233 MiB, 0 %
2026/10/05 19:52:09.027, 6233 MiB, 0 %
2026/10/05 19:52:11.062, 6233 MiB, 0 %
2026/10/05 19:52:13.076, 6233 MiB, 0 %
2026/10/05 19:52:15.104, 6233 MiB, 0 %
2026/10/05 19:52:17.125, 6233 MiB, 0 %
2026/10/05 19:52:19.146, 6233 MiB, 0 %
2026/10/05 19:52:21.154, 6233 MiB, 0 %
2026/10/05 19:52:23.168, 6233 MiB, 0 %
2026/10/05 19:52:25.198, 6233 MiB, 0 %
2026/10/05 19:52:27.232, 6233 MiB, 0 %
2026/10/05 19:52:29.266, 6233 MiB, 0 %
2026/10/05 19:52:31.294, 6233 MiB, 0 %
2026/10/05 19:52:33.308, 6233 MiB, 0 %
2026/10/05 19:52:35.323, 6233 MiB, 0 %
2026/10/05 19:52:37.336, 6233 MiB, 0 %
2026/10/05 19:52:39.357, 6233 MiB, 0 %
2026/10/05 19:52:41.379, 6233 MiB, 0 %
2026/10/05 19:52:43.419, 2479 MiB, 0 %
2026/10/05 19:52:45.440, 2479 MiB, 0 %
2026/10/05 19:52:47.475, 2479 MiB, 0 %
2026/10/05 19:52:49.529, 2703 MiB, 0 %
2026/10/05 19:52:51.538, 2767 MiB, 0 %
2026/10/05 19:52:53.574, 2767 MiB, 0 %
2026/10/05 19:52:55.600, 2767 MiB, 0 %
2026/10/05 19:52:57.646, 2767 MiB, 0 %
2026/10/05 19:52:59.688, 2767 MiB, 0 %
2026/10/05 19:53:01.734, 2767 MiB, 0 %
2026/10/05 19:53:03.786, 2767 MiB, 0 %
2026/10/05 19:53:05.814, 3221 MiB, 0 %
2026/10/05 19:53:07.855, 7827 MiB, 50 %
2026/10/05 19:53:09.891, 7827 MiB, 49 %
2026/10/05 19:53:11.947, 8177 MiB, 50 %
2026/10/05 19:53:13.981, 8177 MiB, 44 %
2026/10/05 19:53:16.014, 8307 MiB, 49 %
2026/10/05 19:53:18.046, 8307 MiB, 47 %
2026/10/05 19:53:20.081, 8307 MiB, 0 %
2026/10/05 19:53:22.097, 2479 MiB, 0 %
2026/10/05 19:53:24.150, 2479 MiB, 0 %
2026/10/05 19:53:26.181, 6233 MiB, 49 %
2026/10/05 19:53:28.222, 2479 MiB, 0 %
2026/10/05 19:53:30.258, 2479 MiB, 0 %
2026/10/05 19:53:32.310, 2479 MiB, 0 %
2026/10/05 19:53:34.350, 2479 MiB, 0 %
2026/10/05 19:53:36.384, 3037 MiB, 0 %
2026/10/05 19:53:38.417, 3827 MiB, 0 %
2026/10/05 19:53:40.433, 3889 MiB, 0 %
2026/10/05 19:53:42.464, 3893 MiB, 0 %
2026/10/05 19:53:44.507, 3893 MiB, 7 %
2026/10/05 19:53:46.536, 3913 MiB, 0 %
2026/10/05 19:53:48.577, 3915 MiB, 0 %
2026/10/05 19:53:50.626, 3123 MiB, 0 %
2026/10/05 19:53:52.669, 7165 MiB, 1 %
2026/10/05 19:53:54.708, 7133 MiB, 46 %
2026/10/05 19:53:56.726, 6877 MiB, 0 %
2026/10/05 19:53:58.780, 3123 MiB, 0 %
2026/10/05 19:54:00.813, 3847 MiB, 28 %
2026/10/05 19:54:02.861, 3123 MiB, 0 %
2026/10/05 19:54:04.904, 6877 MiB, 53 %
2026/10/05 19:54:06.920, 6877 MiB, 0 %
2026/10/05 19:54:08.948, 6877 MiB, 0 %
2026/10/05 19:54:10.988, 6877 MiB, 0 %
2026/10/05 19:54:13.011, 6877 MiB, 0 %
2026/10/05 19:54:15.030, 6877 MiB, 0 %
2026/10/05 19:54:17.051, 6877 MiB, 0 %
2026/10/05 19:54:19.066, 6877 MiB, 0 %
2026/10/05 19:54:21.095, 6877 MiB, 0 %
2026/10/05 19:54:23.131, 6877 MiB, 0 %
2026/10/05 19:54:25.144, 6877 MiB, 0 %
2026/10/05 19:54:27.164, 6877 MiB, 0 %
2026/10/05 19:54:29.185, 6877 MiB, 0 %
2026/10/05 19:54:31.208, 6877 MiB, 0 %
2026/10/05 19:54:33.241, 6877 MiB, 0 %
2026/10/05 19:54:35.255, 6877 MiB, 0 %
2026/10/05 19:54:37.269, 6877 MiB, 0 %
2026/10/05 19:54:39.297, 6877 MiB, 0 %
2026/10/05 19:54:41.339, 6877 MiB, 0 %
2026/10/05 19:54:43.360, 6877 MiB, 0 %
2026/10/05 19:54:45.394, 3183 MiB, 0 %
2026/10/05 19:54:47.440, 3915 MiB, 84 %
2026/10/05 19:54:49.456, 3123 MiB, 0 %
2026/10/05 19:54:51.489, 6877 MiB, 0 %
2026/10/05 19:54:53.531, 6877 MiB, 0 %
2026/10/05 19:54:55.561, 6877 MiB, 0 %
2026/10/05 19:54:57.586, 6877 MiB, 0 %
2026/10/05 19:54:59.612, 6877 MiB, 0 %
2026/10/05 19:55:01.641, 6877 MiB, 0 %
2026/10/05 19:55:03.676, 6877 MiB, 0 %
2026/10/05 19:55:05.700, 6877 MiB, 0 %
2026/10/05 19:55:07.735, 6877 MiB, 0 %
2026/10/05 19:55:09.753, 6877 MiB, 0 %
2026/10/05 19:55:11.775, 6877 MiB, 0 %
2026/10/05 19:55:13.809, 6877 MiB, 0 %
2026/10/05 19:55:15.832, 6877 MiB, 0 %
2026/10/05 19:55:17.851, 6877 MiB, 0 %
2026/10/05 19:55:19.894, 6877 MiB, 0 %
2026/10/05 19:55:21.921, 6877 MiB, 0 %
2026/10/05 19:55:23.956, 6877 MiB, 0 %
2026/10/05 19:55:25.977, 6877 MiB, 0 %
2026/10/05 19:55:27.999, 6877 MiB, 0 %
2026/10/05 19:55:30.019, 6877 MiB, 0 %
2026/10/05 19:55:32.042, 6877 MiB, 0 %
2026/10/05 19:55:34.068, 6877 MiB, 0 %
2026/10/05 19:55:36.104, 6877 MiB, 0 %
2026/10/05 19:55:38.118, 6877 MiB, 0 %
2026/10/05 19:55:40.139, 6877 MiB, 0 %
2026/10/05 19:55:42.160, 6877 MiB, 0 %
2026/10/05 19:55:44.192, 6877 MiB, 0 %
2026/10/05 19:55:46.216, 6877 MiB, 0 %
2026/10/05 19:55:48.237, 6877 MiB, 0 %
2026/10/05 19:55:50.251, 6877 MiB, 0 %
2026/10/05 19:55:52.281, 6877 MiB, 0 %
2026/10/05 19:55:54.303, 6877 MiB, 0 %
2026/10/05 19:55:56.321, 6877 MiB, 0 %
2026/10/05 19:55:58.343, 6877 MiB, 0 %
2026/10/05 19:56:00.377, 6877 MiB, 0 %
2026/10/05 19:56:02.408, 6877 MiB, 0 %
2026/10/05 19:56:04.441, 6877 MiB, 0 %
2026/10/05 19:56:06.469, 6877 MiB, 0 %
2026/10/05 19:56:08.478, 6877 MiB, 0 %
2026/10/05 19:56:10.504, 6877 MiB, 0 %
2026/10/05 19:56:12.521, 6877 MiB, 0 %
2026/10/05 19:56:14.554, 3123 MiB, 0 %
2026/10/05 19:56:16.577, 690 MiB, 1 %
2026/10/05 19:56:18.608, 1185 MiB, 3 %
2026/10/05 19:56:20.661, 720 MiB, 11 %
2026/10/05 19:56:22.693, 690 MiB, 0 %
2026/10/05 19:56:24.714, 690 MiB, 0 %
2026/10/05 19:56:26.742, 690 MiB, 0 %
2026/10/05 19:56:28.759, 690 MiB, 0 %
2026/10/05 19:56:30.795, 690 MiB, 0 %
2026/10/05 19:56:32.819, 690 MiB, 0 %
2026/10/05 19:56:34.841, 690 MiB, 0 %
2026/10/05 19:56:36.868, 690 MiB, 0 %
2026/10/05 19:56:38.891, 690 MiB, 0 %
2026/10/05 19:56:40.912, 690 MiB, 0 %
2026/10/05 19:56:42.932, 690 MiB, 0 %
2026/10/05 19:56:44.946, 690 MiB, 0 %
2026/10/05 19:56:46.961, 690 MiB, 0 %
2026/10/05 19:56:48.991, 690 MiB, 0 %
2026/10/05 19:56:51.016, 690 MiB, 0 %
2026/10/05 19:56:53.040, 690 MiB, 0 %
2026/10/05 19:56:55.066, 690 MiB, 0 %
2026/10/05 19:56:57.079, 690 MiB, 0 %
2026/10/05 19:56:59.101, 690 MiB, 0 %
2026/10/05 19:57:01.129, 690 MiB, 0 %
2026/10/05 19:57:03.157, 690 MiB, 0 %
2026/10/05 19:57:05.185, 690 MiB, 0 %
2026/10/05 19:57:07.220, 690 MiB, 0 %
2026/10/05 19:57:09.243, 690 MiB, 0 %
2026/10/05 19:57:11.262, 690 MiB, 0 %
2026/10/05 19:57:13.290, 690 MiB, 0 %
2026/10/05 19:57:15.311, 690 MiB, 0 %
2026/10/05 19:57:17.325, 690 MiB, 0 %
2026/10/05 19:57:19.353, 690 MiB, 0 %
2026/10/05 19:57:21.394, 690 MiB, 0 %
2026/10/05 19:57:23.432, 2354 MiB, 77 %
2026/10/05 19:57:25.463, 6322 MiB, 8 %
2026/10/05 19:57:27.506, 8082 MiB, 14 %
2026/10/05 19:57:29.531, 10962 MiB, 7 %
2026/10/05 19:57:31.559, 13938 MiB, 11 %
2026/10/05 19:57:33.580, 16882 MiB, 10 %
2026/10/05 19:57:35.624, 19410 MiB, 8 %
2026/10/05 19:57:37.664, 22194 MiB, 9 %
2026/10/05 19:57:39.711, 25074 MiB, 12 %
2026/10/05 19:57:41.737, 27954 MiB, 10 %
2026/10/05 19:57:43.780, 28178 MiB, 99 %
2026/10/05 19:57:45.807, 27762 MiB, 22 %
2026/10/05 19:57:47.838, 10226 MiB, 9 %
2026/10/05 19:57:49.875, 10194 MiB, 0 %
2026/10/05 19:57:51.917, 13746 MiB, 17 %
2026/10/05 19:57:53.946, 16594 MiB, 6 %
2026/10/05 19:57:55.979, 19410 MiB, 13 %
2026/10/05 19:57:58.011, 22258 MiB, 18 %
2026/10/05 19:58:00.028, 25394 MiB, 15 %
2026/10/05 19:58:02.048, 28594 MiB, 21 %
2026/10/05 19:58:04.080, 29458 MiB, 100 %
2026/10/05 19:58:06.121, 28498 MiB, 0 %
2026/10/05 19:58:08.138, 28498 MiB, 0 %
2026/10/05 19:58:10.159, 28498 MiB, 0 %
2026/10/05 19:58:12.187, 28498 MiB, 0 %
2026/10/05 19:58:14.215, 28498 MiB, 0 %
2026/10/05 19:58:16.229, 28498 MiB, 0 %
2026/10/05 19:58:18.244, 28498 MiB, 0 %
2026/10/05 19:58:20.264, 28498 MiB, 0 %
2026/10/05 19:58:22.293, 28498 MiB, 0 %
2026/10/05 19:58:24.321, 28498 MiB, 0 %
2026/10/05 19:58:26.336, 28498 MiB, 0 %
2026/10/05 19:58:28.356, 28498 MiB, 0 %
2026/10/05 19:58:30.377, 28498 MiB, 0 %
2026/10/05 19:58:32.398, 28498 MiB, 0 %
2026/10/05 19:58:34.419, 28498 MiB, 0 %
2026/10/05 19:58:36.440, 28498 MiB, 0 %
2026/10/05 19:58:38.468, 28498 MiB, 0 %
2026/10/05 19:58:40.503, 28498 MiB, 0 %
2026/10/05 19:58:42.510, 28498 MiB, 0 %
2026/10/05 19:58:44.525, 28498 MiB, 0 %
2026/10/05 19:58:46.546, 28498 MiB, 0 %
2026/10/05 19:58:48.560, 28498 MiB, 0 %
2026/10/05 19:58:50.574, 28498 MiB, 0 %
2026/10/05 19:58:52.609, 28498 MiB, 0 %
2026/10/05 19:58:54.646, 28498 MiB, 0 %
2026/10/05 19:58:56.672, 28498 MiB, 0 %
2026/10/05 19:58:58.702, 28498 MiB, 0 %
2026/10/05 19:59:00.721, 28498 MiB, 0 %
2026/10/05 19:59:02.728, 28498 MiB, 0 %
2026/10/05 19:59:04.750, 28498 MiB, 0 %
2026/10/05 19:59:06.778, 28498 MiB, 0 %
2026/10/05 19:59:08.799, 28498 MiB, 0 %
2026/10/05 19:59:10.832, 29810 MiB, 83 %
2026/10/05 19:59:12.872, 29490 MiB, 100 %
2026/10/05 19:59:14.899, 29490 MiB, 100 %
2026/10/05 19:59:16.931, 29490 MiB, 100 %
2026/10/05 19:59:18.965, 29490 MiB, 100 %
2026/10/05 19:59:21.014, 29490 MiB, 100 %
2026/10/05 19:59:23.066, 29490 MiB, 100 %
2026/10/05 19:59:25.086, 29490 MiB, 100 %
2026/10/05 19:59:27.130, 29490 MiB, 100 %
2026/10/05 19:59:29.156, 29490 MiB, 100 %
2026/10/05 19:59:31.189, 29490 MiB, 100 %
2026/10/05 19:59:33.228, 29490 MiB, 100 %
2026/10/05 19:59:35.265, 29490 MiB, 100 %
2026/10/05 19:59:37.315, 29490 MiB, 100 %
2026/10/05 19:59:39.331, 29490 MiB, 100 %
2026/10/05 19:59:41.384, 29490 MiB, 100 %
2026/10/05 19:59:43.437, 29490 MiB, 100 %
2026/10/05 19:59:45.474, 29490 MiB, 100 %
2026/10/05 19:59:47.506, 29490 MiB, 100 %
2026/10/05 19:59:49.551, 29490 MiB, 100 %
2026/10/05 19:59:51.585, 29490 MiB, 99 %
2026/10/05 19:59:53.615, 29490 MiB, 100 %
2026/10/05 19:59:55.649, 29490 MiB, 100 %
2026/10/05 19:59:57.694, 29490 MiB, 100 %
2026/10/05 19:59:59.711, 28498 MiB, 100 %
2026/10/05 20:00:01.745, 29490 MiB, 67 %
2026/10/05 20:00:03.764, 29490 MiB, 100 %
2026/10/05 20:00:05.797, 29490 MiB, 100 %
2026/10/05 20:00:07.848, 28498 MiB, 0 %
2026/10/05 20:00:09.869, 28498 MiB, 0 %
2026/10/05 20:00:11.883, 28498 MiB, 0 %
2026/10/05 20:00:13.912, 28498 MiB, 0 %
2026/10/05 20:00:15.926, 28498 MiB, 0 %
2026/10/05 20:00:17.947, 28498 MiB, 0 %
2026/10/05 20:00:19.968, 28498 MiB, 0 %
2026/10/05 20:00:22.003, 28498 MiB, 0 %
2026/10/05 20:00:24.031, 28498 MiB, 0 %
2026/10/05 20:00:26.052, 28498 MiB, 0 %
2026/10/05 20:00:28.073, 28498 MiB, 0 %
2026/10/05 20:00:30.101, 28498 MiB, 0 %
2026/10/05 20:00:32.122, 28498 MiB, 0 %
2026/10/05 20:00:34.150, 28498 MiB, 0 %
2026/10/05 20:00:36.171, 28498 MiB, 0 %
2026/10/05 20:00:38.199, 28498 MiB, 0 %
2026/10/05 20:00:40.221, 28498 MiB, 0 %
2026/10/05 20:00:42.242, 28498 MiB, 0 %
2026/10/05 20:00:44.270, 28498 MiB, 0 %
2026/10/05 20:00:46.291, 28498 MiB, 0 %
2026/10/05 20:00:48.312, 28498 MiB, 0 %
2026/10/05 20:00:50.333, 28498 MiB, 0 %
2026/10/05 20:00:52.357, 28498 MiB, 0 %
2026/10/05 20:00:54.382, 28498 MiB, 0 %
2026/10/05 20:00:56.398, 28498 MiB, 0 %
2026/10/05 20:00:58.410, 28498 MiB, 0 %
2026/10/05 20:01:00.432, 28498 MiB, 0 %
2026/10/05 20:01:02.467, 28498 MiB, 0 %
2026/10/05 20:01:04.495, 28498 MiB, 0 %
2026/10/05 20:01:06.509, 28498 MiB, 0 %
2026/10/05 20:01:08.537, 28498 MiB, 0 %
2026/10/05 20:01:10.558, 28498 MiB, 0 %
2026/10/05 20:01:12.579, 28498 MiB, 0 %
2026/10/05 20:01:14.607, 28498 MiB, 0 %
2026/10/05 20:01:16.636, 28498 MiB, 0 %
2026/10/05 20:01:18.656, 28498 MiB, 0 %
2026/10/05 20:01:20.684, 28498 MiB, 0 %
2026/10/05 20:01:22.723, 28498 MiB, 0 %
2026/10/05 20:01:24.733, 28498 MiB, 0 %
2026/10/05 20:01:26.755, 28498 MiB, 0 %
2026/10/05 20:01:28.783, 28498 MiB, 0 %
2026/10/05 20:01:30.804, 28498 MiB, 0 %
2026/10/05 20:01:32.827, 28498 MiB, 0 %
2026/10/05 20:01:34.853, 28498 MiB, 0 %
2026/10/05 20:01:36.881, 28498 MiB, 0 %
2026/10/05 20:01:38.909, 28498 MiB, 0 %
2026/10/05 20:01:40.930, 28498 MiB, 0 %
2026/10/05 20:01:42.966, 28498 MiB, 0 %
2026/10/05 20:01:44.986, 28498 MiB, 0 %
2026/10/05 20:01:47.021, 28498 MiB, 0 %
2026/10/05 20:01:49.044, 28498 MiB, 0 %
2026/10/05 20:01:51.072, 28498 MiB, 0 %
2026/10/05 20:01:53.098, 28498 MiB, 0 %
2026/10/05 20:01:55.120, 28498 MiB, 0 %
2026/10/05 20:01:57.141, 28498 MiB, 0 %
2026/10/05 20:01:59.169, 28498 MiB, 0 %
2026/10/05 20:02:01.211, 28498 MiB, 0 %
2026/10/05 20:02:03.240, 28498 MiB, 0 %
2026/10/05 20:02:05.281, 28498 MiB, 0 %
2026/10/05 20:02:07.309, 28498 MiB, 0 %
2026/10/05 20:02:09.337, 28498 MiB, 0 %
2026/10/05 20:02:11.358, 28498 MiB, 0 %
2026/10/05 20:02:13.379, 28498 MiB, 0 %
2026/10/05 20:02:15.393, 28498 MiB, 0 %
2026/10/05 20:02:17.414, 28498 MiB, 0 %
2026/10/05 20:02:19.442, 28498 MiB, 0 %
2026/10/05 20:02:21.464, 28498 MiB, 0 %
2026/10/05 20:02:23.484, 28498 MiB, 0 %
2026/10/05 20:02:25.512, 28498 MiB, 0 %
2026/10/05 20:02:27.541, 28498 MiB, 0 %
2026/10/05 20:02:29.562, 28498 MiB, 0 %
2026/10/05 20:02:31.576, 28498 MiB, 0 %
2026/10/05 20:02:33.611, 28498 MiB, 0 %
2026/10/05 20:02:35.632, 28498 MiB, 0 %
2026/10/05 20:02:37.660, 28498 MiB, 0 %
2026/10/05 20:02:39.681, 28498 MiB, 0 %
2026/10/05 20:02:41.710, 28498 MiB, 0 %
2026/10/05 20:02:43.744, 28498 MiB, 0 %
2026/10/05 20:02:45.758, 28498 MiB, 0 %
2026/10/05 20:02:47.793, 28498 MiB, 0 %
2026/10/05 20:02:49.829, 28498 MiB, 0 %
2026/10/05 20:02:51.843, 28498 MiB, 0 %
2026/10/05 20:02:53.871, 28498 MiB, 0 %
2026/10/05 20:02:55.892, 28498 MiB, 0 %
2026/10/05 20:02:57.913, 28498 MiB, 0 %
2026/10/05 20:02:59.948, 28498 MiB, 0 %
2026/10/05 20:03:01.969, 28498 MiB, 0 %
2026/10/05 20:03:03.983, 28498 MiB, 0 %
2026/10/05 20:03:06.011, 28498 MiB, 0 %
2026/10/05 20:03:08.032, 28498 MiB, 0 %
2026/10/05 20:03:10.060, 28498 MiB, 0 %
2026/10/05 20:03:12.095, 28498 MiB, 0 %
2026/10/05 20:03:14.123, 28498 MiB, 0 %
2026/10/05 20:03:16.138, 28498 MiB, 0 %
2026/10/05 20:03:18.165, 28498 MiB, 0 %
2026/10/05 20:03:20.186, 28498 MiB, 0 %
2026/10/05 20:03:22.227, 8914 MiB, 0 %
2026/10/05 20:03:24.261, 12690 MiB, 10 %
2026/10/05 20:03:26.295, 15602 MiB, 12 %
2026/10/05 20:03:28.319, 17970 MiB, 10 %
2026/10/05 20:03:30.346, 20754 MiB, 13 %
2026/10/05 20:03:32.382, 23570 MiB, 11 %
2026/10/05 20:03:34.424, 26706 MiB, 9 %
2026/10/05 20:03:36.459, 29010 MiB, 99 %
2026/10/05 20:03:38.504, 29010 MiB, 99 %
2026/10/05 20:03:40.532, 28402 MiB, 0 %
2026/10/05 20:03:42.576, 10450 MiB, 1 %
2026/10/05 20:03:44.613, 14258 MiB, 13 %
2026/10/05 20:03:46.658, 17970 MiB, 17 %
2026/10/05 20:03:48.679, 21426 MiB, 10 %
2026/10/05 20:03:50.707, 24722 MiB, 13 %
2026/10/05 20:03:52.743, 27826 MiB, 7 %
2026/10/05 20:03:54.793, 29490 MiB, 100 %
2026/10/05 20:03:56.824, 29682 MiB, 100 %
2026/10/05 20:03:58.852, 29682 MiB, 100 %
2026/10/05 20:04:00.877, 29682 MiB, 100 %
2026/10/05 20:04:02.918, 29682 MiB, 100 %
2026/10/05 20:04:04.954, 29682 MiB, 100 %
2026/10/05 20:04:06.977, 29682 MiB, 100 %
2026/10/05 20:04:09.006, 29682 MiB, 100 %
2026/10/05 20:04:11.058, 29682 MiB, 100 %
2026/10/05 20:04:13.080, 29682 MiB, 100 %
2026/10/05 20:04:15.118, 29682 MiB, 99 %
2026/10/05 20:04:17.146, 29682 MiB, 100 %
2026/10/05 20:04:19.188, 29682 MiB, 100 %
2026/10/05 20:04:21.233, 29682 MiB, 100 %
2026/10/05 20:04:23.261, 29682 MiB, 100 %
2026/10/05 20:04:25.296, 29682 MiB, 100 %
2026/10/05 20:04:27.323, 29682 MiB, 100 %
2026/10/05 20:04:29.355, 29682 MiB, 100 %
2026/10/05 20:04:31.388, 29682 MiB, 100 %
2026/10/05 20:04:33.414, 29682 MiB, 100 %
2026/10/05 20:04:35.442, 29682 MiB, 100 %
2026/10/05 20:04:37.491, 29682 MiB, 99 %
2026/10/05 20:04:39.510, 29682 MiB, 97 %
2026/10/05 20:04:41.547, 28498 MiB, 72 %
2026/10/05 20:04:43.570, 29458 MiB, 57 %
2026/10/05 20:04:45.625, 29458 MiB, 52 %
2026/10/05 20:04:47.653, 29458 MiB, 100 %
2026/10/05 20:04:49.687, 28498 MiB, 0 %
2026/10/05 20:04:51.720, 28498 MiB, 0 %
2026/10/05 20:04:53.734, 28498 MiB, 0 %
2026/10/05 20:04:55.755, 28498 MiB, 0 %
2026/10/05 20:04:57.769, 28498 MiB, 0 %
2026/10/05 20:04:59.790, 28498 MiB, 0 %
2026/10/05 20:05:01.804, 28498 MiB, 0 %
2026/10/05 20:05:03.825, 28498 MiB, 0 %
2026/10/05 20:05:05.847, 28498 MiB, 0 %
2026/10/05 20:05:07.861, 28498 MiB, 0 %
2026/10/05 20:05:09.889, 28498 MiB, 0 %
2026/10/05 20:05:11.910, 28498 MiB, 0 %
2026/10/05 20:05:13.931, 28498 MiB, 0 %
2026/10/05 20:05:15.952, 28498 MiB, 0 %
2026/10/05 20:05:17.966, 28498 MiB, 0 %
2026/10/05 20:05:19.987, 28498 MiB, 0 %
2026/10/05 20:05:22.002, 28498 MiB, 0 %
2026/10/05 20:05:24.029, 28498 MiB, 0 %
2026/10/05 20:05:26.051, 28498 MiB, 0 %
2026/10/05 20:05:28.072, 28498 MiB, 0 %
2026/10/05 20:05:30.093, 28498 MiB, 0 %
2026/10/05 20:05:32.114, 28498 MiB, 0 %
2026/10/05 20:05:34.135, 28498 MiB, 0 %
2026/10/05 20:05:36.156, 28498 MiB, 0 %
2026/10/05 20:05:38.191, 28498 MiB, 0 %
2026/10/05 20:05:40.212, 28498 MiB, 0 %
2026/10/05 20:05:42.233, 28498 MiB, 0 %
2026/10/05 20:05:44.254, 28498 MiB, 0 %
2026/10/05 20:05:46.275, 28498 MiB, 0 %
2026/10/05 20:05:48.296, 28498 MiB, 0 %
2026/10/05 20:05:50.325, 28498 MiB, 0 %
2026/10/05 20:05:52.346, 28498 MiB, 0 %
2026/10/05 20:05:54.374, 28498 MiB, 0 %
2026/10/05 20:05:56.402, 28498 MiB, 0 %
2026/10/05 20:05:58.423, 28498 MiB, 0 %
2026/10/05 20:06:00.451, 28498 MiB, 0 %
2026/10/05 20:06:02.472, 28498 MiB, 0 %
2026/10/05 20:06:04.494, 28498 MiB, 0 %
2026/10/05 20:06:06.515, 28498 MiB, 0 %
2026/10/05 20:06:08.536, 28498 MiB, 0 %
2026/10/05 20:06:10.564, 28498 MiB, 0 %
2026/10/05 20:06:12.584, 28498 MiB, 0 %
2026/10/05 20:06:14.621, 28498 MiB, 0 %
2026/10/05 20:06:16.641, 28498 MiB, 0 %
2026/10/05 20:06:18.676, 28498 MiB, 0 %
2026/10/05 20:06:20.705, 28498 MiB, 0 %
2026/10/05 20:06:22.732, 28498 MiB, 0 %
2026/10/05 20:06:24.753, 28498 MiB, 0 %
2026/10/05 20:06:26.774, 28498 MiB, 0 %
2026/10/05 20:06:28.809, 28498 MiB, 0 %
2026/10/05 20:06:30.831, 28498 MiB, 0 %
2026/10/05 20:06:32.866, 28498 MiB, 0 %
2026/10/05 20:06:34.893, 28498 MiB, 0 %
2026/10/05 20:06:36.921, 28498 MiB, 0 %
2026/10/05 20:06:38.942, 28498 MiB, 0 %
2026/10/05 20:06:40.971, 28498 MiB, 0 %
2026/10/05 20:06:43.013, 28498 MiB, 0 %
2026/10/05 20:06:45.034, 28498 MiB, 0 %
2026/10/05 20:06:47.058, 28498 MiB, 0 %
2026/10/05 20:06:49.076, 28498 MiB, 0 %
2026/10/05 20:06:51.104, 28498 MiB, 0 %
2026/10/05 20:06:53.125, 28498 MiB, 0 %
2026/10/05 20:06:55.139, 28498 MiB, 0 %
2026/10/05 20:06:57.160, 28498 MiB, 0 %
2026/10/05 20:06:59.181, 28498 MiB, 0 %
2026/10/05 20:07:01.215, 28498 MiB, 0 %
2026/10/05 20:07:03.252, 754 MiB, 6 %
2026/10/05 20:07:05.291, 2834 MiB, 28 %
2026/10/05 20:07:07.319, 5714 MiB, 11 %
2026/10/05 20:07:09.337, 8146 MiB, 45 %
2026/10/05 20:07:11.362, 9970 MiB, 62 %
2026/10/05 20:07:13.395, 9970 MiB, 34 %
2026/10/05 20:07:15.444, 9970 MiB, 38 %
2026/10/05 20:07:17.483, 9970 MiB, 39 %
2026/10/05 20:07:19.512, 9970 MiB, 37 %
2026/10/05 20:07:21.547, 9490 MiB, 39 %
2026/10/05 20:07:23.599, 1185 MiB, 0 %
2026/10/05 20:07:25.641, 1185 MiB, 0 %
2026/10/05 20:07:27.671, 1185 MiB, 0 %
2026/10/05 20:07:29.717, 1185 MiB, 0 %
2026/10/05 20:07:31.747, 18005 MiB, 32 %
2026/10/05 20:07:33.793, 21295 MiB, 5 %
2026/10/05 20:07:35.838, 21319 MiB, 90 %
2026/10/05 20:07:37.873, 21319 MiB, 89 %
2026/10/05 20:07:39.908, 21319 MiB, 91 %
2026/10/05 20:07:41.947, 21319 MiB, 91 %
2026/10/05 20:07:43.997, 21319 MiB, 89 %
2026/10/05 20:07:46.040, 21319 MiB, 91 %
2026/10/05 20:07:48.073, 21319 MiB, 92 %
2026/10/05 20:07:50.116, 21319 MiB, 92 %
2026/10/05 20:07:52.144, 21319 MiB, 0 %
2026/10/05 20:07:54.166, 1970 MiB, 4 %
2026/10/05 20:07:56.208, 5138 MiB, 6 %
2026/10/05 20:07:58.240, 7794 MiB, 7 %
2026/10/05 20:08:00.259, 10610 MiB, 63 %
2026/10/05 20:08:02.283, 14418 MiB, 31 %
2026/10/05 20:08:04.328, 18098 MiB, 36 %
2026/10/05 20:08:06.362, 18098 MiB, 100 %
2026/10/05 20:08:08.392, 15986 MiB, 0 %
2026/10/05 20:08:10.433, 15986 MiB, 0 %
2026/10/05 20:08:12.455, 15986 MiB, 0 %
2026/10/05 20:08:14.469, 15986 MiB, 0 %
2026/10/05 20:08:16.490, 15986 MiB, 0 %
2026/10/05 20:08:18.511, 15986 MiB, 0 %
2026/10/05 20:08:20.532, 15986 MiB, 0 %
2026/10/05 20:08:22.554, 15986 MiB, 0 %
2026/10/05 20:08:24.582, 15986 MiB, 0 %
2026/10/05 20:08:26.610, 15986 MiB, 0 %
2026/10/05 20:08:28.646, 15986 MiB, 0 %
2026/10/05 20:08:30.659, 15986 MiB, 0 %
2026/10/05 20:08:32.687, 15986 MiB, 0 %
2026/10/05 20:08:34.708, 15986 MiB, 0 %
2026/10/05 20:08:36.733, 15986 MiB, 0 %
2026/10/05 20:08:38.764, 15986 MiB, 0 %
2026/10/05 20:08:40.792, 15986 MiB, 0 %
2026/10/05 20:08:42.813, 15986 MiB, 0 %
2026/10/05 20:08:44.835, 15986 MiB, 0 %
2026/10/05 20:08:46.848, 15986 MiB, 0 %
2026/10/05 20:08:48.870, 15986 MiB, 0 %
2026/10/05 20:08:50.905, 15986 MiB, 0 %
2026/10/05 20:08:52.927, 15986 MiB, 0 %
2026/10/05 20:08:54.947, 15986 MiB, 0 %
2026/10/05 20:08:56.981, 15986 MiB, 0 %
2026/10/05 20:08:59.003, 15986 MiB, 0 %
2026/10/05 20:09:01.024, 15986 MiB, 0 %
2026/10/05 20:09:03.045, 15986 MiB, 0 %
2026/10/05 20:09:05.080, 15986 MiB, 0 %
2026/10/05 20:09:07.108, 15986 MiB, 0 %
2026/10/05 20:09:09.136, 15986 MiB, 0 %
2026/10/05 20:09:11.171, 15986 MiB, 0 %
2026/10/05 20:09:13.192, 15986 MiB, 0 %
2026/10/05 20:09:15.211, 15986 MiB, 0 %
2026/10/05 20:09:17.237, 15986 MiB, 0 %
2026/10/05 20:09:19.268, 15986 MiB, 0 %
2026/10/05 20:09:21.290, 15986 MiB, 0 %
2026/10/05 20:09:23.330, 15986 MiB, 0 %
2026/10/05 20:09:25.354, 15986 MiB, 0 %
2026/10/05 20:09:27.375, 15986 MiB, 0 %
2026/10/05 20:09:29.396, 15986 MiB, 0 %
2026/10/05 20:09:31.424, 15986 MiB, 0 %
2026/10/05 20:09:33.438, 15986 MiB, 0 %
2026/10/05 20:09:35.466, 15986 MiB, 0 %
2026/10/05 20:09:37.480, 15986 MiB, 0 %
2026/10/05 20:09:39.515, 15986 MiB, 0 %
2026/10/05 20:09:41.536, 15986 MiB, 0 %
2026/10/05 20:09:43.564, 15986 MiB, 0 %
2026/10/05 20:09:45.586, 15986 MiB, 0 %
2026/10/05 20:09:47.607, 15986 MiB, 0 %
2026/10/05 20:09:49.628, 15986 MiB, 0 %
2026/10/05 20:09:51.642, 15986 MiB, 0 %
2026/10/05 20:09:53.667, 15986 MiB, 0 %
2026/10/05 20:09:55.695, 15986 MiB, 0 %
2026/10/05 20:09:57.712, 15986 MiB, 0 %
2026/10/05 20:09:59.747, 15986 MiB, 0 %
2026/10/05 20:10:01.761, 15986 MiB, 0 %
2026/10/05 20:10:03.782, 15986 MiB, 0 %
2026/10/05 20:10:05.803, 15986 MiB, 0 %
2026/10/05 20:10:07.825, 15986 MiB, 0 %
2026/10/05 20:10:09.839, 15986 MiB, 0 %
2026/10/05 20:10:11.867, 15986 MiB, 0 %
2026/10/05 20:10:13.888, 15986 MiB, 0 %
2026/10/05 20:10:15.909, 15986 MiB, 0 %
2026/10/05 20:10:17.937, 15986 MiB, 0 %
2026/10/05 20:10:19.958, 15986 MiB, 0 %
2026/10/05 20:10:21.972, 15986 MiB, 0 %
2026/10/05 20:10:24.002, 15986 MiB, 0 %
2026/10/05 20:10:26.035, 15986 MiB, 0 %
2026/10/05 20:10:28.063, 15986 MiB, 0 %
2026/10/05 20:10:30.091, 15986 MiB, 0 %
2026/10/05 20:10:32.119, 15986 MiB, 0 %
2026/10/05 20:10:34.150, 15986 MiB, 0 %
2026/10/05 20:10:36.200, 690 MiB, 0 %
2026/10/05 20:10:38.232, 1185 MiB, 0 %
2026/10/05 20:10:40.270, 1185 MiB, 0 %
2026/10/05 20:10:42.301, 1185 MiB, 0 %
2026/10/05 20:10:44.333, 18005 MiB, 35 %
2026/10/05 20:10:46.363, 21295 MiB, 5 %
2026/10/05 20:10:48.402, 21319 MiB, 90 %
2026/10/05 20:10:50.447, 21319 MiB, 90 %
2026/10/05 20:10:52.479, 21319 MiB, 89 %
2026/10/05 20:10:54.520, 21319 MiB, 90 %
2026/10/05 20:10:56.551, 21319 MiB, 89 %
2026/10/05 20:10:58.604, 21319 MiB, 90 %
2026/10/05 20:11:00.645, 21319 MiB, 91 %
2026/10/05 20:11:02.679, 21319 MiB, 93 %
2026/10/05 20:11:04.703, 21319 MiB, 92 %
2026/10/05 20:11:06.720, 21319 MiB, 91 %
2026/10/05 20:11:08.776, 21319 MiB, 91 %
2026/10/05 20:11:10.814, 21319 MiB, 91 %
2026/10/05 20:11:12.845, 21319 MiB, 90 %
2026/10/05 20:11:14.880, 21319 MiB, 88 %
2026/10/05 20:11:16.918, 21319 MiB, 87 %
2026/10/05 20:11:18.949, 21319 MiB, 75 %
2026/10/05 20:11:20.968, 21319 MiB, 87 %
2026/10/05 20:11:22.997, 21319 MiB, 80 %
2026/10/05 20:11:25.043, 21319 MiB, 81 %
2026/10/05 20:11:27.061, 21319 MiB, 87 %
2026/10/05 20:11:29.101, 21319 MiB, 80 %
2026/10/05 20:11:31.127, 21319 MiB, 0 %
2026/10/05 20:11:33.154, 21319 MiB, 0 %
2026/10/05 20:11:35.185, 21319 MiB, 0 %
2026/10/05 20:11:37.219, 21319 MiB, 0 %
2026/10/05 20:11:39.246, 21319 MiB, 0 %
2026/10/05 20:11:41.277, 21319 MiB, 0 %
2026/10/05 20:11:43.304, 21319 MiB, 0 %
2026/10/05 20:11:45.331, 21319 MiB, 0 %
2026/10/05 20:11:47.345, 21319 MiB, 0 %
2026/10/05 20:11:49.373, 21319 MiB, 0 %
2026/10/05 20:11:51.404, 21319 MiB, 0 %
2026/10/05 20:11:53.422, 21319 MiB, 0 %
2026/10/05 20:11:55.443, 21319 MiB, 0 %
2026/10/05 20:11:57.471, 21319 MiB, 0 %
2026/10/05 20:11:59.492, 21319 MiB, 0 %
2026/10/05 20:12:01.536, 21319 MiB, 0 %
2026/10/05 20:12:03.562, 21319 MiB, 0 %
2026/10/05 20:12:05.597, 21319 MiB, 0 %
2026/10/05 20:12:07.625, 21319 MiB, 0 %
2026/10/05 20:12:09.646, 21319 MiB, 0 %
2026/10/05 20:12:11.675, 21319 MiB, 0 %
2026/10/05 20:12:13.697, 21319 MiB, 0 %
2026/10/05 20:12:15.710, 21319 MiB, 0 %
2026/10/05 20:12:17.752, 21319 MiB, 0 %
2026/10/05 20:12:19.780, 21319 MiB, 0 %
2026/10/05 20:12:21.794, 21319 MiB, 0 %
2026/10/05 20:12:23.808, 21319 MiB, 0 %
2026/10/05 20:12:25.836, 21319 MiB, 0 %
2026/10/05 20:12:27.871, 21319 MiB, 0 %
2026/10/05 20:12:29.892, 21319 MiB, 0 %
2026/10/05 20:12:31.920, 21319 MiB, 0 %
2026/10/05 20:12:33.942, 21319 MiB, 0 %
2026/10/05 20:12:35.955, 21319 MiB, 0 %
2026/10/05 20:12:37.977, 21319 MiB, 0 %
2026/10/05 20:12:39.998, 21319 MiB, 0 %
2026/10/05 20:12:42.033, 21319 MiB, 0 %
2026/10/05 20:12:44.077, 21319 MiB, 0 %
2026/10/05 20:12:46.103, 21319 MiB, 0 %
2026/10/05 20:12:48.131, 21319 MiB, 0 %
2026/10/05 20:12:50.145, 21319 MiB, 0 %
2026/10/05 20:12:52.166, 21319 MiB, 0 %
2026/10/05 20:12:54.182, 21319 MiB, 0 %
2026/10/05 20:12:56.202, 21319 MiB, 0 %
2026/10/05 20:12:58.229, 21319 MiB, 0 %
2026/10/05 20:13:00.270, 21319 MiB, 0 %
2026/10/05 20:13:02.300, 21319 MiB, 30 %
2026/10/05 20:13:04.349, 21319 MiB, 90 %
2026/10/05 20:13:06.379, 21319 MiB, 82 %
2026/10/05 20:13:08.418, 21319 MiB, 82 %
2026/10/05 20:13:10.460, 21319 MiB, 91 %
2026/10/05 20:13:12.491, 21319 MiB, 91 %
2026/10/05 20:13:14.537, 21319 MiB, 90 %
2026/10/05 20:13:16.568, 21319 MiB, 81 %
2026/10/05 20:13:18.615, 21319 MiB, 77 %
2026/10/05 20:13:20.662, 21319 MiB, 79 %
2026/10/05 20:13:22.706, 21319 MiB, 79 %
2026/10/05 20:13:24.748, 21319 MiB, 76 %
2026/10/05 20:13:26.786, 21319 MiB, 82 %
2026/10/05 20:13:28.814, 21319 MiB, 92 %
2026/10/05 20:13:30.845, 21319 MiB, 0 %
2026/10/05 20:13:32.873, 21319 MiB, 0 %
2026/10/05 20:13:34.901, 21319 MiB, 0 %
2026/10/05 20:13:36.929, 21319 MiB, 0 %
2026/10/05 20:13:38.943, 21319 MiB, 0 %
2026/10/05 20:13:40.965, 21319 MiB, 0 %
2026/10/05 20:13:42.992, 21319 MiB, 0 %
2026/10/05 20:13:45.034, 21319 MiB, 0 %
2026/10/05 20:13:47.048, 21319 MiB, 0 %
2026/10/05 20:13:49.076, 21319 MiB, 0 %
2026/10/05 20:13:51.098, 21319 MiB, 0 %
2026/10/05 20:13:53.126, 21319 MiB, 0 %
2026/10/05 20:13:55.140, 21319 MiB, 0 %
2026/10/05 20:13:57.168, 21319 MiB, 0 %
2026/10/05 20:13:59.189, 21319 MiB, 0 %
2026/10/05 20:14:01.210, 21319 MiB, 0 %
2026/10/05 20:14:03.239, 21319 MiB, 0 %
2026/10/05 20:14:05.266, 21319 MiB, 0 %
2026/10/05 20:14:07.287, 21319 MiB, 0 %
2026/10/05 20:14:09.315, 21319 MiB, 0 %
2026/10/05 20:14:11.336, 21319 MiB, 0 %
2026/10/05 20:14:13.357, 21319 MiB, 0 %
2026/10/05 20:14:15.379, 21319 MiB, 0 %
2026/10/05 20:14:17.400, 21319 MiB, 0 %
2026/10/05 20:14:19.428, 21319 MiB, 0 %
2026/10/05 20:14:21.470, 21319 MiB, 0 %
2026/10/05 20:14:23.484, 21319 MiB, 0 %
2026/10/05 20:14:25.519, 21319 MiB, 0 %
2026/10/05 20:14:27.540, 21319 MiB, 0 %
2026/10/05 20:14:29.561, 21319 MiB, 0 %
2026/10/05 20:14:31.589, 21319 MiB, 0 %
2026/10/05 20:14:33.603, 21319 MiB, 0 %
2026/10/05 20:14:35.639, 21319 MiB, 0 %
2026/10/05 20:14:37.652, 21319 MiB, 0 %
2026/10/05 20:14:39.673, 21319 MiB, 0 %
2026/10/05 20:14:41.695, 21319 MiB, 0 %
2026/10/05 20:14:43.709, 21319 MiB, 0 %
2026/10/05 20:14:45.723, 21319 MiB, 0 %
2026/10/05 20:14:47.730, 21319 MiB, 0 %
2026/10/05 20:14:49.751, 21319 MiB, 0 %
2026/10/05 20:14:51.779, 21319 MiB, 0 %
2026/10/05 20:14:53.802, 21319 MiB, 0 %
2026/10/05 20:14:55.828, 21319 MiB, 0 %
2026/10/05 20:14:57.856, 21319 MiB, 0 %
2026/10/05 20:14:59.878, 21319 MiB, 0 %
2026/10/05 20:15:01.906, 21319 MiB, 0 %
2026/10/05 20:15:03.941, 21319 MiB, 0 %
2026/10/05 20:15:05.955, 21319 MiB, 0 %
2026/10/05 20:15:07.983, 21319 MiB, 0 %
2026/10/05 20:15:10.011, 21319 MiB, 0 %
2026/10/05 20:15:12.032, 21319 MiB, 0 %
2026/10/05 20:15:14.053, 21319 MiB, 0 %
2026/10/05 20:15:16.081, 21319 MiB, 0 %
2026/10/05 20:15:18.089, 21319 MiB, 0 %
2026/10/05 20:15:20.103, 21319 MiB, 0 %
2026/10/05 20:15:22.131, 21319 MiB, 0 %
2026/10/05 20:15:24.144, 21319 MiB, 0 %
2026/10/05 20:15:26.159, 21319 MiB, 0 %
2026/10/05 20:15:28.180, 21319 MiB, 0 %
2026/10/05 20:15:30.201, 690 MiB, 4 %
2026/10/05 20:15:32.222, 690 MiB, 0 %
2026/10/05 20:15:34.243, 690 MiB, 0 %
2026/10/05 20:15:36.265, 690 MiB, 0 %
2026/10/05 20:15:38.272, 690 MiB, 0 %
2026/10/05 20:15:40.314, 690 MiB, 0 %
2026/10/05 20:15:42.328, 690 MiB, 0 %
2026/10/05 20:15:44.349, 690 MiB, 0 %
2026/10/05 20:15:46.363, 690 MiB, 0 %
2026/10/05 20:15:48.384, 690 MiB, 0 %
2026/10/05 20:15:50.412, 690 MiB, 0 %
2026/10/05 20:15:52.433, 690 MiB, 0 %
2026/10/05 20:15:54.458, 690 MiB, 0 %
2026/10/05 20:15:56.482, 690 MiB, 0 %
2026/10/05 20:15:58.504, 690 MiB, 0 %
2026/10/05 20:16:00.539, 690 MiB, 0 %
2026/10/05 20:16:02.560, 690 MiB, 0 %
2026/10/05 20:16:04.574, 690 MiB, 0 %
2026/10/05 20:16:06.608, 1185 MiB, 5 %
2026/10/05 20:16:08.650, 1185 MiB, 0 %
2026/10/05 20:16:10.677, 1185 MiB, 0 %
2026/10/05 20:16:12.719, 1185 MiB, 0 %
2026/10/05 20:16:14.758, 19993 MiB, 33 %
2026/10/05 20:16:16.792, 21321 MiB, 97 %
2026/10/05 20:16:18.831, 21321 MiB, 91 %
2026/10/05 20:16:20.869, 21321 MiB, 90 %
2026/10/05 20:16:22.914, 21321 MiB, 91 %
2026/10/05 20:16:24.960, 21321 MiB, 90 %
2026/10/05 20:16:27.011, 21321 MiB, 91 %
2026/10/05 20:16:29.052, 21321 MiB, 89 %
2026/10/05 20:16:31.103, 21321 MiB, 89 %
2026/10/05 20:16:33.142, 21321 MiB, 83 %
2026/10/05 20:16:35.194, 21321 MiB, 90 %
2026/10/05 20:16:37.228, 21321 MiB, 91 %
2026/10/05 20:16:39.270, 21321 MiB, 89 %
2026/10/05 20:16:41.307, 21321 MiB, 89 %
2026/10/05 20:16:43.361, 21321 MiB, 90 %
2026/10/05 20:16:45.399, 21321 MiB, 89 %
2026/10/05 20:16:47.417, 21321 MiB, 90 %
2026/10/05 20:16:49.470, 21321 MiB, 90 %
2026/10/05 20:16:51.488, 21321 MiB, 89 %
2026/10/05 20:16:53.529, 21321 MiB, 89 %
2026/10/05 20:16:55.564, 21321 MiB, 89 %
2026/10/05 20:16:57.608, 21321 MiB, 91 %
2026/10/05 20:16:59.646, 21321 MiB, 90 %
2026/10/05 20:17:01.698, 21321 MiB, 91 %
2026/10/05 20:17:03.747, 21321 MiB, 90 %
2026/10/05 20:17:05.788, 21321 MiB, 89 %
2026/10/05 20:17:07.828, 21321 MiB, 91 %
2026/10/05 20:17:09.862, 21321 MiB, 91 %
2026/10/05 20:17:11.900, 21321 MiB, 88 %
2026/10/05 20:17:13.924, 21321 MiB, 0 %
2026/10/05 20:17:15.958, 21321 MiB, 0 %
2026/10/05 20:17:17.979, 21321 MiB, 0 %
2026/10/05 20:17:20.001, 21321 MiB, 0 %
2026/10/05 20:17:22.029, 21321 MiB, 0 %
2026/10/05 20:17:24.057, 21321 MiB, 0 %
2026/10/05 20:17:26.093, 21321 MiB, 0 %
2026/10/05 20:17:28.113, 21321 MiB, 0 %
2026/10/05 20:17:30.127, 21321 MiB, 0 %
2026/10/05 20:17:32.155, 21321 MiB, 0 %
2026/10/05 20:17:34.183, 21321 MiB, 0 %
2026/10/05 20:17:36.191, 21321 MiB, 0 %
2026/10/05 20:17:38.205, 21321 MiB, 0 %
2026/10/05 20:17:40.226, 21321 MiB, 0 %
2026/10/05 20:17:42.254, 21321 MiB, 0 %
2026/10/05 20:17:44.268, 21321 MiB, 0 %
2026/10/05 20:17:46.289, 21321 MiB, 0 %
2026/10/05 20:17:48.310, 21321 MiB, 0 %
2026/10/05 20:17:50.331, 21321 MiB, 0 %
2026/10/05 20:17:52.352, 21321 MiB, 0 %
2026/10/05 20:17:54.366, 21321 MiB, 0 %
2026/10/05 20:17:56.394, 21321 MiB, 0 %
2026/10/05 20:17:58.422, 21321 MiB, 0 %
2026/10/05 20:18:00.450, 21321 MiB, 0 %
2026/10/05 20:18:02.472, 21321 MiB, 0 %
2026/10/05 20:18:04.493, 21321 MiB, 0 %
2026/10/05 20:18:06.528, 21321 MiB, 0 %
2026/10/05 20:18:08.556, 21321 MiB, 0 %
2026/10/05 20:18:10.570, 21321 MiB, 0 %
2026/10/05 20:18:12.598, 21321 MiB, 0 %
2026/10/05 20:18:14.606, 21321 MiB, 0 %
2026/10/05 20:18:16.627, 21321 MiB, 0 %
2026/10/05 20:18:18.640, 21321 MiB, 0 %
2026/10/05 20:18:20.668, 21321 MiB, 0 %
2026/10/05 20:18:22.703, 21321 MiB, 0 %
2026/10/05 20:18:24.738, 21321 MiB, 0 %
2026/10/05 20:18:26.760, 21321 MiB, 0 %
2026/10/05 20:18:28.788, 21321 MiB, 0 %
2026/10/05 20:18:30.836, 21321 MiB, 0 %
2026/10/05 20:18:32.857, 21321 MiB, 0 %
2026/10/05 20:18:34.879, 21321 MiB, 0 %
2026/10/05 20:18:36.886, 21321 MiB, 0 %
2026/10/05 20:18:38.907, 21321 MiB, 0 %
2026/10/05 20:18:40.935, 21321 MiB, 0 %
2026/10/05 20:18:42.949, 21321 MiB, 0 %
2026/10/05 20:18:44.977, 21321 MiB, 0 %
2026/10/05 20:18:47.005, 21321 MiB, 0 %
2026/10/05 20:18:49.040, 21321 MiB, 0 %
2026/10/05 20:18:51.061, 21321 MiB, 0 %
2026/10/05 20:18:53.090, 21321 MiB, 0 %
2026/10/05 20:18:55.117, 21321 MiB, 0 %
2026/10/05 20:18:57.139, 21321 MiB, 0 %
2026/10/05 20:18:59.153, 21321 MiB, 0 %
2026/10/05 20:19:01.167, 21321 MiB, 0 %
2026/10/05 20:19:03.188, 21321 MiB, 0 %
2026/10/05 20:19:05.216, 21321 MiB, 0 %
2026/10/05 20:19:07.230, 21321 MiB, 0 %
2026/10/05 20:19:09.253, 21321 MiB, 0 %
2026/10/05 20:19:11.265, 21321 MiB, 0 %
2026/10/05 20:19:13.288, 690 MiB, 0 %
2026/10/05 20:19:15.322, 690 MiB, 0 %
2026/10/05 20:19:17.336, 690 MiB, 0 %
2026/10/05 20:19:19.357, 690 MiB, 0 %
2026/10/05 20:19:21.385, 690 MiB, 0 %
2026/10/05 20:19:23.401, 690 MiB, 0 %
2026/10/05 20:19:25.427, 690 MiB, 0 %
2026/10/05 20:19:27.448, 690 MiB, 0 %
2026/10/05 20:19:29.483, 690 MiB, 0 %
2026/10/05 20:19:31.490, 690 MiB, 0 %
2026/10/05 20:19:33.512, 690 MiB, 0 %
2026/10/05 20:19:35.539, 690 MiB, 0 %
2026/10/05 20:19:37.561, 690 MiB, 0 %
2026/10/05 20:19:39.575, 690 MiB, 0 %
2026/10/05 20:19:41.610, 690 MiB, 0 %
2026/10/05 20:19:43.631, 690 MiB, 0 %
2026/10/05 20:19:45.652, 690 MiB, 0 %
2026/10/05 20:19:47.680, 690 MiB, 0 %
2026/10/05 20:19:49.694, 690 MiB, 0 %
2026/10/05 20:19:51.722, 690 MiB, 0 %
2026/10/05 20:19:53.750, 690 MiB, 0 %
2026/10/05 20:19:55.787, 690 MiB, 0 %
2026/10/05 20:19:57.813, 690 MiB, 0 %
2026/10/05 20:19:59.835, 690 MiB, 0 %
2026/10/05 20:20:01.863, 690 MiB, 0 %
2026/10/05 20:20:03.884, 690 MiB, 0 %
2026/10/05 20:20:05.912, 690 MiB, 0 %
2026/10/05 20:20:07.936, 690 MiB, 0 %
2026/10/05 20:20:09.954, 690 MiB, 0 %
2026/10/05 20:20:11.989, 690 MiB, 0 %
2026/10/05 20:20:14.017, 690 MiB, 0 %
2026/10/05 20:20:16.045, 690 MiB, 0 %
2026/10/05 20:20:18.066, 690 MiB, 0 %
2026/10/05 20:20:20.080, 690 MiB, 0 %
2026/10/05 20:20:22.108, 690 MiB, 0 %
2026/10/05 20:20:24.130, 690 MiB, 0 %
2026/10/05 20:20:26.151, 690 MiB, 0 %
2026/10/05 20:20:28.179, 690 MiB, 0 %
2026/10/05 20:20:30.207, 690 MiB, 0 %
2026/10/05 20:20:32.235, 690 MiB, 0 %
2026/10/05 20:20:34.256, 690 MiB, 0 %
2026/10/05 20:20:36.277, 690 MiB, 0 %
2026/10/05 20:20:38.298, 690 MiB, 0 %
2026/10/05 20:20:40.319, 690 MiB, 0 %
2026/10/05 20:20:42.338, 690 MiB, 0 %
2026/10/05 20:20:44.368, 690 MiB, 0 %
2026/10/05 20:20:46.389, 690 MiB, 0 %
2026/10/05 20:20:48.410, 690 MiB, 0 %
2026/10/05 20:20:50.439, 690 MiB, 0 %
2026/10/05 20:20:52.466, 690 MiB, 0 %
2026/10/05 20:20:54.488, 690 MiB, 0 %
2026/10/05 20:20:56.502, 690 MiB, 0 %
2026/10/05 20:20:58.530, 690 MiB, 0 %
2026/10/05 20:21:00.551, 690 MiB, 0 %
2026/10/05 20:21:02.579, 690 MiB, 0 %
2026/10/05 20:21:04.607, 690 MiB, 0 %
2026/10/05 20:21:06.628, 690 MiB, 0 %
2026/10/05 20:21:08.649, 690 MiB, 0 %
2026/10/05 20:21:10.663, 690 MiB, 0 %
2026/10/05 20:21:12.686, 690 MiB, 0 %
2026/10/05 20:21:14.699, 690 MiB, 0 %
2026/10/05 20:21:16.707, 690 MiB, 0 %
2026/10/05 20:21:18.720, 690 MiB, 0 %
2026/10/05 20:21:20.735, 690 MiB, 0 %
2026/10/05 20:21:22.749, 690 MiB, 0 %
2026/10/05 20:21:24.763, 690 MiB, 0 %
2026/10/05 20:21:26.799, 690 MiB, 0 %
2026/10/05 20:21:28.819, 690 MiB, 0 %
2026/10/05 20:21:30.833, 690 MiB, 0 %
2026/10/05 20:21:32.847, 690 MiB, 0 %
2026/10/05 20:21:34.875, 690 MiB, 0 %
2026/10/05 20:21:36.889, 690 MiB, 0 %
2026/10/05 20:21:38.903, 690 MiB, 0 %
2026/10/05 20:21:40.925, 690 MiB, 0 %
2026/10/05 20:21:42.946, 690 MiB, 0 %
2026/10/05 20:21:44.967, 690 MiB, 0 %
2026/10/05 20:21:46.988, 690 MiB, 0 %
2026/10/05 20:21:49.003, 690 MiB, 0 %
2026/10/05 20:21:51.030, 690 MiB, 0 %
2026/10/05 20:21:53.058, 690 MiB, 0 %
2026/10/05 20:21:55.101, 690 MiB, 0 %
2026/10/05 20:21:57.135, 3314 MiB, 5 %
2026/10/05 20:21:59.152, 6290 MiB, 8 %
2026/10/05 20:22:01.174, 10130 MiB, 14 %
2026/10/05 20:22:03.215, 8850 MiB, 0 %
2026/10/05 20:22:05.253, 13714 MiB, 24 %
2026/10/05 20:22:07.275, 16594 MiB, 40 %
2026/10/05 20:22:09.307, 19314 MiB, 33 %
2026/10/05 20:22:11.358, 21970 MiB, 29 %
2026/10/05 20:22:13.404, 24626 MiB, 13 %
2026/10/05 20:22:15.442, 27250 MiB, 27 %
2026/10/05 20:22:17.483, 29938 MiB, 12 %
2026/10/05 20:22:19.519, 30418 MiB, 100 %
2026/10/05 20:22:21.527, 30386 MiB, 100 %
2026/10/05 20:22:23.569, 30386 MiB, 100 %
2026/10/05 20:22:25.606, 30386 MiB, 100 %
2026/10/05 20:22:27.622, 27698 MiB, 4 %
2026/10/05 20:22:29.651, 2066 MiB, 8 %
2026/10/05 20:22:31.681, 5042 MiB, 5 %
2026/10/05 20:22:33.713, 7314 MiB, 8 %
2026/10/05 20:22:35.755, 9650 MiB, 40 %
2026/10/05 20:22:37.794, 9458 MiB, 0 %
2026/10/05 20:22:39.839, 3858 MiB, 5 %
2026/10/05 20:22:41.869, 6290 MiB, 10 %
2026/10/05 20:22:43.916, 9234 MiB, 5 %
2026/10/05 20:22:45.950, 8850 MiB, 10 %
2026/10/05 20:22:47.996, 13234 MiB, 23 %
2026/10/05 20:22:50.030, 16146 MiB, 36 %
2026/10/05 20:22:52.051, 18994 MiB, 18 %
2026/10/05 20:22:54.071, 21874 MiB, 32 %
2026/10/05 20:22:56.093, 24754 MiB, 37 %
2026/10/05 20:22:58.123, 27602 MiB, 12 %
2026/10/05 20:23:00.155, 29874 MiB, 100 %
2026/10/05 20:23:02.182, 29874 MiB, 100 %
2026/10/05 20:23:04.224, 29874 MiB, 100 %
2026/10/05 20:23:06.253, 28498 MiB, 0 %
2026/10/05 20:23:08.290, 1970 MiB, 1 %
2026/10/05 20:23:10.334, 4786 MiB, 10 %
2026/10/05 20:23:12.356, 7314 MiB, 35 %
2026/10/05 20:23:14.369, 9714 MiB, 58 %
2026/10/05 20:23:16.398, 9458 MiB, 0 %
2026/10/05 20:23:18.446, 3250 MiB, 4 %
2026/10/05 20:23:20.485, 690 MiB, 0 %
2026/10/05 20:23:22.536, 690 MiB, 0 %
2026/10/05 20:23:24.572, 690 MiB, 0 %
2026/10/05 20:23:26.600, 690 MiB, 0 %
2026/10/05 20:23:28.617, 690 MiB, 0 %
2026/10/05 20:23:30.647, 4925 MiB, 0 %
2026/10/05 20:23:32.656, 5555 MiB, 0 %
2026/10/05 20:23:34.704, 5949 MiB, 0 %
2026/10/05 20:23:36.738, 6437 MiB, 0 %
2026/10/05 20:23:38.772, 7091 MiB, 4 %
2026/10/05 20:23:40.796, 7209 MiB, 87 %
2026/10/05 20:23:42.835, 1846 MiB, 0 %
2026/10/05 20:23:44.863, 5474 MiB, 33 %
2026/10/05 20:23:46.910, 1850 MiB, 0 %
2026/10/05 20:23:48.937, 1850 MiB, 0 %
2026/10/05 20:23:50.969, 1850 MiB, 0 %
2026/10/05 20:23:52.986, 1850 MiB, 0 %
2026/10/05 20:23:55.019, 1850 MiB, 0 %
2026/10/05 20:23:57.038, 1850 MiB, 0 %
2026/10/05 20:23:59.053, 1850 MiB, 0 %
2026/10/05 20:24:01.098, 2074 MiB, 0 %
2026/10/05 20:24:03.119, 4186 MiB, 21 %
2026/10/05 20:24:05.149, 8604 MiB, 72 %
2026/10/05 20:24:07.184, 11836 MiB, 53 %
2026/10/05 20:24:09.214, 14972 MiB, 80 %
2026/10/05 20:24:11.231, 17916 MiB, 71 %
2026/10/05 20:24:13.253, 20796 MiB, 81 %
2026/10/05 20:24:15.292, 17372 MiB, 0 %
2026/10/05 20:24:17.332, 16012 MiB, 6 %
2026/10/05 20:24:19.358, 25192 MiB, 100 %
2026/10/05 20:24:21.397, 26600 MiB, 100 %
2026/10/05 20:24:23.425, 27112 MiB, 7 %
2026/10/05 20:24:25.449, 27656 MiB, 100 %
2026/10/05 20:24:27.486, 27688 MiB, 39 %
2026/10/05 20:24:29.522, 27656 MiB, 100 %
2026/10/05 20:24:31.541, 27688 MiB, 6 %
2026/10/05 20:24:33.583, 27688 MiB, 48 %
2026/10/05 20:24:35.609, 27688 MiB, 100 %
2026/10/05 20:24:37.639, 27720 MiB, 81 %
2026/10/05 20:24:39.666, 27464 MiB, 100 %
2026/10/05 20:24:41.699, 27688 MiB, 4 %
2026/10/05 20:24:43.716, 27432 MiB, 100 %
2026/10/05 20:24:45.746, 27688 MiB, 6 %
2026/10/05 20:24:47.767, 27448 MiB, 100 %
2026/10/05 20:24:49.810, 27656 MiB, 81 %
2026/10/05 20:24:51.834, 27560 MiB, 100 %
2026/10/05 20:24:53.863, 27560 MiB, 48 %
2026/10/05 20:24:55.892, 27336 MiB, 100 %
2026/10/05 20:24:57.910, 27272 MiB, 100 %
2026/10/05 20:24:59.934, 27272 MiB, 100 %
2026/10/05 20:25:01.951, 26792 MiB, 100 %
2026/10/05 20:25:03.995, 26792 MiB, 100 %
2026/10/05 20:25:06.017, 26792 MiB, 100 %
2026/10/05 20:25:08.051, 26728 MiB, 100 %
2026/10/05 20:25:10.085, 26728 MiB, 100 %
2026/10/05 20:25:12.115, 26728 MiB, 100 %
2026/10/05 20:25:14.128, 26728 MiB, 100 %
2026/10/05 20:25:16.149, 26728 MiB, 100 %
2026/10/05 20:25:18.182, 26728 MiB, 100 %
2026/10/05 20:25:20.219, 26120 MiB, 100 %
2026/10/05 20:25:22.241, 26120 MiB, 100 %
2026/10/05 20:25:24.277, 24808 MiB, 100 %
2026/10/05 20:25:26.300, 24840 MiB, 100 %
2026/10/05 20:25:28.333, 24840 MiB, 100 %
2026/10/05 20:25:30.363, 24840 MiB, 100 %
2026/10/05 20:25:32.400, 24840 MiB, 100 %
2026/10/05 20:25:34.432, 24840 MiB, 100 %
2026/10/05 20:25:36.455, 24840 MiB, 100 %
2026/10/05 20:25:38.500, 24840 MiB, 100 %
2026/10/05 20:25:40.528, 24840 MiB, 100 %
2026/10/05 20:25:42.542, 24840 MiB, 100 %
2026/10/05 20:25:44.564, 24840 MiB, 100 %
2026/10/05 20:25:46.587, 24840 MiB, 100 %
2026/10/05 20:25:48.618, 24840 MiB, 100 %
2026/10/05 20:25:50.654, 24840 MiB, 100 %
2026/10/05 20:25:52.686, 24840 MiB, 100 %
2026/10/05 20:25:54.721, 24840 MiB, 100 %
2026/10/05 20:25:56.753, 24840 MiB, 100 %
2026/10/05 20:25:58.785, 24840 MiB, 100 %
2026/10/05 20:26:00.829, 24840 MiB, 100 %
2026/10/05 20:26:02.849, 24840 MiB, 100 %
2026/10/05 20:26:04.887, 24840 MiB, 100 %
2026/10/05 20:26:06.917, 24840 MiB, 100 %
2026/10/05 20:26:08.948, 24840 MiB, 100 %
2026/10/05 20:26:10.998, 24840 MiB, 100 %
2026/10/05 20:26:13.030, 24840 MiB, 100 %
2026/10/05 20:26:15.057, 24840 MiB, 100 %
2026/10/05 20:26:17.066, 17082 MiB, 17 %
2026/10/05 20:26:19.112, 18970 MiB, 52 %
2026/10/05 20:26:21.131, 19066 MiB, 99 %
2026/10/05 20:26:23.170, 19066 MiB, 99 %
2026/10/05 20:26:25.213, 17962 MiB, 0 %
2026/10/05 20:26:27.246, 17962 MiB, 0 %
2026/10/05 20:26:29.287, 17962 MiB, 3 %
2026/10/05 20:26:31.298, 3146 MiB, 0 %
2026/10/05 20:26:33.330, 5652 MiB, 0 %
2026/10/05 20:26:35.359, 1898 MiB, 0 %
2026/10/05 20:26:37.381, 3242 MiB, 48 %
2026/10/05 20:26:39.404, 5962 MiB, 10 %
2026/10/05 20:26:41.425, 8618 MiB, 9 %
2026/10/05 20:26:43.449, 10858 MiB, 28 %
2026/10/05 20:26:45.473, 10666 MiB, 10 %
2026/10/05 20:26:47.507, 10922 MiB, 31 %
2026/10/05 20:26:49.539, 10858 MiB, 42 %
2026/10/05 20:26:51.572, 10666 MiB, 0 %
2026/10/05 20:26:53.602, 10666 MiB, 0 %
2026/10/05 20:26:55.647, 1930 MiB, 2 %
2026/10/05 20:26:57.677, 1898 MiB, 0 %
2026/10/05 20:26:59.692, 1898 MiB, 0 %
2026/10/05 20:27:01.728, 1898 MiB, 0 %
2026/10/05 20:27:03.754, 5504 MiB, 0 %
2026/10/05 20:27:05.784, 6008 MiB, 0 %
2026/10/05 20:27:07.827, 7981 MiB, 20 %
2026/10/05 20:27:09.862, 7931 MiB, 7 %
2026/10/05 20:27:11.887, 8461 MiB, 1 %
2026/10/05 20:27:13.913, 9135 MiB, 26 %
2026/10/05 20:27:15.954, 2539 MiB, 0 %
2026/10/05 20:27:17.981, 2539 MiB, 0 %
2026/10/05 20:27:20.012, 6293 MiB, 52 %
2026/10/05 20:27:22.029, 2539 MiB, 0 %
2026/10/05 20:27:24.060, 2539 MiB, 0 %
2026/10/05 20:27:26.073, 2539 MiB, 0 %
2026/10/05 20:27:28.095, 2539 MiB, 0 %
2026/10/05 20:27:30.128, 2539 MiB, 0 %
2026/10/05 20:27:32.145, 2539 MiB, 0 %
2026/10/05 20:27:34.176, 2539 MiB, 0 %
2026/10/05 20:27:36.194, 2539 MiB, 0 %
2026/10/05 20:27:38.227, 5067 MiB, 25 %
2026/10/05 20:27:40.260, 9259 MiB, 63 %
2026/10/05 20:27:42.288, 12139 MiB, 73 %
2026/10/05 20:27:44.311, 15019 MiB, 51 %
2026/10/05 20:27:46.344, 17963 MiB, 60 %
2026/10/05 20:27:48.359, 18059 MiB, 59 %
2026/10/05 20:27:50.392, 19659 MiB, 36 %
2026/10/05 20:27:52.424, 19659 MiB, 100 %
2026/10/05 20:27:54.455, 16091 MiB, 16 %
2026/10/05 20:27:56.476, 29003 MiB, 100 %
2026/10/05 20:27:58.507, 25995 MiB, 100 %
2026/10/05 20:28:00.541, 25067 MiB, 59 %
2026/10/05 20:28:02.563, 26315 MiB, 100 %
2026/10/05 20:28:04.594, 26315 MiB, 100 %
2026/10/05 20:28:06.640, 26251 MiB, 5 %
2026/10/05 20:28:08.676, 28075 MiB, 100 %
2026/10/05 20:28:10.691, 28075 MiB, 100 %
2026/10/05 20:28:12.713, 28427 MiB, 100 %
2026/10/05 20:28:14.738, 28427 MiB, 100 %
2026/10/05 20:28:16.775, 25931 MiB, 100 %
2026/10/05 20:28:18.794, 25643 MiB, 100 %
2026/10/05 20:28:20.827, 25995 MiB, 100 %
2026/10/05 20:28:22.858, 25883 MiB, 100 %
2026/10/05 20:28:24.883, 25995 MiB, 100 %
2026/10/05 20:28:26.926, 25899 MiB, 100 %
2026/10/05 20:28:28.957, 25883 MiB, 63 %
2026/10/05 20:28:30.991, 25931 MiB, 100 %
2026/10/05 20:28:33.023, 25867 MiB, 100 %
2026/10/05 20:28:35.054, 25899 MiB, 100 %
2026/10/05 20:28:37.063, 25899 MiB, 100 %
2026/10/05 20:28:39.089, 25867 MiB, 54 %
2026/10/05 20:28:41.109, 25915 MiB, 100 %
2026/10/05 20:28:43.126, 24565 MiB, 100 %
2026/10/05 20:28:45.171, 24917 MiB, 100 %
2026/10/05 20:28:47.219, 25365 MiB, 100 %
2026/10/05 20:28:49.246, 25653 MiB, 100 %
2026/10/05 20:28:51.272, 25781 MiB, 100 %
2026/10/05 20:28:53.299, 25781 MiB, 100 %
2026/10/05 20:28:55.318, 25653 MiB, 100 %
2026/10/05 20:28:57.353, 25557 MiB, 100 %
2026/10/05 20:28:59.387, 25557 MiB, 100 %
2026/10/05 20:29:01.409, 25557 MiB, 100 %
2026/10/05 20:29:03.447, 25557 MiB, 100 %
2026/10/05 20:29:05.480, 25557 MiB, 100 %
2026/10/05 20:29:07.514, 25557 MiB, 100 %
2026/10/05 20:29:09.555, 25557 MiB, 100 %
2026/10/05 20:29:11.595, 25557 MiB, 100 %
2026/10/05 20:29:13.625, 25557 MiB, 100 %
2026/10/05 20:29:15.662, 25557 MiB, 100 %
2026/10/05 20:29:17.692, 25557 MiB, 100 %
2026/10/05 20:29:19.708, 25557 MiB, 100 %
2026/10/05 20:29:21.746, 25557 MiB, 100 %
2026/10/05 20:29:23.770, 25557 MiB, 100 %
2026/10/05 20:29:25.790, 25557 MiB, 100 %
2026/10/05 20:29:27.822, 25557 MiB, 100 %
2026/10/05 20:29:29.870, 25557 MiB, 100 %
2026/10/05 20:29:31.906, 25557 MiB, 100 %
2026/10/05 20:29:33.929, 25557 MiB, 100 %
2026/10/05 20:29:35.940, 25557 MiB, 100 %
2026/10/05 20:29:37.985, 25557 MiB, 100 %
2026/10/05 20:29:40.017, 25557 MiB, 100 %
2026/10/05 20:29:42.049, 25557 MiB, 100 %
2026/10/05 20:29:44.086, 25557 MiB, 100 %
2026/10/05 20:29:46.123, 25557 MiB, 100 %
2026/10/05 20:29:48.157, 21989 MiB, 100 %
2026/10/05 20:29:50.187, 22133 MiB, 100 %
2026/10/05 20:29:52.214, 22133 MiB, 100 %
2026/10/05 20:29:54.248, 22133 MiB, 100 %
2026/10/05 20:29:56.285, 22133 MiB, 100 %
2026/10/05 20:29:58.313, 22133 MiB, 100 %
2026/10/05 20:30:00.349, 22133 MiB, 100 %
2026/10/05 20:30:02.371, 22133 MiB, 100 %
2026/10/05 20:30:04.398, 22133 MiB, 100 %
2026/10/05 20:30:06.421, 22133 MiB, 100 %
2026/10/05 20:30:08.448, 22133 MiB, 100 %
2026/10/05 20:30:10.482, 22133 MiB, 100 %
2026/10/05 20:30:12.504, 22133 MiB, 100 %
2026/10/05 20:30:14.535, 22133 MiB, 100 %
2026/10/05 20:30:16.562, 22133 MiB, 100 %
2026/10/05 20:30:18.587, 22133 MiB, 100 %
2026/10/05 20:30:20.622, 22133 MiB, 100 %
2026/10/05 20:30:22.637, 22133 MiB, 100 %
2026/10/05 20:30:24.674, 22133 MiB, 100 %
2026/10/05 20:30:26.702, 22133 MiB, 100 %
2026/10/05 20:30:28.737, 22133 MiB, 100 %
2026/10/05 20:30:30.770, 22133 MiB, 100 %
2026/10/05 20:30:32.789, 22133 MiB, 100 %
2026/10/05 20:30:34.832, 22133 MiB, 100 %
2026/10/05 20:30:36.853, 22133 MiB, 100 %
2026/10/05 20:30:38.887, 22133 MiB, 100 %
2026/10/05 20:30:40.911, 22133 MiB, 100 %
2026/10/05 20:30:42.947, 22133 MiB, 100 %
2026/10/05 20:30:44.971, 22133 MiB, 100 %
2026/10/05 20:30:47.005, 22133 MiB, 100 %
2026/10/05 20:30:49.042, 22133 MiB, 100 %
2026/10/05 20:30:51.059, 22133 MiB, 100 %
2026/10/05 20:30:53.101, 22133 MiB, 100 %
2026/10/05 20:30:55.121, 22133 MiB, 100 %
2026/10/05 20:30:57.165, 22133 MiB, 100 %
2026/10/05 20:30:59.192, 22133 MiB, 100 %
2026/10/05 20:31:01.228, 22133 MiB, 100 %
2026/10/05 20:31:03.251, 22133 MiB, 100 %
2026/10/05 20:31:05.283, 22133 MiB, 100 %
2026/10/05 20:31:07.305, 22133 MiB, 100 %
2026/10/05 20:31:09.336, 22133 MiB, 100 %
2026/10/05 20:31:11.379, 22133 MiB, 100 %
2026/10/05 20:31:13.416, 22133 MiB, 100 %
2026/10/05 20:31:15.441, 22133 MiB, 100 %
2026/10/05 20:31:17.479, 22133 MiB, 100 %
2026/10/05 20:31:19.508, 22133 MiB, 100 %
2026/10/05 20:31:21.548, 22133 MiB, 100 %
2026/10/05 20:31:23.586, 22133 MiB, 100 %
2026/10/05 20:31:25.602, 22133 MiB, 100 %
2026/10/05 20:31:27.624, 22133 MiB, 100 %
2026/10/05 20:31:29.646, 22133 MiB, 100 %
2026/10/05 20:31:31.667, 11269 MiB, 7 %
2026/10/05 20:31:33.705, 12421 MiB, 98 %
2026/10/05 20:31:35.721, 12453 MiB, 99 %
2026/10/05 20:31:37.747, 12453 MiB, 99 %
2026/10/05 20:31:39.774, 12485 MiB, 99 %
2026/10/05 20:31:41.796, 12485 MiB, 99 %
2026/10/05 20:31:43.817, 11381 MiB, 0 %
2026/10/05 20:31:45.852, 11381 MiB, 0 %
2026/10/05 20:31:47.900, 11797 MiB, 8 %
2026/10/05 20:31:49.926, 21909 MiB, 98 %
2026/10/05 20:31:51.966, 27413 MiB, 100 %
2026/10/05 20:31:53.988, 28917 MiB, 100 %
2026/10/05 20:31:56.019, 29013 MiB, 3 %
2026/10/05 20:31:58.054, 27893 MiB, 100 %
2026/10/05 20:32:00.082, 28405 MiB, 100 %
2026/10/05 20:32:02.117, 28373 MiB, 100 %
2026/10/05 20:32:04.163, 28373 MiB, 80 %
2026/10/05 20:32:06.204, 28405 MiB, 100 %
2026/10/05 20:32:08.231, 28437 MiB, 80 %
2026/10/05 20:32:10.276, 28341 MiB, 100 %
2026/10/05 20:32:12.317, 28405 MiB, 100 %
2026/10/05 20:32:14.349, 28181 MiB, 89 %
2026/10/05 20:32:16.386, 27797 MiB, 92 %
2026/10/05 20:32:18.404, 27317 MiB, 100 %
2026/10/05 20:32:20.433, 27317 MiB, 100 %
2026/10/05 20:32:22.454, 27317 MiB, 100 %
2026/10/05 20:32:24.478, 27317 MiB, 99 %
2026/10/05 20:32:26.499, 27317 MiB, 100 %
2026/10/05 20:32:28.542, 27317 MiB, 100 %
2026/10/05 20:32:30.563, 27317 MiB, 100 %
2026/10/05 20:32:32.611, 26213 MiB, 99 %
2026/10/05 20:32:34.642, 26229 MiB, 100 %
2026/10/05 20:32:36.668, 26229 MiB, 100 %
2026/10/05 20:32:38.699, 26229 MiB, 100 %
2026/10/05 20:32:40.729, 26229 MiB, 100 %
2026/10/05 20:32:42.754, 26229 MiB, 100 %
2026/10/05 20:32:44.782, 26229 MiB, 100 %
2026/10/05 20:32:46.799, 26229 MiB, 100 %
2026/10/05 20:32:48.834, 26229 MiB, 100 %
2026/10/05 20:32:50.866, 26165 MiB, 100 %
2026/10/05 20:32:52.880, 26165 MiB, 100 %
2026/10/05 20:32:54.914, 26165 MiB, 100 %
2026/10/05 20:32:56.952, 26165 MiB, 100 %
2026/10/05 20:32:58.974, 26165 MiB, 100 %
2026/10/05 20:33:01.012, 26165 MiB, 100 %
2026/10/05 20:33:03.044, 26165 MiB, 100 %
2026/10/05 20:33:05.064, 26165 MiB, 100 %
2026/10/05 20:33:07.093, 20101 MiB, 6 %
2026/10/05 20:33:09.130, 22437 MiB, 99 %
2026/10/05 20:33:11.157, 22437 MiB, 86 %
2026/10/05 20:33:13.183, 21397 MiB, 32 %
2026/10/05 20:33:15.214, 21397 MiB, 0 %
2026/10/05 20:33:17.252, 1301 MiB, 0 %
2026/10/05 20:33:19.287, 1237 MiB, 0 %
2026/10/05 20:33:21.308, 4597 MiB, 29 %
2026/10/05 20:33:23.350, 1237 MiB, 0 %
2026/10/05 20:33:25.391, 2805 MiB, 4 %
2026/10/05 20:33:27.431, 5429 MiB, 28 %
2026/10/05 20:33:29.462, 7701 MiB, 14 %
2026/10/05 20:33:31.503, 10293 MiB, 53 %
2026/10/05 20:33:33.514, 10261 MiB, 29 %
2026/10/05 20:33:35.543, 10133 MiB, 38 %
2026/10/05 20:33:37.568, 10005 MiB, 1 %
2026/10/05 20:33:39.580, 10261 MiB, 29 %
2026/10/05 20:33:41.598, 10261 MiB, 28 %
2026/10/05 20:33:43.629, 10261 MiB, 23 %
2026/10/05 20:33:45.662, 10261 MiB, 56 %
2026/10/05 20:33:47.691, 10005 MiB, 0 %
2026/10/05 20:33:49.731, 10005 MiB, 0 %
2026/10/05 20:33:51.759, 10005 MiB, 0 %
2026/10/05 20:33:53.776, 10005 MiB, 0 %
2026/10/05 20:33:55.816, 10005 MiB, 0 %
2026/10/05 20:33:57.843, 10005 MiB, 0 %
2026/10/05 20:33:59.864, 10005 MiB, 0 %
2026/10/05 20:34:01.885, 10005 MiB, 0 %
2026/10/05 20:34:03.906, 10005 MiB, 0 %
2026/10/05 20:34:05.927, 10005 MiB, 0 %
2026/10/05 20:34:07.948, 10005 MiB, 0 %
2026/10/05 20:34:09.977, 10005 MiB, 0 %
2026/10/05 20:34:12.011, 10005 MiB, 0 %
2026/10/05 20:34:14.020, 10005 MiB, 0 %
2026/10/05 20:34:16.040, 10005 MiB, 0 %
2026/10/05 20:34:18.075, 10005 MiB, 0 %
2026/10/05 20:34:20.110, 10005 MiB, 0 %
2026/10/05 20:34:22.124, 10005 MiB, 0 %
2026/10/05 20:34:24.145, 10005 MiB, 0 %
2026/10/05 20:34:26.166, 10005 MiB, 0 %
2026/10/05 20:34:28.187, 10005 MiB, 0 %
2026/10/05 20:34:30.208, 10005 MiB, 0 %
2026/10/05 20:34:32.230, 10005 MiB, 0 %
2026/10/05 20:34:34.257, 10005 MiB, 0 %
2026/10/05 20:34:36.300, 10005 MiB, 0 %
2026/10/05 20:34:38.327, 10005 MiB, 0 %
2026/10/05 20:34:40.362, 10005 MiB, 0 %
2026/10/05 20:34:42.390, 10005 MiB, 0 %
2026/10/05 20:34:44.416, 10005 MiB, 0 %
2026/10/05 20:34:46.448, 10005 MiB, 0 %
2026/10/05 20:34:48.461, 10005 MiB, 0 %
2026/10/05 20:34:50.482, 10005 MiB, 0 %
2026/10/05 20:34:52.496, 10005 MiB, 0 %
2026/10/05 20:34:54.510, 10005 MiB, 0 %
2026/10/05 20:34:56.525, 10005 MiB, 0 %
2026/10/05 20:34:58.552, 10005 MiB, 0 %
2026/10/05 20:35:00.567, 10005 MiB, 0 %
2026/10/05 20:35:02.581, 10005 MiB, 0 %
2026/10/05 20:35:04.609, 10005 MiB, 0 %
2026/10/05 20:35:06.630, 10005 MiB, 0 %
2026/10/05 20:35:08.651, 10005 MiB, 0 %
2026/10/05 20:35:10.672, 10005 MiB, 0 %
2026/10/05 20:35:12.700, 10005 MiB, 0 %
2026/10/05 20:35:14.742, 10005 MiB, 0 %
2026/10/05 20:35:16.777, 10005 MiB, 0 %
2026/10/05 20:35:18.798, 10005 MiB, 0 %
2026/10/05 20:35:20.826, 10005 MiB, 0 %
2026/10/05 20:35:22.854, 10005 MiB, 0 %
2026/10/05 20:35:24.882, 10005 MiB, 0 %
2026/10/05 20:35:26.903, 10005 MiB, 0 %
2026/10/05 20:35:28.931, 10005 MiB, 0 %
2026/10/05 20:35:30.959, 10005 MiB, 0 %
2026/10/05 20:35:32.980, 10005 MiB, 0 %
2026/10/05 20:35:35.009, 10005 MiB, 0 %
2026/10/05 20:35:37.023, 10005 MiB, 0 %
2026/10/05 20:35:39.052, 10005 MiB, 0 %
2026/10/05 20:35:41.079, 10005 MiB, 0 %
2026/10/05 20:35:43.107, 10005 MiB, 0 %
2026/10/05 20:35:45.128, 10005 MiB, 0 %
2026/10/05 20:35:47.156, 10005 MiB, 0 %
2026/10/05 20:35:49.177, 10005 MiB, 0 %
2026/10/05 20:35:51.198, 10005 MiB, 0 %
2026/10/05 20:35:53.226, 10005 MiB, 0 %
2026/10/05 20:35:55.261, 10005 MiB, 0 %
2026/10/05 20:35:57.282, 10005 MiB, 0 %
2026/10/05 20:35:59.311, 10005 MiB, 0 %
2026/10/05 20:36:01.334, 10005 MiB, 0 %
2026/10/05 20:36:03.373, 10005 MiB, 0 %
2026/10/05 20:36:05.402, 10005 MiB, 0 %
2026/10/05 20:36:07.430, 10005 MiB, 0 %
2026/10/05 20:36:09.458, 10005 MiB, 0 %
2026/10/05 20:36:11.480, 10005 MiB, 0 %
2026/10/05 20:36:13.500, 10005 MiB, 0 %
2026/10/05 20:36:15.535, 10005 MiB, 0 %
2026/10/05 20:36:17.556, 10005 MiB, 0 %
2026/10/05 20:36:19.584, 10005 MiB, 0 %
2026/10/05 20:36:21.606, 10005 MiB, 0 %
2026/10/05 20:36:23.633, 10005 MiB, 0 %
2026/10/05 20:36:25.654, 10005 MiB, 0 %
2026/10/05 20:36:27.682, 10005 MiB, 0 %
2026/10/05 20:36:29.698, 10005 MiB, 0 %
2026/10/05 20:36:31.722, 10005 MiB, 0 %
2026/10/05 20:36:33.745, 10005 MiB, 0 %
2026/10/05 20:36:35.767, 10005 MiB, 0 %
2026/10/05 20:36:37.788, 10005 MiB, 0 %
2026/10/05 20:36:39.823, 10005 MiB, 0 %
2026/10/05 20:36:41.851, 10005 MiB, 0 %
2026/10/05 20:36:43.879, 10005 MiB, 0 %
2026/10/05 20:36:45.900, 10005 MiB, 0 %
2026/10/05 20:36:47.915, 10005 MiB, 0 %
2026/10/05 20:36:49.943, 10005 MiB, 0 %
2026/10/05 20:36:51.957, 10005 MiB, 0 %
2026/10/05 20:36:53.978, 10005 MiB, 0 %
2026/10/05 20:36:56.005, 10005 MiB, 0 %
2026/10/05 20:36:58.027, 10005 MiB, 0 %
2026/10/05 20:37:00.055, 10005 MiB, 0 %
2026/10/05 20:37:02.083, 10005 MiB, 0 %
2026/10/05 20:37:04.111, 10005 MiB, 0 %
2026/10/05 20:37:06.139, 10005 MiB, 0 %
2026/10/05 20:37:08.160, 10005 MiB, 0 %
2026/10/05 20:37:10.195, 10005 MiB, 0 %
2026/10/05 20:37:12.218, 10005 MiB, 0 %
2026/10/05 20:37:14.230, 10005 MiB, 0 %
2026/10/05 20:37:16.252, 10005 MiB, 0 %
2026/10/05 20:37:18.273, 10005 MiB, 0 %
2026/10/05 20:37:20.300, 10005 MiB, 0 %
2026/10/05 20:37:22.322, 10005 MiB, 0 %
2026/10/05 20:37:24.350, 10005 MiB, 0 %
2026/10/05 20:37:26.371, 10005 MiB, 0 %
2026/10/05 20:37:28.385, 10005 MiB, 0 %
2026/10/05 20:37:30.413, 10005 MiB, 0 %
2026/10/05 20:37:32.441, 10005 MiB, 0 %
2026/10/05 20:37:34.455, 10005 MiB, 0 %
2026/10/05 20:37:36.469, 10005 MiB, 0 %
2026/10/05 20:37:38.490, 10005 MiB, 0 %
2026/10/05 20:37:40.505, 10005 MiB, 0 %
2026/10/05 20:37:42.519, 10005 MiB, 0 %
2026/10/05 20:37:44.540, 10005 MiB, 0 %
2026/10/05 20:37:46.561, 10005 MiB, 0 %
2026/10/05 20:37:48.596, 10005 MiB, 0 %
2026/10/05 20:37:50.610, 10005 MiB, 0 %
2026/10/05 20:37:52.631, 10005 MiB, 0 %
2026/10/05 20:37:54.673, 10005 MiB, 0 %
2026/10/05 20:37:56.716, 1237 MiB, 0 %
2026/10/05 20:37:58.734, 1237 MiB, 0 %
2026/10/05 20:38:00.758, 1237 MiB, 0 %
2026/10/05 20:38:02.785, 1237 MiB, 0 %
2026/10/05 20:38:04.817, 1237 MiB, 0 %
2026/10/05 20:38:06.847, 1237 MiB, 0 %
2026/10/05 20:38:08.887, 1237 MiB, 0 %
2026/10/05 20:38:10.913, 1237 MiB, 0 %
2026/10/05 20:38:12.934, 2805 MiB, 7 %
2026/10/05 20:38:14.955, 6869 MiB, 48 %
2026/10/05 20:38:16.987, 9653 MiB, 57 %
2026/10/05 20:38:19.018, 12597 MiB, 63 %
2026/10/05 20:38:21.063, 15509 MiB, 45 %
2026/10/05 20:38:23.084, 18645 MiB, 45 %
2026/10/05 20:38:25.115, 17397 MiB, 34 %
2026/10/05 20:38:27.138, 22133 MiB, 8 %
2026/10/05 20:38:29.168, 24277 MiB, 100 %
2026/10/05 20:38:31.202, 27093 MiB, 100 %
2026/10/05 20:38:33.247, 28309 MiB, 100 %
2026/10/05 20:38:35.279, 28341 MiB, 88 %
2026/10/05 20:38:37.317, 27605 MiB, 4 %
2026/10/05 20:38:39.335, 28245 MiB, 100 %
2026/10/05 20:38:41.360, 27669 MiB, 70 %
2026/10/05 20:38:43.381, 27349 MiB, 100 %
2026/10/05 20:38:45.412, 28213 MiB, 99 %
2026/10/05 20:38:47.431, 28533 MiB, 6 %
2026/10/05 20:38:49.476, 28501 MiB, 100 %
2026/10/05 20:38:51.506, 28181 MiB, 95 %
2026/10/05 20:38:53.544, 28181 MiB, 100 %
2026/10/05 20:38:55.567, 28181 MiB, 99 %
2026/10/05 20:38:57.608, 27797 MiB, 100 %
2026/10/05 20:38:59.634, 27797 MiB, 100 %
2026/10/05 20:39:01.649, 27797 MiB, 100 %
2026/10/05 20:39:03.669, 27797 MiB, 100 %
2026/10/05 20:39:05.711, 27797 MiB, 100 %
2026/10/05 20:39:07.734, 27797 MiB, 100 %
2026/10/05 20:39:09.766, 26213 MiB, 100 %
2026/10/05 20:39:11.798, 26229 MiB, 100 %
2026/10/05 20:39:13.835, 26229 MiB, 100 %
2026/10/05 20:39:15.861, 26229 MiB, 100 %
2026/10/05 20:39:17.881, 26229 MiB, 100 %
2026/10/05 20:39:19.909, 26229 MiB, 100 %
2026/10/05 20:39:21.937, 26229 MiB, 100 %
2026/10/05 20:39:23.961, 26229 MiB, 100 %
2026/10/05 20:39:25.982, 26229 MiB, 100 %
2026/10/05 20:39:27.997, 26165 MiB, 100 %
2026/10/05 20:39:30.033, 26165 MiB, 100 %
2026/10/05 20:39:32.065, 26165 MiB, 100 %
2026/10/05 20:39:34.099, 26165 MiB, 100 %
2026/10/05 20:39:36.135, 26165 MiB, 100 %
2026/10/05 20:39:38.164, 26165 MiB, 100 %
2026/10/05 20:39:40.184, 26165 MiB, 100 %
2026/10/05 20:39:42.215, 26165 MiB, 100 %
2026/10/05 20:39:44.235, 21605 MiB, 11 %
2026/10/05 20:39:46.262, 22373 MiB, 98 %
2026/10/05 20:39:48.282, 22373 MiB, 99 %
2026/10/05 20:39:50.312, 21333 MiB, 0 %
2026/10/05 20:39:52.343, 21333 MiB, 0 %
2026/10/05 20:39:54.396, 1269 MiB, 0 %
2026/10/05 20:39:56.429, 4991 MiB, 0 %
2026/10/05 20:39:58.466, 2517 MiB, 0 %
2026/10/05 20:40:00.480, 3861 MiB, 13 %
2026/10/05 20:40:02.525, 6229 MiB, 29 %
2026/10/05 20:40:04.557, 8661 MiB, 0 %
2026/10/05 20:40:06.593, 10005 MiB, 51 %
2026/10/05 20:40:08.615, 10165 MiB, 25 %
2026/10/05 20:40:10.659, 10261 MiB, 34 %
2026/10/05 20:40:12.683, 10005 MiB, 0 %
2026/10/05 20:40:14.713, 10005 MiB, 0 %
2026/10/05 20:40:16.727, 10005 MiB, 0 %
2026/10/05 20:40:18.748, 10005 MiB, 0 %
2026/10/05 20:40:20.783, 10005 MiB, 0 %
2026/10/05 20:40:22.804, 10005 MiB, 0 %
2026/10/05 20:40:24.825, 10005 MiB, 0 %
2026/10/05 20:40:26.847, 10005 MiB, 0 %
2026/10/05 20:40:28.868, 10005 MiB, 0 %
2026/10/05 20:40:30.896, 10005 MiB, 0 %
2026/10/05 20:40:32.910, 10005 MiB, 0 %
2026/10/05 20:40:34.931, 10005 MiB, 0 %
2026/10/05 20:40:36.960, 10005 MiB, 0 %
2026/10/05 20:40:38.980, 10005 MiB, 0 %
2026/10/05 20:40:41.008, 10005 MiB, 0 %
2026/10/05 20:40:43.029, 10005 MiB, 0 %
2026/10/05 20:40:45.050, 10005 MiB, 0 %
2026/10/05 20:40:47.064, 10005 MiB, 0 %
2026/10/05 20:40:49.085, 10005 MiB, 0 %
2026/10/05 20:40:51.107, 10005 MiB, 0 %
2026/10/05 20:40:53.121, 10005 MiB, 0 %
2026/10/05 20:40:55.142, 10005 MiB, 0 %
2026/10/05 20:40:57.151, 10005 MiB, 0 %
2026/10/05 20:40:59.170, 10005 MiB, 0 %
2026/10/05 20:41:01.184, 10005 MiB, 0 %
2026/10/05 20:41:03.198, 10005 MiB, 0 %
2026/10/05 20:41:05.220, 10005 MiB, 0 %
2026/10/05 20:41:07.234, 10005 MiB, 0 %
2026/10/05 20:41:09.276, 10005 MiB, 0 %
2026/10/05 20:41:11.299, 10005 MiB, 0 %
2026/10/05 20:41:13.325, 10005 MiB, 0 %
2026/10/05 20:41:15.346, 10005 MiB, 0 %
2026/10/05 20:41:17.367, 10005 MiB, 0 %
2026/10/05 20:41:19.402, 10005 MiB, 0 %
2026/10/05 20:41:21.425, 10005 MiB, 0 %
2026/10/05 20:41:23.444, 10005 MiB, 0 %
2026/10/05 20:41:25.459, 10005 MiB, 0 %
2026/10/05 20:41:27.480, 10005 MiB, 0 %
2026/10/05 20:41:29.494, 10005 MiB, 0 %
2026/10/05 20:41:31.515, 10005 MiB, 0 %
2026/10/05 20:41:33.536, 10005 MiB, 0 %
2026/10/05 20:41:35.550, 10005 MiB, 0 %
2026/10/05 20:41:37.579, 10005 MiB, 0 %
2026/10/05 20:41:39.606, 10005 MiB, 0 %
2026/10/05 20:41:41.637, 10005 MiB, 0 %
2026/10/05 20:41:43.655, 10005 MiB, 0 %
2026/10/05 20:41:45.670, 10005 MiB, 0 %
2026/10/05 20:41:47.691, 10005 MiB, 0 %
2026/10/05 20:41:49.712, 10005 MiB, 0 %
2026/10/05 20:41:51.733, 13759 MiB, 0 %
2026/10/05 20:41:53.761, 13759 MiB, 0 %
2026/10/05 20:41:55.782, 13759 MiB, 0 %
2026/10/05 20:41:57.797, 13759 MiB, 0 %
2026/10/05 20:41:59.818, 13759 MiB, 0 %
2026/10/05 20:42:01.839, 13759 MiB, 0 %
2026/10/05 20:42:03.860, 13759 MiB, 0 %
2026/10/05 20:42:05.880, 13759 MiB, 0 %
2026/10/05 20:42:07.902, 13759 MiB, 0 %
2026/10/05 20:42:09.937, 13759 MiB, 0 %
2026/10/05 20:42:11.965, 13759 MiB, 0 %
2026/10/05 20:42:13.986, 13759 MiB, 0 %
2026/10/05 20:42:16.014, 13759 MiB, 0 %
2026/10/05 20:42:18.042, 13759 MiB, 0 %
2026/10/05 20:42:20.056, 13759 MiB, 0 %
2026/10/05 20:42:22.077, 13759 MiB, 0 %
2026/10/05 20:42:24.091, 13759 MiB, 0 %
2026/10/05 20:42:26.112, 13759 MiB, 0 %
2026/10/05 20:42:28.127, 13759 MiB, 0 %
2026/10/05 20:42:30.148, 13759 MiB, 0 %
2026/10/05 20:42:32.176, 13759 MiB, 0 %
2026/10/05 20:42:34.206, 13759 MiB, 0 %
2026/10/05 20:42:36.225, 13759 MiB, 0 %
2026/10/05 20:42:38.253, 13759 MiB, 0 %
2026/10/05 20:42:40.288, 13759 MiB, 0 %
2026/10/05 20:42:42.316, 13759 MiB, 0 %
2026/10/05 20:42:44.330, 13759 MiB, 0 %
2026/10/05 20:42:46.358, 13759 MiB, 0 %
2026/10/05 20:42:48.379, 13759 MiB, 0 %
2026/10/05 20:42:50.401, 13759 MiB, 0 %
2026/10/05 20:42:52.422, 13759 MiB, 0 %
2026/10/05 20:42:54.443, 13759 MiB, 0 %
2026/10/05 20:42:56.480, 13759 MiB, 0 %
2026/10/05 20:42:58.506, 13759 MiB, 0 %
2026/10/05 20:43:00.542, 13759 MiB, 0 %
2026/10/05 20:43:02.576, 13759 MiB, 0 %
2026/10/05 20:43:04.604, 13759 MiB, 0 %
2026/10/05 20:43:06.618, 13759 MiB, 0 %
2026/10/05 20:43:08.639, 13759 MiB, 0 %
2026/10/05 20:43:10.660, 13759 MiB, 0 %
2026/10/05 20:43:12.681, 13759 MiB, 0 %
2026/10/05 20:43:14.703, 13759 MiB, 0 %
2026/10/05 20:43:16.723, 13759 MiB, 0 %
2026/10/05 20:43:18.738, 13759 MiB, 0 %
2026/10/05 20:43:20.766, 13759 MiB, 0 %
2026/10/05 20:43:22.794, 13759 MiB, 0 %
2026/10/05 20:43:24.822, 13759 MiB, 0 %
2026/10/05 20:43:26.843, 13759 MiB, 0 %
2026/10/05 20:43:28.865, 13759 MiB, 0 %
2026/10/05 20:43:30.899, 13759 MiB, 0 %
2026/10/05 20:43:32.927, 13759 MiB, 0 %
2026/10/05 20:43:34.948, 13759 MiB, 0 %
2026/10/05 20:43:36.969, 13759 MiB, 0 %
2026/10/05 20:43:39.004, 13759 MiB, 0 %
2026/10/05 20:43:41.019, 13759 MiB, 0 %
2026/10/05 20:43:43.054, 13759 MiB, 0 %
2026/10/05 20:43:45.088, 13759 MiB, 0 %
2026/10/05 20:43:47.103, 13759 MiB, 0 %
2026/10/05 20:43:49.124, 13759 MiB, 0 %
2026/10/05 20:43:51.145, 13759 MiB, 0 %
2026/10/05 20:43:53.166, 13759 MiB, 0 %
2026/10/05 20:43:55.201, 13759 MiB, 0 %
2026/10/05 20:43:57.222, 13759 MiB, 0 %
2026/10/05 20:43:59.243, 13759 MiB, 0 %
2026/10/05 20:44:01.271, 13759 MiB, 0 %
2026/10/05 20:44:03.285, 13759 MiB, 0 %
2026/10/05 20:44:05.293, 13759 MiB, 0 %
2026/10/05 20:44:07.320, 13759 MiB, 0 %
2026/10/05 20:44:09.350, 13759 MiB, 0 %
2026/10/05 20:44:11.377, 13759 MiB, 0 %
2026/10/05 20:44:13.398, 13759 MiB, 0 %
2026/10/05 20:44:15.412, 13759 MiB, 0 %
2026/10/05 20:44:17.433, 13759 MiB, 0 %
2026/10/05 20:44:19.454, 13759 MiB, 0 %
2026/10/05 20:44:21.468, 13759 MiB, 0 %
2026/10/05 20:44:23.491, 13759 MiB, 0 %
2026/10/05 20:44:25.512, 13759 MiB, 0 %
2026/10/05 20:44:27.531, 13759 MiB, 0 %
2026/10/05 20:44:29.546, 13759 MiB, 0 %
2026/10/05 20:44:31.567, 13759 MiB, 0 %
2026/10/05 20:44:33.588, 13759 MiB, 0 %
2026/10/05 20:44:35.598, 13759 MiB, 0 %
2026/10/05 20:44:37.623, 13759 MiB, 0 %
2026/10/05 20:44:39.651, 13759 MiB, 0 %
2026/10/05 20:44:41.672, 13759 MiB, 0 %
2026/10/05 20:44:43.707, 13759 MiB, 0 %
2026/10/05 20:44:45.742, 13759 MiB, 0 %
2026/10/05 20:44:47.763, 13759 MiB, 0 %
2026/10/05 20:44:49.778, 13759 MiB, 0 %
2026/10/05 20:44:51.819, 13759 MiB, 0 %
2026/10/05 20:44:53.841, 13759 MiB, 0 %
2026/10/05 20:44:55.855, 13759 MiB, 0 %
2026/10/05 20:44:57.883, 13759 MiB, 0 %
2026/10/05 20:44:59.911, 13759 MiB, 0 %
2026/10/05 20:45:01.939, 13759 MiB, 0 %
2026/10/05 20:45:03.967, 13759 MiB, 0 %
2026/10/05 20:45:05.983, 13759 MiB, 0 %
2026/10/05 20:45:08.009, 13759 MiB, 0 %
2026/10/05 20:45:10.031, 13759 MiB, 0 %
2026/10/05 20:45:12.051, 13759 MiB, 0 %
2026/10/05 20:45:14.093, 13759 MiB, 0 %
2026/10/05 20:45:16.114, 13759 MiB, 0 %
2026/10/05 20:45:18.149, 13759 MiB, 0 %
2026/10/05 20:45:20.166, 13759 MiB, 0 %
2026/10/05 20:45:22.194, 13759 MiB, 0 %
2026/10/05 20:45:24.223, 13759 MiB, 0 %
2026/10/05 20:45:26.241, 13759 MiB, 0 %
2026/10/05 20:45:28.255, 13759 MiB, 0 %
2026/10/05 20:45:30.275, 13759 MiB, 0 %
2026/10/05 20:45:32.290, 13759 MiB, 0 %
2026/10/05 20:45:34.318, 13759 MiB, 0 %
2026/10/05 20:45:36.339, 13759 MiB, 0 %
2026/10/05 20:45:38.369, 13759 MiB, 0 %
2026/10/05 20:45:40.411, 13759 MiB, 0 %
2026/10/05 20:45:42.437, 13759 MiB, 0 %
2026/10/05 20:45:44.465, 13759 MiB, 0 %
2026/10/05 20:45:46.480, 13759 MiB, 0 %
2026/10/05 20:45:48.501, 13759 MiB, 0 %
2026/10/05 20:45:50.515, 13759 MiB, 0 %
2026/10/05 20:45:52.529, 13759 MiB, 0 %
2026/10/05 20:45:54.550, 13759 MiB, 0 %
2026/10/05 20:45:56.580, 13759 MiB, 0 %
2026/10/05 20:45:58.600, 13759 MiB, 0 %
2026/10/05 20:46:00.627, 13759 MiB, 0 %
2026/10/05 20:46:02.648, 13759 MiB, 0 %
2026/10/05 20:46:04.670, 13759 MiB, 0 %
2026/10/05 20:46:06.691, 13759 MiB, 0 %
2026/10/05 20:46:08.712, 13759 MiB, 0 %
2026/10/05 20:46:10.727, 13759 MiB, 0 %
2026/10/05 20:46:12.761, 13759 MiB, 0 %
2026/10/05 20:46:14.782, 13759 MiB, 0 %
2026/10/05 20:46:16.803, 13759 MiB, 0 %
2026/10/05 20:46:18.817, 13759 MiB, 0 %
2026/10/05 20:46:20.838, 13759 MiB, 0 %
2026/10/05 20:46:22.866, 13759 MiB, 0 %
2026/10/05 20:46:24.880, 13759 MiB, 0 %
2026/10/05 20:46:26.909, 13759 MiB, 0 %
2026/10/05 20:46:28.930, 13759 MiB, 0 %
2026/10/05 20:46:30.958, 13759 MiB, 0 %
2026/10/05 20:46:32.972, 13759 MiB, 0 %
2026/10/05 20:46:35.007, 13759 MiB, 0 %
2026/10/05 20:46:37.015, 13759 MiB, 0 %
2026/10/05 20:46:39.028, 13759 MiB, 0 %
2026/10/05 20:46:41.056, 13759 MiB, 0 %
2026/10/05 20:46:43.077, 13759 MiB, 0 %
2026/10/05 20:46:45.092, 13759 MiB, 0 %
2026/10/05 20:46:47.119, 13759 MiB, 0 %
2026/10/05 20:46:49.135, 13759 MiB, 0 %
2026/10/05 20:46:51.162, 13759 MiB, 0 %
2026/10/05 20:46:53.183, 13759 MiB, 0 %
2026/10/05 20:46:55.210, 13759 MiB, 0 %
2026/10/05 20:46:57.246, 1237 MiB, 0 %
2026/10/05 20:46:59.263, 1237 MiB, 0 %
2026/10/05 20:47:01.297, 1237 MiB, 0 %
2026/10/05 20:47:03.315, 1237 MiB, 0 %
2026/10/05 20:47:05.347, 1237 MiB, 0 %
2026/10/05 20:47:07.364, 1237 MiB, 0 %
2026/10/05 20:47:09.388, 1237 MiB, 0 %
2026/10/05 20:47:11.415, 1237 MiB, 0 %
2026/10/05 20:47:13.456, 1797 MiB, 37 %
2026/10/05 20:47:15.486, 4277 MiB, 36 %
2026/10/05 20:47:17.529, 8149 MiB, 58 %
2026/10/05 20:47:19.549, 11221 MiB, 56 %
2026/10/05 20:47:21.594, 14101 MiB, 50 %
2026/10/05 20:47:23.615, 17077 MiB, 44 %
2026/10/05 20:47:25.661, 16757 MiB, 0 %
2026/10/05 20:47:27.681, 15109 MiB, 8 %
2026/10/05 20:47:29.712, 23125 MiB, 21 %
2026/10/05 20:47:31.746, 26229 MiB, 100 %
2026/10/05 20:47:33.779, 28245 MiB, 100 %
2026/10/05 20:47:35.822, 28533 MiB, 100 %
2026/10/05 20:47:37.874, 27605 MiB, 97 %
2026/10/05 20:47:39.900, 27637 MiB, 100 %
2026/10/05 20:47:41.930, 28245 MiB, 5 %
2026/10/05 20:47:43.949, 27541 MiB, 5 %
2026/10/05 20:47:45.980, 28021 MiB, 100 %
2026/10/05 20:47:47.999, 27381 MiB, 100 %
2026/10/05 20:47:50.031, 27669 MiB, 5 %
2026/10/05 20:47:52.063, 28405 MiB, 5 %
2026/10/05 20:47:54.087, 27253 MiB, 100 %
2026/10/05 20:47:56.098, 27253 MiB, 100 %
2026/10/05 20:47:58.130, 27253 MiB, 100 %
2026/10/05 20:48:00.145, 27253 MiB, 100 %
2026/10/05 20:48:02.180, 27253 MiB, 100 %
2026/10/05 20:48:04.212, 27253 MiB, 100 %
2026/10/05 20:48:06.247, 27253 MiB, 100 %
2026/10/05 20:48:08.281, 27253 MiB, 100 %
2026/10/05 20:48:10.325, 26213 MiB, 100 %
2026/10/05 20:48:12.346, 26229 MiB, 100 %
2026/10/05 20:48:14.379, 26229 MiB, 99 %
2026/10/05 20:48:16.411, 26229 MiB, 100 %
2026/10/05 20:48:18.430, 26229 MiB, 100 %
2026/10/05 20:48:20.452, 26229 MiB, 100 %
2026/10/05 20:48:22.480, 26229 MiB, 100 %
2026/10/05 20:48:24.511, 26229 MiB, 100 %
2026/10/05 20:48:26.543, 26229 MiB, 100 %
2026/10/05 20:48:28.563, 26229 MiB, 100 %
2026/10/05 20:48:30.596, 26165 MiB, 100 %
2026/10/05 20:48:32.627, 26165 MiB, 100 %
2026/10/05 20:48:34.643, 26165 MiB, 100 %
2026/10/05 20:48:36.662, 26165 MiB, 100 %
2026/10/05 20:48:38.694, 26165 MiB, 100 %
2026/10/05 20:48:40.726, 26165 MiB, 99 %
2026/10/05 20:48:42.744, 26165 MiB, 100 %
2026/10/05 20:48:44.758, 20325 MiB, 17 %
2026/10/05 20:48:46.778, 22053 MiB, 99 %
2026/10/05 20:48:48.804, 22181 MiB, 99 %
2026/10/05 20:48:50.840, 22181 MiB, 99 %
2026/10/05 20:48:52.861, 21109 MiB, 0 %
2026/10/05 20:48:54.890, 21109 MiB, 0 %
2026/10/05 20:48:56.908, 21109 MiB, 3 %
2026/10/05 20:48:58.934, 4853 MiB, 32 %
2026/10/05 20:49:00.972, 4991 MiB, 0 %
2026/10/05 20:49:03.005, 2517 MiB, 6 %
2026/10/05 20:49:05.025, 4981 MiB, 9 %
2026/10/05 20:49:07.055, 7285 MiB, 27 %
2026/10/05 20:49:09.092, 9781 MiB, 30 %
2026/10/05 20:49:11.128, 10229 MiB, 31 %
2026/10/05 20:49:13.161, 10229 MiB, 30 %
2026/10/05 20:49:15.187, 10005 MiB, 55 %
2026/10/05 20:49:17.218, 10005 MiB, 0 %
2026/10/05 20:49:19.244, 10005 MiB, 0 %
2026/10/05 20:49:21.272, 10005 MiB, 0 %
2026/10/05 20:49:23.293, 10005 MiB, 0 %
2026/10/05 20:49:25.321, 10005 MiB, 0 %
2026/10/05 20:49:27.344, 10005 MiB, 0 %
2026/10/05 20:49:29.371, 10005 MiB, 0 %
2026/10/05 20:49:31.412, 10005 MiB, 0 %
2026/10/05 20:49:33.434, 10005 MiB, 0 %
2026/10/05 20:49:35.455, 10005 MiB, 0 %
2026/10/05 20:49:37.483, 10005 MiB, 0 %
2026/10/05 20:49:39.519, 10005 MiB, 0 %
2026/10/05 20:49:41.546, 10005 MiB, 0 %
2026/10/05 20:49:43.569, 10005 MiB, 0 %
2026/10/05 20:49:45.595, 10005 MiB, 0 %
2026/10/05 20:49:47.616, 10005 MiB, 0 %
2026/10/05 20:49:49.630, 10005 MiB, 0 %
2026/10/05 20:49:51.658, 10005 MiB, 0 %
2026/10/05 20:49:53.686, 10005 MiB, 0 %
2026/10/05 20:49:55.713, 10005 MiB, 0 %
2026/10/05 20:49:57.739, 10005 MiB, 0 %
2026/10/05 20:49:59.770, 10005 MiB, 0 %
2026/10/05 20:50:01.803, 10005 MiB, 0 %
2026/10/05 20:50:03.827, 10005 MiB, 0 %
2026/10/05 20:50:05.863, 10005 MiB, 0 %
2026/10/05 20:50:07.876, 10005 MiB, 0 %
2026/10/05 20:50:09.907, 10005 MiB, 0 %
2026/10/05 20:50:11.932, 10005 MiB, 0 %
2026/10/05 20:50:13.960, 10005 MiB, 0 %
2026/10/05 20:50:15.981, 10005 MiB, 0 %
2026/10/05 20:50:18.002, 10005 MiB, 0 %
2026/10/05 20:50:20.024, 10005 MiB, 0 %
2026/10/05 20:50:22.058, 10005 MiB, 0 %
2026/10/05 20:50:24.092, 10005 MiB, 0 %
2026/10/05 20:50:26.116, 10005 MiB, 0 %
2026/10/05 20:50:28.143, 10005 MiB, 0 %
2026/10/05 20:50:30.179, 10005 MiB, 0 %
2026/10/05 20:50:32.200, 10005 MiB, 0 %
2026/10/05 20:50:34.227, 10005 MiB, 0 %
2026/10/05 20:50:36.254, 10005 MiB, 0 %
2026/10/05 20:50:38.283, 10005 MiB, 0 %
2026/10/05 20:50:40.315, 10005 MiB, 0 %
2026/10/05 20:50:42.346, 10005 MiB, 0 %
2026/10/05 20:50:44.368, 10005 MiB, 0 %
2026/10/05 20:50:46.388, 10005 MiB, 0 %
2026/10/05 20:50:48.433, 10005 MiB, 0 %
2026/10/05 20:50:50.448, 10005 MiB, 0 %
2026/10/05 20:50:52.479, 10005 MiB, 0 %
2026/10/05 20:50:54.507, 10005 MiB, 0 %
2026/10/05 20:50:56.531, 10005 MiB, 0 %
2026/10/05 20:50:58.563, 10005 MiB, 0 %
2026/10/05 20:51:00.584, 10005 MiB, 0 %
2026/10/05 20:51:02.600, 10005 MiB, 0 %
2026/10/05 20:51:04.633, 10005 MiB, 0 %
2026/10/05 20:51:06.662, 10005 MiB, 0 %
2026/10/05 20:51:08.690, 10005 MiB, 0 %
2026/10/05 20:51:10.716, 10005 MiB, 0 %
2026/10/05 20:51:12.745, 10005 MiB, 0 %
2026/10/05 20:51:14.767, 10005 MiB, 0 %
2026/10/05 20:51:16.781, 10005 MiB, 0 %
2026/10/05 20:51:18.808, 10005 MiB, 0 %
2026/10/05 20:51:20.855, 10005 MiB, 0 %
2026/10/05 20:51:22.871, 10005 MiB, 0 %
2026/10/05 20:51:24.900, 10005 MiB, 0 %
2026/10/05 20:51:26.937, 10005 MiB, 0 %
2026/10/05 20:51:28.973, 10005 MiB, 0 %
2026/10/05 20:51:31.009, 10005 MiB, 0 %
2026/10/05 20:51:33.053, 10005 MiB, 0 %
2026/10/05 20:51:35.072, 10005 MiB, 0 %
2026/10/05 20:51:37.118, 10005 MiB, 0 %
2026/10/05 20:51:39.173, 10005 MiB, 0 %
2026/10/05 20:51:41.224, 10005 MiB, 0 %
2026/10/05 20:51:43.245, 10005 MiB, 0 %
2026/10/05 20:51:45.281, 10005 MiB, 0 %
2026/10/05 20:51:47.314, 10005 MiB, 0 %
2026/10/05 20:51:49.349, 10005 MiB, 0 %
2026/10/05 20:51:51.391, 10005 MiB, 0 %
2026/10/05 20:51:53.410, 10005 MiB, 0 %
2026/10/05 20:51:55.437, 1237 MiB, 0 %
2026/10/05 20:51:57.480, 1237 MiB, 0 %
2026/10/05 20:51:59.511, 1237 MiB, 0 %
2026/10/05 20:52:01.542, 1237 MiB, 0 %
2026/10/05 20:52:03.591, 1237 MiB, 0 %
2026/10/05 20:52:05.616, 1237 MiB, 0 %
2026/10/05 20:52:07.665, 1237 MiB, 0 %
2026/10/05 20:52:09.702, 1237 MiB, 0 %
2026/10/05 20:52:11.750, 2741 MiB, 6 %
2026/10/05 20:52:13.787, 6933 MiB, 41 %
2026/10/05 20:52:15.819, 9685 MiB, 39 %
2026/10/05 20:52:17.853, 12373 MiB, 48 %
2026/10/05 20:52:19.887, 14997 MiB, 42 %
2026/10/05 20:52:21.916, 17845 MiB, 49 %
2026/10/05 20:52:23.966, 16757 MiB, 0 %
2026/10/05 20:52:25.994, 14661 MiB, 6 %
2026/10/05 20:52:28.026, 23061 MiB, 6 %
2026/10/05 20:52:30.069, 25301 MiB, 100 %
2026/10/05 20:52:32.086, 27573 MiB, 100 %
2026/10/05 20:52:34.127, 28213 MiB, 100 %
2026/10/05 20:52:36.156, 27541 MiB, 100 %
2026/10/05 20:52:38.184, 28277 MiB, 100 %
2026/10/05 20:52:40.219, 28597 MiB, 60 %
2026/10/05 20:52:42.250, 28533 MiB, 3 %
2026/10/05 20:52:44.282, 27573 MiB, 100 %
2026/10/05 20:52:46.301, 27701 MiB, 100 %
2026/10/05 20:52:48.329, 28405 MiB, 4 %
2026/10/05 20:52:50.367, 27637 MiB, 5 %
2026/10/05 20:52:52.400, 27253 MiB, 91 %
2026/10/05 20:52:54.438, 27253 MiB, 100 %
2026/10/05 20:52:56.448, 27253 MiB, 99 %
2026/10/05 20:52:58.465, 27253 MiB, 100 %
2026/10/05 20:53:00.489, 27253 MiB, 100 %
2026/10/05 20:53:02.518, 27253 MiB, 100 %
2026/10/05 20:53:04.564, 27253 MiB, 100 %
2026/10/05 20:53:06.582, 27253 MiB, 100 %
2026/10/05 20:53:08.620, 27253 MiB, 100 %
2026/10/05 20:53:10.651, 26213 MiB, 100 %
2026/10/05 20:53:12.672, 26197 MiB, 100 %
2026/10/05 20:53:14.706, 26197 MiB, 99 %
2026/10/05 20:53:16.728, 26197 MiB, 100 %
2026/10/05 20:53:18.752, 26197 MiB, 100 %
2026/10/05 20:53:20.784, 26197 MiB, 100 %
2026/10/05 20:53:22.808, 26197 MiB, 100 %
2026/10/05 20:53:24.862, 26197 MiB, 100 %
2026/10/05 20:53:26.895, 26197 MiB, 100 %
2026/10/05 20:53:28.921, 26165 MiB, 100 %
2026/10/05 20:53:30.946, 26165 MiB, 100 %
2026/10/05 20:53:32.965, 26165 MiB, 100 %
2026/10/05 20:53:34.992, 26165 MiB, 100 %
2026/10/05 20:53:37.014, 26165 MiB, 99 %
2026/10/05 20:53:39.045, 26165 MiB, 100 %
2026/10/05 20:53:41.073, 26165 MiB, 100 %
2026/10/05 20:53:43.083, 26165 MiB, 100 %
2026/10/05 20:53:45.103, 21253 MiB, 10 %
2026/10/05 20:53:47.140, 22117 MiB, 59 %
2026/10/05 20:53:49.160, 22117 MiB, 23 %
2026/10/05 20:53:51.181, 21109 MiB, 0 %
2026/10/05 20:53:53.208, 21109 MiB, 0 %
2026/10/05 20:53:55.244, 4117 MiB, 2 %
2026/10/05 20:53:57.280, 4991 MiB, 0 %
2026/10/05 20:53:59.304, 1237 MiB, 0 %
2026/10/05 20:54:01.329, 3797 MiB, 16 %
2026/10/05 20:54:03.360, 6837 MiB, 27 %
2026/10/05 20:54:05.398, 9781 MiB, 47 %
2026/10/05 20:54:07.413, 10261 MiB, 28 %
2026/10/05 20:54:09.448, 10261 MiB, 30 %
2026/10/05 20:54:11.471, 10005 MiB, 26 %
2026/10/05 20:54:13.494, 10005 MiB, 0 %
2026/10/05 20:54:15.520, 10005 MiB, 0 %
2026/10/05 20:54:17.548, 10005 MiB, 0 %
2026/10/05 20:54:19.569, 10005 MiB, 0 %
2026/10/05 20:54:21.591, 10005 MiB, 0 %
2026/10/05 20:54:23.611, 10005 MiB, 0 %
2026/10/05 20:54:25.619, 10005 MiB, 0 %
2026/10/05 20:54:27.640, 10005 MiB, 0 %
2026/10/05 20:54:29.668, 10005 MiB, 0 %
2026/10/05 20:54:31.683, 10005 MiB, 0 %
2026/10/05 20:54:33.697, 10005 MiB, 0 %
2026/10/05 20:54:35.705, 10005 MiB, 0 %
2026/10/05 20:54:37.725, 10005 MiB, 0 %
2026/10/05 20:54:39.739, 10005 MiB, 0 %
2026/10/05 20:54:41.753, 10005 MiB, 0 %
2026/10/05 20:54:43.768, 10005 MiB, 0 %
2026/10/05 20:54:45.781, 10005 MiB, 0 %
2026/10/05 20:54:47.796, 10005 MiB, 0 %
2026/10/05 20:54:49.824, 10005 MiB, 0 %
2026/10/05 20:54:51.852, 10005 MiB, 0 %
2026/10/05 20:54:53.874, 10005 MiB, 0 %
2026/10/05 20:54:55.901, 10005 MiB, 0 %
2026/10/05 20:54:57.922, 10005 MiB, 0 %
2026/10/05 20:54:59.930, 10005 MiB, 0 %
2026/10/05 20:55:01.945, 10005 MiB, 0 %
2026/10/05 20:55:03.971, 10005 MiB, 0 %
2026/10/05 20:55:06.014, 10005 MiB, 0 %
2026/10/05 20:55:08.041, 10005 MiB, 0 %
2026/10/05 20:55:10.077, 10005 MiB, 0 %
2026/10/05 20:55:12.104, 10005 MiB, 0 %
2026/10/05 20:55:14.132, 10005 MiB, 0 %
2026/10/05 20:55:16.146, 10005 MiB, 0 %
2026/10/05 20:55:18.167, 10005 MiB, 0 %
2026/10/05 20:55:20.188, 10005 MiB, 0 %
2026/10/05 20:55:22.230, 10005 MiB, 0 %
2026/10/05 20:55:24.246, 10005 MiB, 0 %
2026/10/05 20:55:26.259, 10005 MiB, 0 %
2026/10/05 20:55:28.287, 10005 MiB, 0 %
2026/10/05 20:55:30.308, 10005 MiB, 0 %
2026/10/05 20:55:32.329, 10005 MiB, 0 %
2026/10/05 20:55:34.350, 10005 MiB, 0 %
2026/10/05 20:55:36.372, 10005 MiB, 0 %
2026/10/05 20:55:38.393, 10005 MiB, 0 %
2026/10/05 20:55:40.420, 10005 MiB, 0 %
2026/10/05 20:55:42.448, 10005 MiB, 0 %
2026/10/05 20:55:44.478, 10005 MiB, 0 %
2026/10/05 20:55:46.498, 10005 MiB, 0 %
2026/10/05 20:55:48.525, 10005 MiB, 0 %
2026/10/05 20:55:50.554, 10005 MiB, 0 %
2026/10/05 20:55:52.575, 10005 MiB, 0 %
2026/10/05 20:55:54.596, 10005 MiB, 0 %
2026/10/05 20:55:56.617, 10005 MiB, 0 %
2026/10/05 20:55:58.631, 10005 MiB, 0 %
2026/10/05 20:56:00.652, 10005 MiB, 0 %
2026/10/05 20:56:02.673, 10005 MiB, 0 %
2026/10/05 20:56:04.694, 10005 MiB, 0 %
2026/10/05 20:56:06.716, 10005 MiB, 0 %
2026/10/05 20:56:08.737, 10005 MiB, 0 %
2026/10/05 20:56:10.765, 10005 MiB, 0 %
2026/10/05 20:56:12.779, 10005 MiB, 0 %
2026/10/05 20:56:14.793, 10005 MiB, 0 %
2026/10/05 20:56:16.814, 10005 MiB, 0 %
2026/10/05 20:56:18.842, 10005 MiB, 0 %
2026/10/05 20:56:20.870, 10005 MiB, 0 %
2026/10/05 20:56:22.898, 10005 MiB, 0 %
2026/10/05 20:56:24.919, 10005 MiB, 0 %
2026/10/05 20:56:26.941, 10005 MiB, 0 %
2026/10/05 20:56:28.969, 10005 MiB, 0 %
2026/10/05 20:56:30.997, 10005 MiB, 0 %
2026/10/05 20:56:33.011, 10005 MiB, 0 %
2026/10/05 20:56:35.039, 10005 MiB, 0 %
2026/10/05 20:56:37.060, 10005 MiB, 0 %
2026/10/05 20:56:39.088, 10005 MiB, 0 %
2026/10/05 20:56:41.117, 10005 MiB, 0 %
2026/10/05 20:56:43.138, 10005 MiB, 0 %
2026/10/05 20:56:45.158, 10005 MiB, 0 %
2026/10/05 20:56:47.186, 10005 MiB, 0 %
2026/10/05 20:56:49.208, 10005 MiB, 0 %
2026/10/05 20:56:51.236, 10005 MiB, 0 %
2026/10/05 20:56:53.257, 10005 MiB, 0 %
2026/10/05 20:56:55.278, 10005 MiB, 0 %
2026/10/05 20:56:57.299, 10005 MiB, 0 %
2026/10/05 20:56:59.320, 10005 MiB, 0 %
2026/10/05 20:57:01.341, 10005 MiB, 0 %
2026/10/05 20:57:03.362, 10005 MiB, 0 %
2026/10/05 20:57:05.376, 10005 MiB, 0 %
2026/10/05 20:57:07.398, 10005 MiB, 0 %
2026/10/05 20:57:09.419, 10005 MiB, 0 %
2026/10/05 20:57:11.440, 10005 MiB, 0 %
2026/10/05 20:57:13.468, 10005 MiB, 0 %
2026/10/05 20:57:15.489, 10005 MiB, 0 %
2026/10/05 20:57:17.510, 10005 MiB, 0 %
2026/10/05 20:57:19.524, 10005 MiB, 0 %
2026/10/05 20:57:21.552, 10005 MiB, 0 %
2026/10/05 20:57:23.573, 10005 MiB, 0 %
2026/10/05 20:57:25.594, 10005 MiB, 0 %
2026/10/05 20:57:27.622, 10005 MiB, 0 %
2026/10/05 20:57:29.643, 10005 MiB, 0 %
2026/10/05 20:57:31.665, 10005 MiB, 0 %
2026/10/05 20:57:33.693, 10005 MiB, 0 %
2026/10/05 20:57:35.721, 10005 MiB, 0 %
2026/10/05 20:57:37.735, 10005 MiB, 0 %
2026/10/05 20:57:39.756, 10005 MiB, 0 %
2026/10/05 20:57:41.777, 10005 MiB, 0 %
2026/10/05 20:57:43.798, 10005 MiB, 0 %
2026/10/05 20:57:45.827, 10005 MiB, 0 %
2026/10/05 20:57:47.854, 10005 MiB, 0 %
2026/10/05 20:57:49.882, 10005 MiB, 0 %
2026/10/05 20:57:51.903, 10005 MiB, 0 %
2026/10/05 20:57:53.925, 10005 MiB, 0 %
2026/10/05 20:57:55.945, 10005 MiB, 0 %
2026/10/05 20:57:57.960, 10005 MiB, 0 %
2026/10/05 20:57:59.975, 10005 MiB, 0 %
2026/10/05 20:58:01.995, 10005 MiB, 0 %
2026/10/05 20:58:04.016, 10005 MiB, 0 %
2026/10/05 20:58:06.037, 10005 MiB, 0 %
2026/10/05 20:58:08.059, 10005 MiB, 0 %
2026/10/05 20:58:10.079, 10005 MiB, 0 %
2026/10/05 20:58:12.107, 10005 MiB, 0 %
2026/10/05 20:58:14.129, 10005 MiB, 0 %
2026/10/05 20:58:16.157, 10005 MiB, 0 %
2026/10/05 20:58:18.185, 10005 MiB, 0 %
2026/10/05 20:58:20.206, 10005 MiB, 0 %
2026/10/05 20:58:22.227, 10005 MiB, 0 %
2026/10/05 20:58:24.255, 10005 MiB, 0 %
2026/10/05 20:58:26.276, 10005 MiB, 0 %
2026/10/05 20:58:28.297, 10005 MiB, 0 %
2026/10/05 20:58:30.313, 10005 MiB, 0 %
2026/10/05 20:58:32.339, 10005 MiB, 0 %
2026/10/05 20:58:34.370, 10005 MiB, 0 %
2026/10/05 20:58:36.396, 10005 MiB, 0 %
2026/10/05 20:58:38.410, 10005 MiB, 0 %
2026/10/05 20:58:40.431, 10005 MiB, 0 %
2026/10/05 20:58:42.459, 10005 MiB, 0 %
2026/10/05 20:58:44.480, 10005 MiB, 0 %
2026/10/05 20:58:46.508, 10005 MiB, 0 %
2026/10/05 20:58:48.543, 10005 MiB, 0 %
2026/10/05 20:58:50.571, 10005 MiB, 0 %
2026/10/05 20:58:52.592, 10005 MiB, 0 %
2026/10/05 20:58:54.613, 10005 MiB, 0 %
2026/10/05 20:58:56.634, 10005 MiB, 0 %
2026/10/05 20:58:58.655, 10005 MiB, 0 %
2026/10/05 20:59:00.677, 10005 MiB, 0 %
2026/10/05 20:59:02.713, 10005 MiB, 0 %
2026/10/05 20:59:04.739, 10005 MiB, 0 %
2026/10/05 20:59:06.768, 10005 MiB, 0 %
2026/10/05 20:59:08.788, 10005 MiB, 0 %
2026/10/05 20:59:10.810, 10005 MiB, 0 %
2026/10/05 20:59:12.838, 10005 MiB, 0 %
2026/10/05 20:59:14.866, 10005 MiB, 0 %
2026/10/05 20:59:16.887, 10005 MiB, 0 %
2026/10/05 20:59:18.915, 10005 MiB, 0 %
2026/10/05 20:59:20.943, 10005 MiB, 0 %
2026/10/05 20:59:22.971, 10005 MiB, 0 %
2026/10/05 20:59:25.010, 10005 MiB, 0 %
2026/10/05 20:59:27.034, 10005 MiB, 0 %
2026/10/05 20:59:29.062, 10005 MiB, 0 %
2026/10/05 20:59:31.090, 10005 MiB, 0 %
2026/10/05 20:59:33.118, 10005 MiB, 0 %
2026/10/05 20:59:35.139, 10005 MiB, 0 %
2026/10/05 20:59:37.176, 10005 MiB, 0 %
2026/10/05 20:59:39.209, 10005 MiB, 0 %
2026/10/05 20:59:41.237, 10005 MiB, 0 %
2026/10/05 20:59:43.265, 10005 MiB, 0 %
2026/10/05 20:59:45.280, 10005 MiB, 0 %
2026/10/05 20:59:47.308, 10005 MiB, 0 %
2026/10/05 20:59:49.336, 10005 MiB, 0 %
2026/10/05 20:59:51.364, 10005 MiB, 0 %
2026/10/05 20:59:53.385, 10005 MiB, 0 %
2026/10/05 20:59:55.420, 10005 MiB, 0 %
2026/10/05 20:59:57.448, 10005 MiB, 0 %
2026/10/05 20:59:59.469, 10005 MiB, 0 %
2026/10/05 21:00:01.497, 10005 MiB, 0 %
2026/10/05 21:00:03.525, 10005 MiB, 0 %
2026/10/05 21:00:05.553, 10005 MiB, 0 %
2026/10/05 21:00:07.581, 10005 MiB, 0 %
2026/10/05 21:00:09.610, 10005 MiB, 0 %
2026/10/05 21:00:11.650, 10005 MiB, 0 %
2026/10/05 21:00:13.679, 10005 MiB, 0 %
2026/10/05 21:00:15.707, 10005 MiB, 0 %
2026/10/05 21:00:17.729, 10005 MiB, 0 %
2026/10/05 21:00:19.756, 10005 MiB, 0 %
2026/10/05 21:00:21.785, 10005 MiB, 0 %
2026/10/05 21:00:23.806, 10005 MiB, 0 %
2026/10/05 21:00:25.820, 10005 MiB, 0 %
2026/10/05 21:00:27.848, 10005 MiB, 0 %
2026/10/05 21:00:29.869, 10005 MiB, 0 %
2026/10/05 21:00:31.897, 10005 MiB, 0 %
2026/10/05 21:00:33.925, 10005 MiB, 0 %
2026/10/05 21:00:35.953, 10005 MiB, 0 %
2026/10/05 21:00:37.983, 10005 MiB, 0 %
2026/10/05 21:00:40.009, 10005 MiB, 0 %
2026/10/05 21:00:42.037, 10005 MiB, 0 %
2026/10/05 21:00:44.065, 10005 MiB, 0 %
2026/10/05 21:00:46.079, 10005 MiB, 0 %
2026/10/05 21:00:48.108, 10005 MiB, 0 %
2026/10/05 21:00:50.123, 10005 MiB, 0 %
2026/10/05 21:00:52.143, 10005 MiB, 0 %
2026/10/05 21:00:54.176, 10005 MiB, 0 %
2026/10/05 21:00:56.192, 10005 MiB, 0 %
2026/10/05 21:00:58.213, 10005 MiB, 0 %
2026/10/05 21:01:00.234, 10005 MiB, 0 %
2026/10/05 21:01:02.262, 10005 MiB, 0 %
2026/10/05 21:01:04.283, 10005 MiB, 0 %
2026/10/05 21:01:06.298, 10005 MiB, 0 %
2026/10/05 21:01:08.319, 10005 MiB, 0 %
2026/10/05 21:01:10.333, 10005 MiB, 0 %
2026/10/05 21:01:12.354, 10005 MiB, 0 %
2026/10/05 21:01:14.383, 10005 MiB, 0 %
2026/10/05 21:01:16.412, 10005 MiB, 0 %
2026/10/05 21:01:18.439, 10005 MiB, 0 %
2026/10/05 21:01:20.476, 1237 MiB, 0 %
2026/10/05 21:01:22.486, 1237 MiB, 0 %
2026/10/05 21:01:24.517, 1237 MiB, 0 %
2026/10/05 21:01:26.543, 1237 MiB, 0 %
2026/10/05 21:01:28.561, 1237 MiB, 0 %
2026/10/05 21:01:30.596, 1237 MiB, 0 %
2026/10/05 21:01:32.640, 1237 MiB, 0 %
2026/10/05 21:01:34.678, 1237 MiB, 0 %
2026/10/05 21:01:36.706, 1237 MiB, 0 %
2026/10/05 21:01:38.746, 1973 MiB, 25 %
2026/10/05 21:01:40.778, 4117 MiB, 38 %
2026/10/05 21:01:42.809, 8245 MiB, 33 %
2026/10/05 21:01:44.828, 11221 MiB, 45 %
2026/10/05 21:01:46.863, 14357 MiB, 50 %
2026/10/05 21:01:48.882, 17493 MiB, 60 %
2026/10/05 21:01:50.912, 16757 MiB, 0 %
2026/10/05 21:01:52.940, 18101 MiB, 100 %
2026/10/05 21:01:54.986, 18165 MiB, 100 %
2026/10/05 21:01:57.010, 16421 MiB, 5 %
2026/10/05 21:01:59.029, 25237 MiB, 40 %
2026/10/05 21:02:01.063, 26069 MiB, 100 %
2026/10/05 21:02:03.080, 27093 MiB, 40 %
2026/10/05 21:02:05.107, 27381 MiB, 100 %
2026/10/05 21:02:07.153, 27477 MiB, 100 %
2026/10/05 21:02:09.183, 27445 MiB, 5 %
2026/10/05 21:02:11.200, 26101 MiB, 100 %
2026/10/05 21:02:13.228, 26805 MiB, 100 %
2026/10/05 21:02:15.263, 27445 MiB, 5 %
2026/10/05 21:02:17.306, 27445 MiB, 100 %
2026/10/05 21:02:19.342, 27445 MiB, 100 %
2026/10/05 21:02:21.369, 26037 MiB, 75 %
2026/10/05 21:02:23.401, 27221 MiB, 100 %
2026/10/05 21:02:25.436, 27381 MiB, 4 %
2026/10/05 21:02:27.472, 27349 MiB, 100 %
2026/10/05 21:02:29.494, 26037 MiB, 100 %
2026/10/05 21:02:31.523, 27093 MiB, 100 %
2026/10/05 21:02:33.555, 27413 MiB, 14 %
2026/10/05 21:02:35.596, 26005 MiB, 100 %
2026/10/05 21:02:37.633, 25781 MiB, 100 %
2026/10/05 21:02:39.666, 25781 MiB, 100 %
2026/10/05 21:02:41.686, 25781 MiB, 100 %
2026/10/05 21:02:43.738, 25781 MiB, 100 %
2026/10/05 21:02:45.758, 25781 MiB, 100 %
2026/10/05 21:02:47.805, 25781 MiB, 100 %
2026/10/05 21:02:49.828, 25781 MiB, 100 %
2026/10/05 21:02:51.841, 25781 MiB, 100 %
2026/10/05 21:02:53.878, 25781 MiB, 100 %
2026/10/05 21:02:55.906, 25781 MiB, 100 %
2026/10/05 21:02:57.921, 25781 MiB, 100 %
2026/10/05 21:02:59.938, 25781 MiB, 100 %
2026/10/05 21:03:01.957, 25781 MiB, 100 %
2026/10/05 21:03:03.994, 25781 MiB, 100 %
2026/10/05 21:03:06.034, 25781 MiB, 100 %
2026/10/05 21:03:08.072, 24405 MiB, 100 %
2026/10/05 21:03:10.104, 24437 MiB, 99 %
2026/10/05 21:03:12.135, 24437 MiB, 100 %
2026/10/05 21:03:14.158, 24437 MiB, 100 %
2026/10/05 21:03:16.176, 24437 MiB, 100 %
2026/10/05 21:03:18.207, 24437 MiB, 100 %
2026/10/05 21:03:20.233, 24437 MiB, 100 %
2026/10/05 21:03:22.262, 24437 MiB, 100 %
2026/10/05 21:03:24.296, 24437 MiB, 100 %
2026/10/05 21:03:26.325, 24437 MiB, 100 %
2026/10/05 21:03:28.355, 24437 MiB, 100 %
2026/10/05 21:03:30.382, 24437 MiB, 100 %
2026/10/05 21:03:32.410, 24437 MiB, 100 %
2026/10/05 21:03:34.456, 24437 MiB, 100 %
2026/10/05 21:03:36.483, 24437 MiB, 67 %
2026/10/05 21:03:38.508, 24341 MiB, 100 %
2026/10/05 21:03:40.537, 24341 MiB, 100 %
2026/10/05 21:03:42.566, 24341 MiB, 100 %
2026/10/05 21:03:44.593, 24341 MiB, 100 %
2026/10/05 21:03:46.618, 24341 MiB, 100 %
2026/10/05 21:03:48.653, 24341 MiB, 100 %
2026/10/05 21:03:50.685, 24341 MiB, 100 %
2026/10/05 21:03:52.710, 24341 MiB, 100 %
2026/10/05 21:03:54.738, 24341 MiB, 100 %
2026/10/05 21:03:56.772, 24341 MiB, 100 %
2026/10/05 21:03:58.800, 24341 MiB, 100 %
2026/10/05 21:04:00.830, 24341 MiB, 100 %
2026/10/05 21:04:02.846, 24341 MiB, 100 %
2026/10/05 21:04:04.886, 24341 MiB, 100 %
2026/10/05 21:04:06.901, 15237 MiB, 13 %
2026/10/05 21:04:08.914, 17797 MiB, 99 %
2026/10/05 21:04:10.940, 17957 MiB, 99 %
2026/10/05 21:04:12.967, 17989 MiB, 99 %
2026/10/05 21:04:14.978, 16917 MiB, 3 %
2026/10/05 21:04:17.019, 16917 MiB, 0 %
2026/10/05 21:04:19.055, 18197 MiB, 47 %
2026/10/05 21:04:21.089, 29877 MiB, 100 %
2026/10/05 21:04:23.124, 31445 MiB, 100 %
2026/10/05 21:04:25.143, 28341 MiB, 72 %
2026/10/05 21:04:27.169, 30357 MiB, 100 %
2026/10/05 21:04:29.209, 28405 MiB, 100 %
2026/10/05 21:04:31.240, 28373 MiB, 89 %
2026/10/05 21:04:33.287, 28405 MiB, 100 %
2026/10/05 21:04:35.325, 28405 MiB, 83 %
2026/10/05 21:04:37.369, 28437 MiB, 100 %
2026/10/05 21:04:39.405, 28277 MiB, 100 %
2026/10/05 21:04:41.450, 28405 MiB, 100 %
2026/10/05 21:04:43.487, 28213 MiB, 100 %
2026/10/05 21:04:45.510, 28213 MiB, 100 %
2026/10/05 21:04:47.531, 27797 MiB, 100 %
2026/10/05 21:04:49.559, 27797 MiB, 100 %
2026/10/05 21:04:51.603, 27797 MiB, 99 %
2026/10/05 21:04:53.640, 27797 MiB, 100 %
2026/10/05 21:04:55.669, 27797 MiB, 100 %
2026/10/05 21:04:57.705, 27797 MiB, 100 %
2026/10/05 21:04:59.736, 27797 MiB, 100 %
2026/10/05 21:05:01.767, 27797 MiB, 100 %
2026/10/05 21:05:03.784, 27797 MiB, 100 %
2026/10/05 21:05:05.814, 27797 MiB, 100 %
2026/10/05 21:05:07.858, 27797 MiB, 100 %
2026/10/05 21:05:09.888, 27797 MiB, 100 %
2026/10/05 21:05:11.916, 27797 MiB, 100 %
2026/10/05 21:05:13.948, 27797 MiB, 100 %
2026/10/05 21:05:15.976, 27317 MiB, 100 %
2026/10/05 21:05:17.997, 27317 MiB, 100 %
2026/10/05 21:05:20.024, 26213 MiB, 100 %
2026/10/05 21:05:22.075, 26229 MiB, 99 %
2026/10/05 21:05:24.103, 26229 MiB, 100 %
2026/10/05 21:05:26.132, 26229 MiB, 100 %
2026/10/05 21:05:28.165, 26229 MiB, 100 %
2026/10/05 21:05:30.177, 26229 MiB, 100 %
2026/10/05 21:05:32.206, 26229 MiB, 100 %
2026/10/05 21:05:34.230, 26229 MiB, 100 %
2026/10/05 21:05:36.258, 18965 MiB, 3 %
2026/10/05 21:05:38.281, 22373 MiB, 99 %
2026/10/05 21:05:40.307, 22437 MiB, 99 %
2026/10/05 21:05:42.333, 22437 MiB, 81 %
2026/10/05 21:05:44.368, 21429 MiB, 0 %
2026/10/05 21:05:46.403, 21429 MiB, 3 %
2026/10/05 21:05:48.445, 1237 MiB, 0 %
2026/10/05 21:05:50.468, 3573 MiB, 28 %
2026/10/05 21:05:52.501, 6389 MiB, 33 %
2026/10/05 21:05:54.529, 8981 MiB, 10 %
2026/10/05 21:05:56.570, 10261 MiB, 17 %
2026/10/05 21:05:58.617, 10037 MiB, 31 %
2026/10/05 21:06:00.650, 10261 MiB, 29 %
2026/10/05 21:06:02.682, 10005 MiB, 0 %
2026/10/05 21:06:04.715, 1269 MiB, 0 %
2026/10/05 21:06:06.757, 4991 MiB, 0 %
2026/10/05 21:06:08.787, 2517 MiB, 2 %
2026/10/05 21:06:10.819, 5077 MiB, 40 %
2026/10/05 21:06:12.848, 7669 MiB, 40 %
2026/10/05 21:06:14.869, 10197 MiB, 30 %
2026/10/05 21:06:16.902, 10133 MiB, 12 %
2026/10/05 21:06:18.931, 10005 MiB, 37 %
2026/10/05 21:06:20.957, 10005 MiB, 0 %
2026/10/05 21:06:22.979, 10005 MiB, 0 %
2026/10/05 21:06:25.014, 10005 MiB, 0 %
2026/10/05 21:06:27.050, 10005 MiB, 0 %
2026/10/05 21:06:29.092, 10005 MiB, 0 %
2026/10/05 21:06:31.119, 10005 MiB, 0 %
2026/10/05 21:06:33.130, 10005 MiB, 0 %
2026/10/05 21:06:35.158, 10005 MiB, 0 %
2026/10/05 21:06:37.182, 10005 MiB, 0 %
2026/10/05 21:06:39.212, 10005 MiB, 0 %
2026/10/05 21:06:41.244, 10005 MiB, 0 %
2026/10/05 21:06:43.267, 10005 MiB, 0 %
2026/10/05 21:06:45.287, 10005 MiB, 0 %
2026/10/05 21:06:47.322, 10005 MiB, 0 %
2026/10/05 21:06:49.360, 10005 MiB, 0 %
2026/10/05 21:06:51.386, 10005 MiB, 0 %
2026/10/05 21:06:53.429, 10005 MiB, 0 %
2026/10/05 21:06:55.464, 10005 MiB, 0 %
2026/10/05 21:06:57.477, 10005 MiB, 0 %
2026/10/05 21:06:59.505, 10005 MiB, 0 %
2026/10/05 21:07:01.533, 10005 MiB, 0 %
2026/10/05 21:07:03.563, 10005 MiB, 0 %
2026/10/05 21:07:05.591, 10005 MiB, 0 %
2026/10/05 21:07:07.610, 10005 MiB, 0 %
2026/10/05 21:07:09.624, 10005 MiB, 0 %
2026/10/05 21:07:11.652, 10005 MiB, 0 %
2026/10/05 21:07:13.666, 10005 MiB, 0 %
2026/10/05 21:07:15.674, 10005 MiB, 0 %
2026/10/05 21:07:17.711, 10005 MiB, 0 %
2026/10/05 21:07:19.730, 10005 MiB, 0 %
2026/10/05 21:07:21.753, 10005 MiB, 0 %
2026/10/05 21:07:23.786, 10005 MiB, 0 %
2026/10/05 21:07:25.800, 10005 MiB, 0 %
2026/10/05 21:07:27.835, 10005 MiB, 0 %
2026/10/05 21:07:29.871, 10005 MiB, 0 %
2026/10/05 21:07:31.914, 10005 MiB, 0 %
2026/10/05 21:07:33.942, 10005 MiB, 0 %
2026/10/05 21:07:35.968, 10005 MiB, 0 %
2026/10/05 21:07:37.996, 10005 MiB, 0 %
2026/10/05 21:07:40.031, 10005 MiB, 0 %
2026/10/05 21:07:42.062, 10005 MiB, 0 %
2026/10/05 21:07:44.087, 10005 MiB, 0 %
2026/10/05 21:07:46.110, 10005 MiB, 0 %
2026/10/05 21:07:48.152, 10005 MiB, 0 %
2026/10/05 21:07:50.180, 10005 MiB, 0 %
2026/10/05 21:07:52.208, 10005 MiB, 0 %
2026/10/05 21:07:54.236, 10005 MiB, 0 %
2026/10/05 21:07:56.258, 10005 MiB, 0 %
2026/10/05 21:07:58.297, 10005 MiB, 0 %
2026/10/05 21:08:00.318, 10005 MiB, 0 %
2026/10/05 21:08:02.355, 10005 MiB, 0 %
2026/10/05 21:08:04.393, 10005 MiB, 0 %
2026/10/05 21:08:06.423, 10005 MiB, 0 %
2026/10/05 21:08:08.467, 10005 MiB, 0 %
2026/10/05 21:08:10.496, 10005 MiB, 0 %
2026/10/05 21:08:12.514, 10005 MiB, 0 %
2026/10/05 21:08:14.528, 10005 MiB, 0 %
2026/10/05 21:08:16.559, 10005 MiB, 0 %
2026/10/05 21:08:18.585, 10005 MiB, 0 %
2026/10/05 21:08:20.613, 10005 MiB, 0 %
2026/10/05 21:08:22.641, 10005 MiB, 0 %
2026/10/05 21:08:24.671, 10005 MiB, 0 %
2026/10/05 21:08:26.697, 10005 MiB, 0 %
2026/10/05 21:08:28.711, 10005 MiB, 0 %
2026/10/05 21:08:30.741, 10005 MiB, 0 %
2026/10/05 21:08:32.784, 10005 MiB, 0 %
2026/10/05 21:08:34.809, 10005 MiB, 0 %
2026/10/05 21:08:36.846, 13759 MiB, 0 %
2026/10/05 21:08:38.867, 13759 MiB, 0 %
2026/10/05 21:08:40.895, 13759 MiB, 0 %
2026/10/05 21:08:42.937, 13759 MiB, 0 %
2026/10/05 21:08:44.985, 13759 MiB, 0 %
2026/10/05 21:08:47.013, 13759 MiB, 0 %
2026/10/05 21:08:49.043, 13759 MiB, 0 %
2026/10/05 21:08:51.068, 13759 MiB, 0 %
2026/10/05 21:08:53.081, 13759 MiB, 0 %
2026/10/05 21:08:55.103, 13759 MiB, 0 %
2026/10/05 21:08:57.141, 13759 MiB, 0 %
2026/10/05 21:08:59.173, 13759 MiB, 0 %
2026/10/05 21:09:01.208, 13759 MiB, 0 %
2026/10/05 21:09:03.217, 13759 MiB, 0 %
2026/10/05 21:09:05.258, 13759 MiB, 0 %
2026/10/05 21:09:07.286, 13759 MiB, 0 %
2026/10/05 21:09:09.311, 13759 MiB, 0 %
2026/10/05 21:09:11.342, 13759 MiB, 0 %
2026/10/05 21:09:13.363, 13759 MiB, 0 %
2026/10/05 21:09:15.388, 13759 MiB, 0 %
2026/10/05 21:09:17.421, 13759 MiB, 0 %
2026/10/05 21:09:19.456, 13759 MiB, 0 %
2026/10/05 21:09:21.497, 13759 MiB, 0 %
2026/10/05 21:09:23.507, 13759 MiB, 0 %
2026/10/05 21:09:25.542, 13759 MiB, 0 %
2026/10/05 21:09:27.566, 13759 MiB, 0 %
2026/10/05 21:09:29.594, 13759 MiB, 0 %
2026/10/05 21:09:31.622, 13759 MiB, 0 %
2026/10/05 21:09:33.643, 13759 MiB, 0 %
2026/10/05 21:09:35.680, 13759 MiB, 0 %
2026/10/05 21:09:37.701, 13759 MiB, 0 %
2026/10/05 21:09:39.734, 13759 MiB, 0 %
2026/10/05 21:09:41.779, 13759 MiB, 0 %
2026/10/05 21:09:43.820, 13759 MiB, 0 %
2026/10/05 21:09:45.851, 13759 MiB, 0 %
2026/10/05 21:09:47.874, 13759 MiB, 0 %
2026/10/05 21:09:49.896, 13759 MiB, 0 %
2026/10/05 21:09:51.910, 13759 MiB, 0 %
2026/10/05 21:09:53.945, 13759 MiB, 0 %
2026/10/05 21:09:55.973, 13759 MiB, 0 %
2026/10/05 21:09:58.003, 13759 MiB, 0 %
2026/10/05 21:10:00.031, 13759 MiB, 0 %
2026/10/05 21:10:02.050, 13759 MiB, 0 %
2026/10/05 21:10:04.094, 13759 MiB, 0 %
2026/10/05 21:10:06.134, 13759 MiB, 0 %
2026/10/05 21:10:08.155, 13759 MiB, 0 %
2026/10/05 21:10:10.184, 13759 MiB, 0 %
2026/10/05 21:10:12.213, 13759 MiB, 0 %
2026/10/05 21:10:14.246, 13759 MiB, 0 %
2026/10/05 21:10:16.260, 13759 MiB, 0 %
2026/10/05 21:10:18.285, 13759 MiB, 0 %
2026/10/05 21:10:20.323, 13759 MiB, 0 %
2026/10/05 21:10:22.351, 13759 MiB, 0 %
2026/10/05 21:10:24.402, 13759 MiB, 0 %
2026/10/05 21:10:26.437, 13759 MiB, 0 %
2026/10/05 21:10:28.470, 13759 MiB, 0 %
2026/10/05 21:10:30.498, 13759 MiB, 0 %
2026/10/05 21:10:32.533, 13759 MiB, 0 %
2026/10/05 21:10:34.568, 13759 MiB, 0 %
2026/10/05 21:10:36.604, 13759 MiB, 0 %
2026/10/05 21:10:38.631, 13759 MiB, 0 %
2026/10/05 21:10:40.666, 13759 MiB, 0 %
2026/10/05 21:10:42.681, 13759 MiB, 0 %
2026/10/05 21:10:44.708, 13759 MiB, 0 %
2026/10/05 21:10:46.735, 13759 MiB, 0 %
2026/10/05 21:10:48.751, 13759 MiB, 0 %
2026/10/05 21:10:50.786, 13759 MiB, 0 %
2026/10/05 21:10:52.807, 13759 MiB, 0 %
2026/10/05 21:10:54.839, 13759 MiB, 0 %
2026/10/05 21:10:56.886, 13759 MiB, 0 %
2026/10/05 21:10:58.905, 13759 MiB, 0 %
2026/10/05 21:11:00.928, 13759 MiB, 0 %
2026/10/05 21:11:02.954, 13759 MiB, 0 %
2026/10/05 21:11:04.982, 13759 MiB, 0 %
2026/10/05 21:11:07.003, 13759 MiB, 0 %
2026/10/05 21:11:09.045, 13759 MiB, 0 %
2026/10/05 21:11:11.082, 13759 MiB, 0 %
2026/10/05 21:11:13.108, 13759 MiB, 0 %
2026/10/05 21:11:15.136, 13759 MiB, 0 %
2026/10/05 21:11:17.171, 13759 MiB, 0 %
2026/10/05 21:11:19.199, 13759 MiB, 0 %
2026/10/05 21:11:21.257, 13759 MiB, 0 %
2026/10/05 21:11:23.284, 13759 MiB, 0 %
2026/10/05 21:11:25.320, 13759 MiB, 0 %
2026/10/05 21:11:27.350, 13759 MiB, 0 %
2026/10/05 21:11:29.365, 13759 MiB, 0 %
2026/10/05 21:11:31.390, 13759 MiB, 0 %
2026/10/05 21:11:33.416, 13759 MiB, 0 %
2026/10/05 21:11:35.437, 13759 MiB, 0 %
2026/10/05 21:11:37.472, 13759 MiB, 0 %
2026/10/05 21:11:39.501, 13759 MiB, 0 %
2026/10/05 21:11:41.535, 13759 MiB, 0 %
2026/10/05 21:11:43.564, 13759 MiB, 0 %
2026/10/05 21:11:45.605, 13759 MiB, 0 %
2026/10/05 21:11:47.628, 13759 MiB, 0 %
2026/10/05 21:11:49.643, 13759 MiB, 0 %
2026/10/05 21:11:51.662, 13759 MiB, 0 %
2026/10/05 21:11:53.706, 13759 MiB, 0 %
2026/10/05 21:11:55.739, 13759 MiB, 0 %
2026/10/05 21:11:57.783, 13759 MiB, 0 %
2026/10/05 21:11:59.811, 13759 MiB, 0 %
2026/10/05 21:12:01.844, 13759 MiB, 0 %
2026/10/05 21:12:03.870, 11775 MiB, 6 %
2026/10/05 21:12:05.889, 1237 MiB, 0 %
2026/10/05 21:12:07.919, 1237 MiB, 0 %
2026/10/05 21:12:09.954, 1237 MiB, 0 %
2026/10/05 21:12:11.988, 1237 MiB, 0 %
2026/10/05 21:12:14.019, 1237 MiB, 0 %
2026/10/05 21:12:16.037, 1237 MiB, 0 %
2026/10/05 21:12:18.071, 1237 MiB, 0 %
2026/10/05 21:12:20.088, 1973 MiB, 27 %
2026/10/05 21:12:22.129, 6677 MiB, 88 %
2026/10/05 21:12:24.166, 9269 MiB, 48 %
2026/10/05 21:12:26.187, 12565 MiB, 62 %
2026/10/05 21:12:28.216, 15797 MiB, 46 %
2026/10/05 21:12:30.254, 18773 MiB, 55 %
2026/10/05 21:12:32.280, 17461 MiB, 0 %
2026/10/05 21:12:34.303, 22389 MiB, 5 %
2026/10/05 21:12:36.351, 24853 MiB, 100 %
2026/10/05 21:12:38.381, 27509 MiB, 100 %
2026/10/05 21:12:40.419, 28277 MiB, 100 %
2026/10/05 21:12:42.442, 28565 MiB, 100 %
2026/10/05 21:12:44.469, 27509 MiB, 85 %
2026/10/05 21:12:46.488, 28277 MiB, 100 %
2026/10/05 21:12:48.523, 28597 MiB, 25 %
2026/10/05 21:12:50.544, 28533 MiB, 5 %
2026/10/05 21:12:52.570, 27349 MiB, 85 %
2026/10/05 21:12:54.600, 28341 MiB, 100 %
2026/10/05 21:12:56.623, 27541 MiB, 6 %
2026/10/05 21:12:58.656, 27509 MiB, 100 %
2026/10/05 21:13:00.690, 27509 MiB, 100 %
2026/10/05 21:13:02.721, 27509 MiB, 100 %
2026/10/05 21:13:04.746, 27509 MiB, 100 %
2026/10/05 21:13:06.769, 27509 MiB, 100 %
2026/10/05 21:13:08.800, 27509 MiB, 100 %
2026/10/05 21:13:10.815, 27509 MiB, 100 %
2026/10/05 21:13:12.841, 27509 MiB, 100 %
2026/10/05 21:13:14.870, 27509 MiB, 100 %
2026/10/05 21:13:16.902, 27509 MiB, 100 %
2026/10/05 21:13:18.941, 27317 MiB, 100 %
2026/10/05 21:13:20.969, 27317 MiB, 100 %
2026/10/05 21:13:22.996, 27317 MiB, 100 %
2026/10/05 21:13:25.030, 27317 MiB, 100 %
2026/10/05 21:13:27.052, 27317 MiB, 100 %
2026/10/05 21:13:29.079, 27317 MiB, 100 %
2026/10/05 21:13:31.101, 27317 MiB, 100 %
2026/10/05 21:13:33.133, 26213 MiB, 65 %
2026/10/05 21:13:35.149, 26197 MiB, 100 %
2026/10/05 21:13:37.164, 26197 MiB, 100 %
2026/10/05 21:13:39.197, 26197 MiB, 100 %
2026/10/05 21:13:41.229, 26197 MiB, 100 %
2026/10/05 21:13:43.269, 26197 MiB, 99 %
2026/10/05 21:13:45.316, 26197 MiB, 100 %
2026/10/05 21:13:47.345, 26197 MiB, 100 %
2026/10/05 21:13:49.371, 26197 MiB, 99 %
2026/10/05 21:13:51.399, 20965 MiB, 12 %
2026/10/05 21:13:53.417, 22085 MiB, 99 %
2026/10/05 21:13:55.456, 22181 MiB, 99 %
2026/10/05 21:13:57.496, 21109 MiB, 0 %
2026/10/05 21:13:59.520, 21109 MiB, 0 %
2026/10/05 21:14:01.546, 1269 MiB, 2 %
2026/10/05 21:14:03.578, 4991 MiB, 0 %
2026/10/05 21:14:05.599, 1237 MiB, 0 %
2026/10/05 21:14:07.625, 3221 MiB, 0 %
2026/10/05 21:14:09.650, 6005 MiB, 18 %
2026/10/05 21:14:11.689, 8629 MiB, 38 %
2026/10/05 21:14:13.714, 10197 MiB, 30 %
2026/10/05 21:14:15.752, 10005 MiB, 1 %
2026/10/05 21:14:17.794, 10005 MiB, 14 %
2026/10/05 21:14:19.818, 10005 MiB, 0 %
2026/10/05 21:14:21.855, 10005 MiB, 0 %
2026/10/05 21:14:23.884, 10005 MiB, 0 %
2026/10/05 21:14:25.905, 10005 MiB, 0 %
2026/10/05 21:14:27.928, 10005 MiB, 0 %
2026/10/05 21:14:29.961, 10005 MiB, 0 %
2026/10/05 21:14:31.975, 10005 MiB, 0 %
2026/10/05 21:14:34.005, 10005 MiB, 0 %
2026/10/05 21:14:36.031, 10005 MiB, 0 %
2026/10/05 21:14:38.059, 10005 MiB, 0 %
2026/10/05 21:14:40.080, 10005 MiB, 0 %
2026/10/05 21:14:42.119, 10005 MiB, 0 %
2026/10/05 21:14:44.149, 10005 MiB, 0 %
2026/10/05 21:14:46.178, 10005 MiB, 0 %
2026/10/05 21:14:48.222, 10005 MiB, 0 %
2026/10/05 21:14:50.262, 10005 MiB, 0 %
2026/10/05 21:14:52.298, 10005 MiB, 0 %
2026/10/05 21:14:54.322, 10005 MiB, 0 %
2026/10/05 21:14:56.355, 10005 MiB, 0 %
2026/10/05 21:14:58.395, 10005 MiB, 0 %
2026/10/05 21:15:00.420, 10005 MiB, 0 %
2026/10/05 21:15:02.437, 10005 MiB, 0 %
2026/10/05 21:15:04.482, 10005 MiB, 0 %
2026/10/05 21:15:06.500, 10005 MiB, 0 %
2026/10/05 21:15:08.522, 10005 MiB, 0 %
2026/10/05 21:15:10.564, 10005 MiB, 0 %
2026/10/05 21:15:12.585, 10005 MiB, 0 %
2026/10/05 21:15:14.613, 10005 MiB, 0 %
2026/10/05 21:15:16.657, 10005 MiB, 0 %
2026/10/05 21:15:18.683, 10005 MiB, 0 %
2026/10/05 21:15:20.713, 10005 MiB, 0 %
2026/10/05 21:15:22.739, 10005 MiB, 0 %
2026/10/05 21:15:24.767, 10005 MiB, 0 %
2026/10/05 21:15:26.797, 10005 MiB, 0 %
2026/10/05 21:15:28.816, 10005 MiB, 0 %
2026/10/05 21:15:30.832, 10005 MiB, 0 %
2026/10/05 21:15:32.867, 10005 MiB, 0 %
2026/10/05 21:15:34.882, 10005 MiB, 0 %
2026/10/05 21:15:36.894, 10005 MiB, 0 %
2026/10/05 21:15:38.922, 10005 MiB, 0 %
2026/10/05 21:15:40.936, 10005 MiB, 0 %
2026/10/05 21:15:42.950, 10005 MiB, 0 %
2026/10/05 21:15:44.976, 10005 MiB, 0 %
2026/10/05 21:15:47.000, 10005 MiB, 0 %
2026/10/05 21:15:49.013, 10005 MiB, 0 %
2026/10/05 21:15:51.014, 10005 MiB, 0 %
2026/10/05 21:15:53.056, 10005 MiB, 0 %
2026/10/05 21:15:55.073, 10005 MiB, 0 %
2026/10/05 21:15:57.091, 10005 MiB, 0 %
2026/10/05 21:15:59.105, 10005 MiB, 0 %
2026/10/05 21:16:01.133, 10005 MiB, 0 %
2026/10/05 21:16:03.148, 10005 MiB, 0 %
2026/10/05 21:16:05.165, 10005 MiB, 0 %
2026/10/05 21:16:07.176, 10005 MiB, 0 %
2026/10/05 21:16:09.204, 10005 MiB, 0 %
2026/10/05 21:16:11.247, 10005 MiB, 0 %
2026/10/05 21:16:13.266, 10005 MiB, 0 %
2026/10/05 21:16:15.302, 10005 MiB, 0 %
2026/10/05 21:16:17.316, 10005 MiB, 0 %
2026/10/05 21:16:19.344, 10005 MiB, 0 %
2026/10/05 21:16:21.379, 10005 MiB, 0 %
2026/10/05 21:16:23.393, 10005 MiB, 0 %
2026/10/05 21:16:25.421, 10005 MiB, 0 %
2026/10/05 21:16:27.436, 10005 MiB, 0 %
2026/10/05 21:16:29.456, 10005 MiB, 0 %
2026/10/05 21:16:31.486, 10005 MiB, 0 %
2026/10/05 21:16:33.530, 10005 MiB, 0 %
2026/10/05 21:16:35.547, 10005 MiB, 0 %
2026/10/05 21:16:37.568, 10005 MiB, 0 %
2026/10/05 21:16:39.603, 10005 MiB, 0 %
2026/10/05 21:16:41.627, 10005 MiB, 0 %
2026/10/05 21:16:43.645, 10005 MiB, 0 %
2026/10/05 21:16:45.674, 10005 MiB, 0 %
2026/10/05 21:16:47.708, 10005 MiB, 0 %
2026/10/05 21:16:49.735, 10005 MiB, 0 %
2026/10/05 21:16:51.769, 10005 MiB, 0 %
2026/10/05 21:16:53.788, 10005 MiB, 0 %
2026/10/05 21:16:55.816, 10005 MiB, 0 %
2026/10/05 21:16:57.851, 10005 MiB, 0 %
2026/10/05 21:16:59.870, 10005 MiB, 0 %
2026/10/05 21:17:01.918, 10005 MiB, 0 %
2026/10/05 21:17:03.942, 10005 MiB, 0 %
2026/10/05 21:17:05.975, 10005 MiB, 0 %
2026/10/05 21:17:07.999, 10005 MiB, 0 %
2026/10/05 21:17:10.033, 10005 MiB, 0 %
2026/10/05 21:17:12.059, 10005 MiB, 0 %
2026/10/05 21:17:14.094, 10005 MiB, 0 %
2026/10/05 21:17:16.117, 10005 MiB, 0 %
2026/10/05 21:17:18.150, 10005 MiB, 0 %
2026/10/05 21:17:20.178, 10005 MiB, 0 %
2026/10/05 21:17:22.206, 10005 MiB, 0 %
2026/10/05 21:17:24.227, 10005 MiB, 0 %
2026/10/05 21:17:26.242, 10005 MiB, 0 %
2026/10/05 21:17:28.272, 10005 MiB, 0 %
2026/10/05 21:17:30.302, 10005 MiB, 0 %
2026/10/05 21:17:32.332, 10005 MiB, 0 %
2026/10/05 21:17:34.380, 10005 MiB, 0 %
2026/10/05 21:17:36.428, 10005 MiB, 0 %
2026/10/05 21:17:38.460, 10005 MiB, 0 %
2026/10/05 21:17:40.504, 10005 MiB, 0 %
2026/10/05 21:17:42.528, 10005 MiB, 0 %
2026/10/05 21:17:44.550, 10005 MiB, 0 %
2026/10/05 21:17:46.578, 10005 MiB, 0 %
2026/10/05 21:17:48.586, 10005 MiB, 0 %
2026/10/05 21:17:50.613, 10005 MiB, 0 %
2026/10/05 21:17:52.643, 10005 MiB, 0 %
2026/10/05 21:17:54.655, 10005 MiB, 0 %
2026/10/05 21:17:56.666, 10005 MiB, 0 %
2026/10/05 21:17:58.679, 10005 MiB, 0 %
2026/10/05 21:18:00.711, 10005 MiB, 0 %
2026/10/05 21:18:02.741, 10005 MiB, 0 %
2026/10/05 21:18:04.760, 10005 MiB, 0 %
2026/10/05 21:18:06.790, 10005 MiB, 0 %
2026/10/05 21:18:08.803, 10005 MiB, 0 %
2026/10/05 21:18:10.833, 10005 MiB, 0 %
2026/10/05 21:18:12.852, 10005 MiB, 0 %
2026/10/05 21:18:14.863, 10005 MiB, 0 %
2026/10/05 21:18:16.891, 10005 MiB, 0 %
2026/10/05 21:18:18.917, 10005 MiB, 0 %
2026/10/05 21:18:20.947, 10005 MiB, 0 %
2026/10/05 21:18:22.988, 10005 MiB, 0 %
2026/10/05 21:18:25.008, 10005 MiB, 0 %
2026/10/05 21:18:27.049, 10005 MiB, 0 %
2026/10/05 21:18:29.077, 10005 MiB, 0 %
2026/10/05 21:18:31.118, 10005 MiB, 0 %
2026/10/05 21:18:33.139, 10005 MiB, 0 %
2026/10/05 21:18:35.174, 10005 MiB, 0 %
2026/10/05 21:18:37.195, 10005 MiB, 0 %
2026/10/05 21:18:39.224, 10005 MiB, 0 %
2026/10/05 21:18:41.245, 10005 MiB, 0 %
2026/10/05 21:18:43.280, 10005 MiB, 0 %
2026/10/05 21:18:45.294, 10005 MiB, 0 %
2026/10/05 21:18:47.322, 10005 MiB, 0 %
2026/10/05 21:18:49.351, 10005 MiB, 0 %
2026/10/05 21:18:51.364, 10005 MiB, 0 %
2026/10/05 21:18:53.392, 10005 MiB, 0 %
2026/10/05 21:18:55.407, 10005 MiB, 0 %
2026/10/05 21:18:57.439, 10005 MiB, 0 %
2026/10/05 21:18:59.464, 10005 MiB, 0 %
2026/10/05 21:19:01.487, 10005 MiB, 0 %
2026/10/05 21:19:03.511, 10005 MiB, 0 %
2026/10/05 21:19:05.543, 10005 MiB, 0 %
2026/10/05 21:19:07.562, 10005 MiB, 0 %
2026/10/05 21:19:09.576, 10005 MiB, 0 %
2026/10/05 21:19:11.605, 10005 MiB, 0 %
2026/10/05 21:19:13.640, 10005 MiB, 0 %
2026/10/05 21:19:15.656, 10005 MiB, 0 %
2026/10/05 21:19:17.681, 10005 MiB, 0 %
2026/10/05 21:19:19.715, 10005 MiB, 0 %
2026/10/05 21:19:21.739, 10005 MiB, 0 %
2026/10/05 21:19:23.758, 10005 MiB, 0 %
2026/10/05 21:19:25.786, 10005 MiB, 0 %
2026/10/05 21:19:27.794, 10005 MiB, 0 %
2026/10/05 21:19:29.820, 10005 MiB, 0 %
2026/10/05 21:19:31.856, 10005 MiB, 0 %
2026/10/05 21:19:33.884, 10005 MiB, 0 %
2026/10/05 21:19:35.898, 10005 MiB, 0 %
2026/10/05 21:19:37.909, 10005 MiB, 0 %
2026/10/05 21:19:39.926, 10005 MiB, 0 %
2026/10/05 21:19:41.940, 10005 MiB, 0 %
2026/10/05 21:19:43.948, 10005 MiB, 0 %
2026/10/05 21:19:45.967, 10005 MiB, 0 %
2026/10/05 21:19:47.990, 10005 MiB, 0 %
2026/10/05 21:19:49.999, 10005 MiB, 0 %
2026/10/05 21:19:52.032, 10005 MiB, 0 %
2026/10/05 21:19:54.061, 10005 MiB, 0 %
2026/10/05 21:19:56.088, 10005 MiB, 0 %
2026/10/05 21:19:58.103, 10005 MiB, 0 %
2026/10/05 21:20:00.136, 10005 MiB, 0 %
2026/10/05 21:20:02.161, 10005 MiB, 0 %
2026/10/05 21:20:04.183, 10005 MiB, 0 %
2026/10/05 21:20:06.196, 10005 MiB, 0 %
2026/10/05 21:20:08.222, 10005 MiB, 0 %
2026/10/05 21:20:10.243, 10005 MiB, 0 %
2026/10/05 21:20:12.264, 10005 MiB, 0 %
2026/10/05 21:20:14.278, 10005 MiB, 0 %
2026/10/05 21:20:16.306, 10005 MiB, 0 %
2026/10/05 21:20:18.327, 10005 MiB, 0 %
2026/10/05 21:20:20.340, 10005 MiB, 0 %
2026/10/05 21:20:22.362, 10005 MiB, 0 %
2026/10/05 21:20:24.378, 10005 MiB, 0 %
2026/10/05 21:20:26.405, 10005 MiB, 0 %
2026/10/05 21:20:28.426, 10005 MiB, 0 %
2026/10/05 21:20:30.451, 10005 MiB, 0 %
2026/10/05 21:20:32.470, 10005 MiB, 0 %
2026/10/05 21:20:34.489, 10005 MiB, 0 %
2026/10/05 21:20:36.517, 10005 MiB, 0 %
2026/10/05 21:20:38.545, 10005 MiB, 0 %
2026/10/05 21:20:40.566, 10005 MiB, 0 %
2026/10/05 21:20:42.584, 10005 MiB, 0 %
2026/10/05 21:20:44.617, 10005 MiB, 0 %
2026/10/05 21:20:46.647, 10005 MiB, 0 %
2026/10/05 21:20:48.664, 13759 MiB, 32 %
2026/10/05 21:20:50.687, 13759 MiB, 0 %
2026/10/05 21:20:52.716, 13759 MiB, 0 %
2026/10/05 21:20:54.742, 13759 MiB, 0 %
2026/10/05 21:20:56.777, 13759 MiB, 0 %
2026/10/05 21:20:58.812, 13759 MiB, 0 %
2026/10/05 21:21:00.847, 13759 MiB, 0 %
2026/10/05 21:21:02.875, 13759 MiB, 0 %
2026/10/05 21:21:04.903, 13759 MiB, 0 %
2026/10/05 21:21:06.938, 13759 MiB, 0 %
2026/10/05 21:21:08.975, 13759 MiB, 0 %
2026/10/05 21:21:11.016, 13759 MiB, 0 %
2026/10/05 21:21:13.074, 13759 MiB, 0 %
2026/10/05 21:21:15.111, 13759 MiB, 0 %
2026/10/05 21:21:17.143, 13759 MiB, 0 %
2026/10/05 21:21:19.169, 13759 MiB, 0 %
2026/10/05 21:21:21.203, 13759 MiB, 0 %
2026/10/05 21:21:23.238, 13759 MiB, 0 %
2026/10/05 21:21:25.267, 13759 MiB, 0 %
2026/10/05 21:21:27.281, 13759 MiB, 0 %
2026/10/05 21:21:29.316, 13759 MiB, 0 %
2026/10/05 21:21:31.351, 13759 MiB, 0 %
2026/10/05 21:21:33.370, 13759 MiB, 0 %
2026/10/05 21:21:35.386, 13759 MiB, 0 %
2026/10/05 21:21:37.400, 13759 MiB, 0 %
2026/10/05 21:21:39.444, 13759 MiB, 0 %
2026/10/05 21:21:41.474, 13759 MiB, 0 %
2026/10/05 21:21:43.491, 13759 MiB, 0 %
2026/10/05 21:21:45.533, 13759 MiB, 0 %
2026/10/05 21:21:47.563, 13759 MiB, 0 %
2026/10/05 21:21:49.605, 13759 MiB, 0 %
2026/10/05 21:21:51.631, 13759 MiB, 0 %
2026/10/05 21:21:53.673, 13759 MiB, 0 %
2026/10/05 21:21:55.694, 13759 MiB, 0 %
2026/10/05 21:21:57.715, 13759 MiB, 0 %
2026/10/05 21:21:59.752, 13759 MiB, 0 %
2026/10/05 21:22:01.790, 13759 MiB, 0 %
2026/10/05 21:22:03.827, 13759 MiB, 0 %
2026/10/05 21:22:05.869, 13759 MiB, 0 %
2026/10/05 21:22:07.885, 13759 MiB, 0 %
2026/10/05 21:22:09.913, 13759 MiB, 0 %
2026/10/05 21:22:11.933, 13759 MiB, 0 %
2026/10/05 21:22:13.956, 13759 MiB, 0 %
2026/10/05 21:22:15.984, 13759 MiB, 0 %
2026/10/05 21:22:18.017, 13759 MiB, 0 %
2026/10/05 21:22:20.038, 13759 MiB, 0 %
2026/10/05 21:22:22.066, 13759 MiB, 0 %
2026/10/05 21:22:24.103, 13759 MiB, 0 %
2026/10/05 21:22:26.124, 13759 MiB, 0 %
2026/10/05 21:22:28.157, 13759 MiB, 0 %
2026/10/05 21:22:30.199, 13759 MiB, 0 %
2026/10/05 21:22:32.248, 13759 MiB, 0 %
2026/10/05 21:22:34.292, 13759 MiB, 0 %
2026/10/05 21:22:36.311, 13759 MiB, 0 %
2026/10/05 21:22:38.325, 13759 MiB, 0 %
2026/10/05 21:22:40.374, 13759 MiB, 0 %
2026/10/05 21:22:42.406, 13759 MiB, 0 %
2026/10/05 21:22:44.423, 13759 MiB, 0 %
2026/10/05 21:22:46.451, 13759 MiB, 0 %
2026/10/05 21:22:48.479, 13759 MiB, 0 %
2026/10/05 21:22:50.510, 13759 MiB, 0 %
2026/10/05 21:22:52.545, 13759 MiB, 0 %
2026/10/05 21:22:54.564, 13759 MiB, 0 %
2026/10/05 21:22:56.584, 13759 MiB, 0 %
2026/10/05 21:22:58.615, 13759 MiB, 0 %
2026/10/05 21:23:00.627, 13759 MiB, 0 %
2026/10/05 21:23:02.655, 13759 MiB, 0 %
2026/10/05 21:23:04.697, 13759 MiB, 0 %
2026/10/05 21:23:06.718, 13759 MiB, 0 %
2026/10/05 21:23:08.743, 13759 MiB, 0 %
2026/10/05 21:23:10.767, 13759 MiB, 0 %
2026/10/05 21:23:12.795, 13759 MiB, 0 %
2026/10/05 21:23:14.816, 13759 MiB, 0 %
2026/10/05 21:23:16.844, 13759 MiB, 0 %
2026/10/05 21:23:18.872, 13759 MiB, 0 %
2026/10/05 21:23:20.909, 13759 MiB, 0 %
2026/10/05 21:23:22.930, 13759 MiB, 0 %
2026/10/05 21:23:24.964, 13759 MiB, 0 %
2026/10/05 21:23:26.993, 13759 MiB, 0 %
2026/10/05 21:23:29.033, 13759 MiB, 0 %
2026/10/05 21:23:31.068, 13759 MiB, 0 %
2026/10/05 21:23:33.084, 13759 MiB, 0 %
2026/10/05 21:23:35.124, 13759 MiB, 0 %
2026/10/05 21:23:37.145, 13759 MiB, 0 %
2026/10/05 21:23:39.170, 13759 MiB, 0 %
2026/10/05 21:23:41.195, 13759 MiB, 0 %
2026/10/05 21:23:43.237, 13759 MiB, 0 %
2026/10/05 21:23:45.278, 13759 MiB, 0 %
2026/10/05 21:23:47.316, 13759 MiB, 0 %
2026/10/05 21:23:49.355, 13759 MiB, 0 %
2026/10/05 21:23:51.378, 13759 MiB, 0 %
2026/10/05 21:23:53.408, 13759 MiB, 0 %
2026/10/05 21:23:55.442, 13759 MiB, 0 %
2026/10/05 21:23:57.478, 13759 MiB, 0 %
2026/10/05 21:23:59.519, 13759 MiB, 0 %
2026/10/05 21:24:01.553, 13759 MiB, 0 %
2026/10/05 21:24:03.579, 13759 MiB, 0 %
2026/10/05 21:24:05.609, 13759 MiB, 0 %
2026/10/05 21:24:07.629, 13759 MiB, 0 %
2026/10/05 21:24:09.658, 13759 MiB, 0 %
2026/10/05 21:24:11.680, 13759 MiB, 0 %
2026/10/05 21:24:13.696, 13759 MiB, 0 %
2026/10/05 21:24:15.727, 13759 MiB, 0 %
2026/10/05 21:24:17.755, 13759 MiB, 0 %
2026/10/05 21:24:19.790, 13759 MiB, 0 %
2026/10/05 21:24:21.818, 13759 MiB, 0 %
2026/10/05 21:24:23.853, 13759 MiB, 0 %
2026/10/05 21:24:25.888, 13759 MiB, 0 %
2026/10/05 21:24:27.915, 13759 MiB, 0 %
2026/10/05 21:24:29.937, 13759 MiB, 0 %
2026/10/05 21:24:31.953, 13759 MiB, 0 %
2026/10/05 21:24:33.986, 13759 MiB, 0 %
2026/10/05 21:24:36.022, 13759 MiB, 0 %
2026/10/05 21:24:38.043, 13759 MiB, 0 %
2026/10/05 21:24:40.057, 13759 MiB, 0 %
2026/10/05 21:24:42.065, 13759 MiB, 0 %
2026/10/05 21:24:44.079, 13759 MiB, 0 %
2026/10/05 21:24:46.100, 13759 MiB, 0 %
2026/10/05 21:24:48.114, 13759 MiB, 0 %
2026/10/05 21:24:50.128, 13759 MiB, 0 %
2026/10/05 21:24:52.142, 13759 MiB, 0 %
2026/10/05 21:24:54.156, 13759 MiB, 0 %
2026/10/05 21:24:56.171, 13759 MiB, 0 %
2026/10/05 21:24:58.191, 13759 MiB, 0 %
2026/10/05 21:25:00.206, 13759 MiB, 0 %
2026/10/05 21:25:02.213, 13759 MiB, 0 %
2026/10/05 21:25:04.227, 13759 MiB, 0 %
2026/10/05 21:25:06.238, 13759 MiB, 0 %
2026/10/05 21:25:08.271, 13759 MiB, 0 %
2026/10/05 21:25:10.301, 13759 MiB, 0 %
2026/10/05 21:25:12.332, 13759 MiB, 0 %
2026/10/05 21:25:14.367, 13759 MiB, 0 %
2026/10/05 21:25:16.397, 13759 MiB, 0 %
2026/10/05 21:25:18.437, 13759 MiB, 0 %
2026/10/05 21:25:20.480, 13759 MiB, 0 %
2026/10/05 21:25:22.514, 13759 MiB, 0 %
2026/10/05 21:25:24.544, 13759 MiB, 0 %
2026/10/05 21:25:26.570, 13759 MiB, 0 %
2026/10/05 21:25:28.600, 13759 MiB, 0 %
2026/10/05 21:25:30.635, 13759 MiB, 0 %
2026/10/05 21:25:32.668, 13759 MiB, 0 %
2026/10/05 21:25:34.682, 13759 MiB, 0 %
2026/10/05 21:25:36.705, 13759 MiB, 0 %
2026/10/05 21:25:38.749, 13759 MiB, 0 %
2026/10/05 21:25:40.774, 13759 MiB, 0 %
2026/10/05 21:25:42.810, 13759 MiB, 0 %
2026/10/05 21:25:44.833, 13759 MiB, 0 %
2026/10/05 21:25:46.864, 13759 MiB, 0 %
2026/10/05 21:25:48.873, 13759 MiB, 0 %
2026/10/05 21:25:50.899, 13759 MiB, 0 %
2026/10/05 21:25:52.937, 13759 MiB, 0 %
2026/10/05 21:25:54.951, 13759 MiB, 0 %
2026/10/05 21:25:56.991, 13759 MiB, 0 %
2026/10/05 21:25:59.035, 13759 MiB, 0 %
2026/10/05 21:26:01.067, 13759 MiB, 0 %
2026/10/05 21:26:03.097, 13759 MiB, 0 %
2026/10/05 21:26:05.121, 13759 MiB, 0 %
2026/10/05 21:26:07.152, 13759 MiB, 0 %
2026/10/05 21:26:09.182, 13759 MiB, 0 %
2026/10/05 21:26:11.201, 13759 MiB, 0 %
2026/10/05 21:26:13.229, 13759 MiB, 0 %
2026/10/05 21:26:15.260, 13759 MiB, 0 %
2026/10/05 21:26:17.280, 13759 MiB, 0 %
2026/10/05 21:26:19.306, 13759 MiB, 0 %
2026/10/05 21:26:21.327, 13759 MiB, 0 %
2026/10/05 21:26:23.348, 13759 MiB, 0 %
2026/10/05 21:26:25.376, 13759 MiB, 0 %
2026/10/05 21:26:27.397, 13759 MiB, 0 %
2026/10/05 21:26:29.405, 13759 MiB, 0 %
2026/10/05 21:26:31.435, 13759 MiB, 0 %
2026/10/05 21:26:33.475, 13759 MiB, 0 %
2026/10/05 21:26:35.516, 13759 MiB, 0 %
2026/10/05 21:26:37.538, 13759 MiB, 0 %
2026/10/05 21:26:39.568, 13759 MiB, 0 %
2026/10/05 21:26:41.608, 13759 MiB, 0 %
2026/10/05 21:26:43.640, 13759 MiB, 0 %
2026/10/05 21:26:45.664, 13759 MiB, 0 %
2026/10/05 21:26:47.685, 13759 MiB, 0 %
2026/10/05 21:26:49.702, 13759 MiB, 0 %
2026/10/05 21:26:51.741, 13759 MiB, 0 %
2026/10/05 21:26:53.767, 13759 MiB, 0 %
2026/10/05 21:26:55.783, 13759 MiB, 0 %
2026/10/05 21:26:57.827, 13759 MiB, 0 %
2026/10/05 21:26:59.848, 13759 MiB, 0 %
2026/10/05 21:27:01.904, 13759 MiB, 0 %
2026/10/05 21:27:03.935, 13759 MiB, 0 %
2026/10/05 21:27:05.960, 13759 MiB, 0 %
2026/10/05 21:27:07.986, 13759 MiB, 0 %
2026/10/05 21:27:10.016, 13759 MiB, 0 %
2026/10/05 21:27:12.044, 13759 MiB, 0 %
2026/10/05 21:27:14.084, 13759 MiB, 0 %
2026/10/05 21:27:16.120, 13759 MiB, 0 %
2026/10/05 21:27:18.150, 13759 MiB, 0 %
2026/10/05 21:27:20.182, 13759 MiB, 0 %
2026/10/05 21:27:22.233, 13759 MiB, 0 %
2026/10/05 21:27:24.259, 13759 MiB, 0 %
2026/10/05 21:27:26.281, 13759 MiB, 0 %
2026/10/05 21:27:28.317, 13759 MiB, 0 %
2026/10/05 21:27:30.344, 13759 MiB, 0 %
2026/10/05 21:27:32.366, 13759 MiB, 0 %
2026/10/05 21:27:34.392, 13759 MiB, 0 %
2026/10/05 21:27:36.428, 13759 MiB, 0 %
2026/10/05 21:27:38.442, 13759 MiB, 0 %
2026/10/05 21:27:40.463, 13759 MiB, 0 %
2026/10/05 21:27:42.500, 13759 MiB, 0 %
2026/10/05 21:27:44.521, 13759 MiB, 0 %
2026/10/05 21:27:46.540, 13759 MiB, 0 %
2026/10/05 21:27:48.575, 13759 MiB, 0 %
2026/10/05 21:27:50.593, 13759 MiB, 0 %
2026/10/05 21:27:52.626, 13759 MiB, 0 %
2026/10/05 21:27:54.649, 13759 MiB, 0 %
2026/10/05 21:27:56.666, 13759 MiB, 0 %
2026/10/05 21:27:58.703, 13759 MiB, 0 %
2026/10/05 21:28:00.722, 13759 MiB, 0 %
2026/10/05 21:28:02.750, 13759 MiB, 0 %
2026/10/05 21:28:04.772, 13759 MiB, 0 %
2026/10/05 21:28:06.800, 13759 MiB, 0 %
2026/10/05 21:28:08.836, 13759 MiB, 0 %
2026/10/05 21:28:10.860, 13759 MiB, 0 %
2026/10/05 21:28:12.883, 13759 MiB, 0 %
2026/10/05 21:28:14.917, 8031 MiB, 7 %
2026/10/05 21:28:16.942, 10751 MiB, 10 %
2026/10/05 21:28:18.964, 13855 MiB, 11 %
2026/10/05 21:28:20.983, 13151 MiB, 0 %
2026/10/05 21:28:23.006, 17055 MiB, 14 %
2026/10/05 21:28:25.048, 20031 MiB, 18 %
2026/10/05 21:28:27.087, 22847 MiB, 33 %
2026/10/05 21:28:29.133, 25503 MiB, 10 %
2026/10/05 21:28:31.179, 28191 MiB, 35 %
2026/10/05 21:28:33.198, 30847 MiB, 15 %
2026/10/05 21:28:35.216, 31007 MiB, 26 %
2026/10/05 21:28:37.246, 31231 MiB, 100 %
2026/10/05 21:28:39.279, 30911 MiB, 96 %
2026/10/05 21:28:41.317, 28831 MiB, 44 %
2026/10/05 21:28:43.361, 15679 MiB, 4 %
2026/10/05 21:28:45.395, 7359 MiB, 0 %
2026/10/05 21:28:47.433, 10463 MiB, 10 %
2026/10/05 21:28:49.471, 12959 MiB, 28 %
2026/10/05 21:28:51.509, 5983 MiB, 0 %
2026/10/05 21:28:53.531, 9535 MiB, 26 %
2026/10/05 21:28:55.564, 12895 MiB, 13 %
2026/10/05 21:28:57.615, 13151 MiB, 100 %
2026/10/05 21:28:59.648, 16959 MiB, 30 %
2026/10/05 21:29:01.664, 19935 MiB, 10 %
2026/10/05 21:29:03.713, 22815 MiB, 35 %
2026/10/05 21:29:05.731, 25375 MiB, 12 %
2026/10/05 21:29:07.760, 28191 MiB, 21 %
2026/10/05 21:29:09.789, 30943 MiB, 14 %
2026/10/05 21:29:11.811, 30943 MiB, 18 %
2026/10/05 21:29:13.831, 31167 MiB, 100 %
2026/10/05 21:29:15.875, 30751 MiB, 100 %
2026/10/05 21:29:17.893, 28799 MiB, 41 %
2026/10/05 21:29:19.930, 9023 MiB, 2 %
2026/10/05 21:29:21.963, 8287 MiB, 2 %
2026/10/05 21:29:23.995, 10783 MiB, 4 %
2026/10/05 21:29:26.026, 13567 MiB, 26 %
2026/10/05 21:29:28.053, 5023 MiB, 1 %
2026/10/05 21:29:30.088, 8511 MiB, 9 %
2026/10/05 21:29:32.121, 11935 MiB, 10 %
2026/10/05 21:29:34.148, 14495 MiB, 10 %
2026/10/05 21:29:36.195, 16287 MiB, 20 %
2026/10/05 21:29:38.229, 19775 MiB, 29 %
2026/10/05 21:29:40.253, 22495 MiB, 13 %
2026/10/05 21:29:42.284, 25311 MiB, 9 %
2026/10/05 21:29:44.311, 28383 MiB, 8 %
2026/10/05 21:29:46.351, 31135 MiB, 28 %
2026/10/05 21:29:48.379, 30847 MiB, 27 %
2026/10/05 21:29:50.411, 30751 MiB, 100 %
2026/10/05 21:29:52.446, 30751 MiB, 100 %
2026/10/05 21:29:54.469, 29055 MiB, 0 %
2026/10/05 21:29:56.498, 5023 MiB, 2 %
2026/10/05 21:29:58.528, 8671 MiB, 8 %
2026/10/05 21:30:00.559, 11679 MiB, 6 %
2026/10/05 21:30:02.607, 13759 MiB, 40 %
2026/10/05 21:30:04.639, 8191 MiB, 8 %
2026/10/05 21:30:06.667, 11103 MiB, 6 %
2026/10/05 21:30:08.711, 14047 MiB, 10 %
2026/10/05 21:30:10.728, 14623 MiB, 12 %
2026/10/05 21:30:12.763, 18271 MiB, 21 %
2026/10/05 21:30:14.793, 20831 MiB, 24 %
2026/10/05 21:30:16.844, 23295 MiB, 22 %
2026/10/05 21:30:18.861, 25823 MiB, 12 %
2026/10/05 21:30:20.909, 28671 MiB, 33 %
2026/10/05 21:30:22.942, 31007 MiB, 8 %
2026/10/05 21:30:24.978, 31263 MiB, 21 %
2026/10/05 21:30:27.003, 30815 MiB, 100 %
2026/10/05 21:30:29.027, 30815 MiB, 96 %
2026/10/05 21:30:31.047, 28799 MiB, 33 %
2026/10/05 21:30:33.073, 9023 MiB, 2 %
2026/10/05 21:30:35.097, 8543 MiB, 4 %
2026/10/05 21:30:37.124, 11167 MiB, 8 %
2026/10/05 21:30:39.143, 14015 MiB, 29 %
2026/10/05 21:30:41.181, 13759 MiB, 0 %
2026/10/05 21:30:43.203, 13759 MiB, 0 %
2026/10/05 21:30:45.238, 13759 MiB, 0 %
2026/10/05 21:30:47.259, 13759 MiB, 0 %
2026/10/05 21:30:49.287, 13759 MiB, 0 %
2026/10/05 21:30:51.301, 13759 MiB, 0 %
2026/10/05 21:30:53.322, 13759 MiB, 0 %
2026/10/05 21:30:55.343, 13759 MiB, 0 %
2026/10/05 21:30:57.371, 13759 MiB, 0 %
2026/10/05 21:30:59.392, 13759 MiB, 0 %
2026/10/05 21:31:01.406, 13759 MiB, 0 %
2026/10/05 21:31:03.427, 13759 MiB, 0 %
2026/10/05 21:31:05.455, 13759 MiB, 0 %
2026/10/05 21:31:07.477, 13759 MiB, 0 %
2026/10/05 21:31:09.505, 13759 MiB, 0 %
2026/10/05 21:31:11.533, 13759 MiB, 0 %
2026/10/05 21:31:13.554, 13759 MiB, 0 %
2026/10/05 21:31:15.569, 13759 MiB, 0 %
2026/10/05 21:31:17.596, 13759 MiB, 0 %
2026/10/05 21:31:19.612, 13759 MiB, 0 %
2026/10/05 21:31:21.658, 13759 MiB, 0 %
2026/10/05 21:31:23.680, 13759 MiB, 0 %
2026/10/05 21:31:25.704, 13759 MiB, 0 %
2026/10/05 21:31:27.729, 13759 MiB, 0 %
2026/10/05 21:31:29.752, 13759 MiB, 0 %
2026/10/05 21:31:31.792, 13759 MiB, 0 %
2026/10/05 21:31:33.811, 13759 MiB, 0 %
2026/10/05 21:31:35.839, 13759 MiB, 0 %
2026/10/05 21:31:37.876, 13759 MiB, 0 %
2026/10/05 21:31:39.907, 13759 MiB, 0 %
2026/10/05 21:31:41.949, 13759 MiB, 0 %
2026/10/05 21:31:43.984, 13759 MiB, 0 %
2026/10/05 21:31:46.011, 13759 MiB, 0 %
2026/10/05 21:31:48.026, 13759 MiB, 0 %
2026/10/05 21:31:50.059, 13759 MiB, 0 %
2026/10/05 21:31:52.075, 13759 MiB, 0 %
2026/10/05 21:31:54.101, 13759 MiB, 0 %
2026/10/05 21:31:56.154, 13759 MiB, 0 %
2026/10/05 21:31:58.166, 13759 MiB, 0 %
2026/10/05 21:32:00.210, 13759 MiB, 0 %
2026/10/05 21:32:02.241, 13759 MiB, 0 %
2026/10/05 21:32:04.269, 13759 MiB, 0 %
2026/10/05 21:32:06.278, 13759 MiB, 0 %
2026/10/05 21:32:08.304, 13759 MiB, 0 %
2026/10/05 21:32:10.325, 13759 MiB, 0 %
2026/10/05 21:32:12.371, 13759 MiB, 0 %
2026/10/05 21:32:14.395, 13759 MiB, 0 %
2026/10/05 21:32:16.424, 13759 MiB, 0 %
2026/10/05 21:32:18.448, 13759 MiB, 0 %
2026/10/05 21:32:20.468, 13759 MiB, 0 %
2026/10/05 21:32:22.480, 13759 MiB, 0 %
2026/10/05 21:32:24.517, 13759 MiB, 0 %
2026/10/05 21:32:26.547, 13759 MiB, 0 %
2026/10/05 21:32:28.569, 13759 MiB, 0 %
2026/10/05 21:32:30.597, 8095 MiB, 8 %
2026/10/05 21:32:32.617, 10751 MiB, 13 %
2026/10/05 21:32:34.640, 14143 MiB, 4 %
2026/10/05 21:32:36.671, 15135 MiB, 5 %
2026/10/05 21:32:38.704, 18623 MiB, 35 %
2026/10/05 21:32:40.748, 21375 MiB, 23 %
2026/10/05 21:32:42.773, 24223 MiB, 11 %
2026/10/05 21:32:44.800, 26815 MiB, 29 %
2026/10/05 21:32:46.832, 29471 MiB, 21 %
2026/10/05 21:32:48.857, 31359 MiB, 15 %
2026/10/05 21:32:50.903, 31199 MiB, 100 %
2026/10/05 21:32:52.935, 30591 MiB, 100 %
2026/10/05 21:32:54.954, 30591 MiB, 100 %
2026/10/05 21:32:56.992, 28895 MiB, 0 %
2026/10/05 21:32:59.024, 6271 MiB, 1 %
2026/10/05 21:33:01.047, 8991 MiB, 7 %
2026/10/05 21:33:03.070, 11775 MiB, 11 %
2026/10/05 21:33:05.095, 13759 MiB, 31 %
2026/10/05 21:33:07.132, 7615 MiB, 23 %
2026/10/05 21:33:09.155, 10175 MiB, 9 %
2026/10/05 21:33:11.180, 13343 MiB, 10 %
2026/10/05 21:33:13.202, 13151 MiB, 0 %
2026/10/05 21:33:15.233, 17823 MiB, 26 %
2026/10/05 21:33:17.271, 20639 MiB, 27 %
2026/10/05 21:33:19.301, 23135 MiB, 30 %
2026/10/05 21:33:21.320, 26079 MiB, 24 %
2026/10/05 21:33:23.352, 29279 MiB, 24 %
2026/10/05 21:33:25.371, 31039 MiB, 24 %
2026/10/05 21:33:27.416, 31103 MiB, 97 %
2026/10/05 21:33:29.441, 30751 MiB, 92 %
2026/10/05 21:33:31.466, 30751 MiB, 100 %
2026/10/05 21:33:33.494, 29343 MiB, 0 %
2026/10/05 21:33:35.517, 6655 MiB, 53 %
2026/10/05 21:33:37.546, 9503 MiB, 7 %
2026/10/05 21:33:39.570, 12095 MiB, 10 %
2026/10/05 21:33:41.591, 13759 MiB, 0 %
2026/10/05 21:33:43.616, 13759 MiB, 0 %
2026/10/05 21:33:45.644, 13759 MiB, 0 %
2026/10/05 21:33:47.658, 13759 MiB, 0 %
2026/10/05 21:33:49.686, 13759 MiB, 0 %
2026/10/05 21:33:51.708, 13759 MiB, 0 %
2026/10/05 21:33:53.744, 13759 MiB, 0 %
2026/10/05 21:33:55.777, 13759 MiB, 0 %
2026/10/05 21:33:57.805, 13759 MiB, 0 %
2026/10/05 21:33:59.826, 13759 MiB, 0 %
2026/10/05 21:34:01.854, 13759 MiB, 0 %
2026/10/05 21:34:03.882, 13759 MiB, 0 %
2026/10/05 21:34:05.910, 13759 MiB, 0 %
2026/10/05 21:34:07.931, 13759 MiB, 0 %
2026/10/05 21:34:09.954, 13759 MiB, 0 %
2026/10/05 21:34:11.974, 13759 MiB, 0 %
2026/10/05 21:34:13.995, 13759 MiB, 0 %
2026/10/05 21:34:16.023, 13759 MiB, 0 %
2026/10/05 21:34:18.065, 13759 MiB, 0 %
2026/10/05 21:34:20.093, 13759 MiB, 0 %
2026/10/05 21:34:22.128, 13759 MiB, 0 %
2026/10/05 21:34:24.156, 13759 MiB, 0 %
2026/10/05 21:34:26.184, 13759 MiB, 0 %
2026/10/05 21:34:28.212, 13759 MiB, 0 %
2026/10/05 21:34:30.233, 13759 MiB, 0 %
2026/10/05 21:34:32.261, 13759 MiB, 0 %
2026/10/05 21:34:34.289, 13759 MiB, 0 %
2026/10/05 21:34:36.310, 13759 MiB, 0 %
2026/10/05 21:34:38.338, 13759 MiB, 0 %
2026/10/05 21:34:40.359, 13759 MiB, 0 %
2026/10/05 21:34:42.380, 13759 MiB, 0 %
2026/10/05 21:34:44.402, 13759 MiB, 0 %
2026/10/05 21:34:46.423, 13759 MiB, 0 %
2026/10/05 21:34:48.444, 13759 MiB, 0 %
2026/10/05 21:34:50.472, 13759 MiB, 0 %
2026/10/05 21:34:52.493, 13759 MiB, 0 %
2026/10/05 21:34:54.521, 13759 MiB, 0 %
2026/10/05 21:34:56.542, 13759 MiB, 0 %
2026/10/05 21:34:58.570, 13759 MiB, 0 %
2026/10/05 21:35:00.598, 13759 MiB, 0 %
2026/10/05 21:35:02.626, 13759 MiB, 0 %
2026/10/05 21:35:04.654, 13759 MiB, 0 %
2026/10/05 21:35:06.673, 13759 MiB, 0 %
2026/10/05 21:35:08.683, 13759 MiB, 0 %
2026/10/05 21:35:10.712, 13759 MiB, 0 %
2026/10/05 21:35:12.750, 1237 MiB, 0 %
2026/10/05 21:35:14.783, 1237 MiB, 0 %
2026/10/05 21:35:16.815, 1237 MiB, 0 %
2026/10/05 21:35:18.847, 1237 MiB, 0 %
2026/10/05 21:35:20.867, 1237 MiB, 0 %
2026/10/05 21:35:22.900, 1237 MiB, 0 %
2026/10/05 21:35:24.919, 1237 MiB, 0 %
2026/10/05 21:35:26.949, 1237 MiB, 0 %
2026/10/05 21:35:28.980, 1973 MiB, 57 %
2026/10/05 21:35:31.012, 6325 MiB, 85 %
2026/10/05 21:35:33.033, 9365 MiB, 43 %
2026/10/05 21:35:35.071, 12405 MiB, 43 %
2026/10/05 21:35:37.097, 15381 MiB, 59 %
2026/10/05 21:35:39.133, 18325 MiB, 65 %
2026/10/05 21:35:41.165, 16757 MiB, 0 %
2026/10/05 21:35:43.199, 15717 MiB, 8 %
2026/10/05 21:35:45.216, 23445 MiB, 5 %
2026/10/05 21:35:47.246, 26261 MiB, 100 %
2026/10/05 21:35:49.287, 28085 MiB, 100 %
2026/10/05 21:35:51.315, 28405 MiB, 50 %
2026/10/05 21:35:53.341, 27509 MiB, 5 %
2026/10/05 21:35:55.381, 27541 MiB, 36 %
2026/10/05 21:35:57.425, 28149 MiB, 100 %
2026/10/05 21:35:59.446, 27445 MiB, 100 %
2026/10/05 21:36:01.473, 27477 MiB, 100 %
2026/10/05 21:36:03.509, 27509 MiB, 57 %
2026/10/05 21:36:05.530, 28021 MiB, 37 %
2026/10/05 21:36:07.563, 27301 MiB, 100 %
2026/10/05 21:36:09.596, 27157 MiB, 100 %
2026/10/05 21:36:11.635, 27157 MiB, 100 %
2026/10/05 21:36:13.646, 27157 MiB, 100 %
2026/10/05 21:36:15.679, 27157 MiB, 100 %
2026/10/05 21:36:17.698, 27157 MiB, 99 %
2026/10/05 21:36:19.729, 27157 MiB, 100 %
2026/10/05 21:36:21.740, 27157 MiB, 100 %
2026/10/05 21:36:23.771, 27157 MiB, 100 %
2026/10/05 21:36:25.791, 27157 MiB, 100 %
2026/10/05 21:36:27.825, 26117 MiB, 100 %
2026/10/05 21:36:29.851, 26101 MiB, 100 %
2026/10/05 21:36:31.876, 26101 MiB, 100 %
2026/10/05 21:36:33.901, 26101 MiB, 100 %
2026/10/05 21:36:35.928, 26101 MiB, 100 %
2026/10/05 21:36:37.961, 26101 MiB, 100 %
2026/10/05 21:36:39.984, 26101 MiB, 100 %
2026/10/05 21:36:42.010, 26101 MiB, 100 %
2026/10/05 21:36:44.028, 26101 MiB, 100 %
2026/10/05 21:36:46.045, 26101 MiB, 100 %
2026/10/05 21:36:48.092, 26037 MiB, 100 %
2026/10/05 21:36:50.120, 26037 MiB, 99 %
2026/10/05 21:36:52.173, 26037 MiB, 100 %
2026/10/05 21:36:54.211, 26037 MiB, 100 %
2026/10/05 21:36:56.232, 26037 MiB, 100 %
2026/10/05 21:36:58.267, 26037 MiB, 100 %
2026/10/05 21:37:00.304, 26037 MiB, 100 %
2026/10/05 21:37:02.335, 20693 MiB, 89 %
2026/10/05 21:37:04.359, 21669 MiB, 8 %
2026/10/05 21:37:06.374, 21989 MiB, 98 %
2026/10/05 21:37:08.399, 22117 MiB, 99 %
2026/10/05 21:37:10.427, 21109 MiB, 0 %
2026/10/05 21:37:12.443, 21109 MiB, 3 %
2026/10/05 21:37:14.471, 2389 MiB, 0 %
2026/10/05 21:37:16.515, 4991 MiB, 0 %
2026/10/05 21:37:18.547, 1269 MiB, 0 %
2026/10/05 21:37:20.592, 3669 MiB, 15 %
2026/10/05 21:37:22.618, 5749 MiB, 36 %
2026/10/05 21:37:24.642, 8053 MiB, 31 %
2026/10/05 21:37:26.668, 10261 MiB, 28 %
2026/10/05 21:37:28.707, 10293 MiB, 28 %
2026/10/05 21:37:30.728, 10261 MiB, 30 %
2026/10/05 21:37:32.757, 10005 MiB, 0 %
2026/10/05 21:37:34.772, 10005 MiB, 0 %
2026/10/05 21:37:36.793, 10005 MiB, 0 %
2026/10/05 21:37:38.821, 10005 MiB, 0 %
2026/10/05 21:37:40.842, 10005 MiB, 0 %
2026/10/05 21:37:42.870, 10005 MiB, 0 %
2026/10/05 21:37:44.891, 10005 MiB, 0 %
2026/10/05 21:37:46.919, 10005 MiB, 0 %
2026/10/05 21:37:48.947, 10005 MiB, 0 %
2026/10/05 21:37:50.968, 10005 MiB, 0 %
2026/10/05 21:37:52.998, 10005 MiB, 0 %
2026/10/05 21:37:55.024, 10005 MiB, 0 %
2026/10/05 21:37:57.038, 10005 MiB, 0 %
2026/10/05 21:37:59.067, 10005 MiB, 0 %
2026/10/05 21:38:01.104, 10005 MiB, 0 %
2026/10/05 21:38:03.143, 10005 MiB, 0 %
2026/10/05 21:38:05.165, 10005 MiB, 0 %
2026/10/05 21:38:07.193, 10005 MiB, 0 %
2026/10/05 21:38:09.242, 10005 MiB, 0 %
2026/10/05 21:38:11.279, 10005 MiB, 0 %
2026/10/05 21:38:13.312, 10005 MiB, 0 %
2026/10/05 21:38:15.333, 10005 MiB, 0 %
2026/10/05 21:38:17.361, 10005 MiB, 0 %
2026/10/05 21:38:19.389, 10005 MiB, 0 %
2026/10/05 21:38:21.410, 10005 MiB, 0 %
2026/10/05 21:38:23.445, 10005 MiB, 0 %
2026/10/05 21:38:25.494, 10005 MiB, 0 %
2026/10/05 21:38:27.515, 10005 MiB, 0 %
2026/10/05 21:38:29.536, 10005 MiB, 0 %
2026/10/05 21:38:31.566, 10005 MiB, 0 %
2026/10/05 21:38:33.599, 10005 MiB, 0 %
2026/10/05 21:38:35.627, 10005 MiB, 0 %
2026/10/05 21:38:37.658, 10005 MiB, 0 %
2026/10/05 21:38:39.690, 10005 MiB, 0 %
2026/10/05 21:38:41.725, 10005 MiB, 0 %
2026/10/05 21:38:43.753, 10005 MiB, 0 %
2026/10/05 21:38:45.783, 10005 MiB, 0 %
2026/10/05 21:38:47.825, 10005 MiB, 0 %
2026/10/05 21:38:49.853, 10005 MiB, 0 %
2026/10/05 21:38:51.879, 10005 MiB, 0 %
2026/10/05 21:38:53.930, 10005 MiB, 0 %
2026/10/05 21:38:55.967, 10005 MiB, 0 %
2026/10/05 21:38:57.981, 10005 MiB, 0 %
2026/10/05 21:39:00.005, 10005 MiB, 0 %
2026/10/05 21:39:02.035, 10005 MiB, 0 %
2026/10/05 21:39:04.068, 10005 MiB, 0 %
2026/10/05 21:39:06.092, 10005 MiB, 0 %
2026/10/05 21:39:08.117, 10005 MiB, 0 %
2026/10/05 21:39:10.173, 10005 MiB, 0 %
2026/10/05 21:39:12.201, 10005 MiB, 0 %
2026/10/05 21:39:14.223, 10005 MiB, 0 %
2026/10/05 21:39:16.260, 10005 MiB, 0 %
2026/10/05 21:39:18.284, 10005 MiB, 0 %
2026/10/05 21:39:20.314, 10005 MiB, 0 %
2026/10/05 21:39:22.335, 10005 MiB, 0 %
2026/10/05 21:39:24.385, 10005 MiB, 0 %
2026/10/05 21:39:26.412, 10005 MiB, 0 %
2026/10/05 21:39:28.456, 10005 MiB, 0 %
2026/10/05 21:39:30.489, 10005 MiB, 0 %
2026/10/05 21:39:32.524, 10005 MiB, 0 %
2026/10/05 21:39:34.565, 10005 MiB, 0 %
2026/10/05 21:39:36.582, 10005 MiB, 0 %
2026/10/05 21:39:38.610, 10005 MiB, 0 %
2026/10/05 21:39:40.643, 10005 MiB, 0 %
2026/10/05 21:39:42.664, 10005 MiB, 0 %
2026/10/05 21:39:44.692, 10005 MiB, 0 %
2026/10/05 21:39:46.723, 10005 MiB, 0 %
2026/10/05 21:39:48.764, 10005 MiB, 0 %
2026/10/05 21:39:50.790, 10005 MiB, 0 %
2026/10/05 21:39:52.820, 10005 MiB, 0 %
2026/10/05 21:39:54.848, 10005 MiB, 0 %
2026/10/05 21:39:56.881, 10005 MiB, 0 %
2026/10/05 21:39:58.932, 10005 MiB, 0 %
2026/10/05 21:40:00.961, 10005 MiB, 0 %
2026/10/05 21:40:02.987, 10005 MiB, 0 %
2026/10/05 21:40:05.021, 10005 MiB, 0 %
2026/10/05 21:40:07.049, 10005 MiB, 0 %
2026/10/05 21:40:09.084, 10005 MiB, 0 %
2026/10/05 21:40:11.100, 10005 MiB, 0 %
2026/10/05 21:40:13.126, 10005 MiB, 0 %
2026/10/05 21:40:15.175, 10005 MiB, 0 %
2026/10/05 21:40:17.216, 10005 MiB, 0 %
2026/10/05 21:40:19.255, 10005 MiB, 0 %
2026/10/05 21:40:21.289, 10005 MiB, 0 %
2026/10/05 21:40:23.321, 10005 MiB, 0 %
2026/10/05 21:40:25.369, 10005 MiB, 0 %
2026/10/05 21:40:27.399, 10005 MiB, 0 %
2026/10/05 21:40:29.427, 10005 MiB, 0 %
2026/10/05 21:40:31.449, 10005 MiB, 0 %
2026/10/05 21:40:33.478, 10005 MiB, 0 %
2026/10/05 21:40:35.499, 10005 MiB, 0 %
2026/10/05 21:40:37.534, 10005 MiB, 0 %
2026/10/05 21:40:39.560, 10005 MiB, 0 %
2026/10/05 21:40:41.602, 10005 MiB, 0 %
2026/10/05 21:40:43.630, 10005 MiB, 0 %
2026/10/05 21:40:45.645, 10005 MiB, 0 %
2026/10/05 21:40:47.688, 10005 MiB, 0 %
2026/10/05 21:40:49.716, 10005 MiB, 0 %
2026/10/05 21:40:51.758, 10005 MiB, 0 %
2026/10/05 21:40:53.792, 10005 MiB, 0 %
2026/10/05 21:40:55.821, 10005 MiB, 0 %
2026/10/05 21:40:57.854, 10005 MiB, 0 %
2026/10/05 21:40:59.890, 10005 MiB, 0 %
2026/10/05 21:41:01.931, 10005 MiB, 0 %
2026/10/05 21:41:03.953, 10005 MiB, 0 %
2026/10/05 21:41:05.966, 10005 MiB, 0 %
2026/10/05 21:41:07.988, 10005 MiB, 0 %
2026/10/05 21:41:10.011, 10005 MiB, 0 %
2026/10/05 21:41:12.038, 10005 MiB, 0 %
2026/10/05 21:41:14.059, 10005 MiB, 0 %
2026/10/05 21:41:16.074, 10005 MiB, 0 %
2026/10/05 21:41:18.093, 10005 MiB, 0 %
2026/10/05 21:41:20.126, 10005 MiB, 0 %
2026/10/05 21:41:22.152, 10005 MiB, 0 %
2026/10/05 21:41:24.174, 10005 MiB, 0 %
2026/10/05 21:41:26.207, 10005 MiB, 0 %
2026/10/05 21:41:28.233, 10005 MiB, 0 %
2026/10/05 21:41:30.255, 10005 MiB, 0 %
2026/10/05 21:41:32.299, 10005 MiB, 0 %
2026/10/05 21:41:34.332, 10005 MiB, 0 %
2026/10/05 21:41:36.346, 10005 MiB, 0 %
2026/10/05 21:41:38.374, 10005 MiB, 0 %
2026/10/05 21:41:40.402, 10005 MiB, 0 %
2026/10/05 21:41:42.423, 10005 MiB, 0 %
2026/10/05 21:41:44.454, 10005 MiB, 0 %
2026/10/05 21:41:46.472, 10005 MiB, 0 %
2026/10/05 21:41:48.495, 10005 MiB, 0 %
2026/10/05 21:41:50.525, 10005 MiB, 0 %
2026/10/05 21:41:52.553, 10005 MiB, 0 %
2026/10/05 21:41:54.598, 10005 MiB, 0 %
2026/10/05 21:41:56.641, 10005 MiB, 0 %
2026/10/05 21:41:58.663, 13759 MiB, 0 %
2026/10/05 21:42:00.689, 13759 MiB, 0 %
2026/10/05 21:42:02.719, 13759 MiB, 0 %
2026/10/05 21:42:04.745, 13759 MiB, 0 %
2026/10/05 21:42:06.780, 13759 MiB, 0 %
2026/10/05 21:42:08.804, 13759 MiB, 0 %
2026/10/05 21:42:10.824, 13759 MiB, 0 %
2026/10/05 21:42:12.851, 13759 MiB, 0 %
2026/10/05 21:42:14.886, 13759 MiB, 0 %
2026/10/05 21:42:16.909, 13759 MiB, 0 %
2026/10/05 21:42:18.935, 13759 MiB, 0 %
2026/10/05 21:42:20.942, 13759 MiB, 0 %
2026/10/05 21:42:22.958, 13759 MiB, 0 %
2026/10/05 21:42:25.012, 13759 MiB, 0 %
2026/10/05 21:42:27.042, 13759 MiB, 0 %
2026/10/05 21:42:29.061, 13759 MiB, 0 %
2026/10/05 21:42:31.089, 13759 MiB, 0 %
2026/10/05 21:42:33.124, 13759 MiB, 0 %
2026/10/05 21:42:35.168, 13759 MiB, 0 %
2026/10/05 21:42:37.194, 13759 MiB, 0 %
2026/10/05 21:42:39.233, 13759 MiB, 0 %
2026/10/05 21:42:41.264, 13759 MiB, 0 %
2026/10/05 21:42:43.294, 13759 MiB, 0 %
2026/10/05 21:42:45.327, 13759 MiB, 0 %
2026/10/05 21:42:47.343, 13759 MiB, 0 %
2026/10/05 21:42:49.386, 13759 MiB, 0 %
2026/10/05 21:42:51.418, 13759 MiB, 0 %
2026/10/05 21:42:53.442, 13759 MiB, 0 %
2026/10/05 21:42:55.474, 13759 MiB, 0 %
2026/10/05 21:42:57.496, 13759 MiB, 0 %
2026/10/05 21:42:59.517, 13759 MiB, 0 %
2026/10/05 21:43:01.540, 13759 MiB, 0 %
2026/10/05 21:43:03.573, 13759 MiB, 0 %
2026/10/05 21:43:05.601, 13759 MiB, 0 %
2026/10/05 21:43:07.643, 13759 MiB, 0 %
2026/10/05 21:43:09.671, 13759 MiB, 0 %
2026/10/05 21:43:11.701, 13759 MiB, 0 %
2026/10/05 21:43:13.715, 13759 MiB, 0 %
2026/10/05 21:43:15.741, 13759 MiB, 0 %
2026/10/05 21:43:17.779, 13759 MiB, 0 %
2026/10/05 21:43:19.804, 13759 MiB, 0 %
2026/10/05 21:43:21.827, 13759 MiB, 0 %
2026/10/05 21:43:23.851, 13759 MiB, 0 %
2026/10/05 21:43:25.874, 13759 MiB, 0 %
2026/10/05 21:43:27.911, 13759 MiB, 0 %
2026/10/05 21:43:29.930, 13759 MiB, 0 %
2026/10/05 21:43:31.959, 13759 MiB, 0 %
2026/10/05 21:43:33.986, 13759 MiB, 0 %
2026/10/05 21:43:36.014, 13759 MiB, 0 %
2026/10/05 21:43:38.043, 13759 MiB, 0 %
2026/10/05 21:43:40.059, 13759 MiB, 0 %
2026/10/05 21:43:42.119, 13759 MiB, 0 %
2026/10/05 21:43:44.134, 13759 MiB, 0 %
2026/10/05 21:43:46.169, 13759 MiB, 0 %
2026/10/05 21:43:48.204, 13759 MiB, 0 %
2026/10/05 21:43:50.234, 13759 MiB, 0 %
2026/10/05 21:43:52.269, 13759 MiB, 0 %
2026/10/05 21:43:54.311, 13759 MiB, 0 %
2026/10/05 21:43:56.337, 13759 MiB, 0 %
2026/10/05 21:43:58.365, 13759 MiB, 0 %
2026/10/05 21:44:00.393, 13759 MiB, 0 %
2026/10/05 21:44:02.407, 13759 MiB, 0 %
2026/10/05 21:44:04.435, 13759 MiB, 0 %
2026/10/05 21:44:06.456, 13759 MiB, 0 %
2026/10/05 21:44:08.479, 13759 MiB, 0 %
2026/10/05 21:44:10.512, 13759 MiB, 0 %
2026/10/05 21:44:12.540, 13759 MiB, 0 %
2026/10/05 21:44:14.558, 13759 MiB, 0 %
2026/10/05 21:44:16.584, 13759 MiB, 0 %
2026/10/05 21:44:18.606, 13759 MiB, 0 %
2026/10/05 21:44:20.618, 13759 MiB, 0 %
2026/10/05 21:44:22.655, 13759 MiB, 0 %
2026/10/05 21:44:24.695, 13759 MiB, 0 %
2026/10/05 21:44:26.711, 13759 MiB, 0 %
2026/10/05 21:44:28.730, 13759 MiB, 0 %
2026/10/05 21:44:30.772, 13759 MiB, 0 %
2026/10/05 21:44:32.809, 13759 MiB, 0 %
2026/10/05 21:44:34.849, 13759 MiB, 0 %
2026/10/05 21:44:36.863, 13759 MiB, 0 %
2026/10/05 21:44:38.887, 13759 MiB, 0 %
2026/10/05 21:44:40.921, 13759 MiB, 0 %
2026/10/05 21:44:42.940, 13759 MiB, 0 %
2026/10/05 21:44:44.968, 13759 MiB, 0 %
2026/10/05 21:44:46.996, 13759 MiB, 0 %
2026/10/05 21:44:49.029, 13759 MiB, 0 %
2026/10/05 21:44:51.041, 13759 MiB, 0 %
2026/10/05 21:44:53.055, 13759 MiB, 0 %
2026/10/05 21:44:55.074, 13759 MiB, 0 %
2026/10/05 21:44:57.109, 13759 MiB, 0 %
2026/10/05 21:44:59.151, 13759 MiB, 0 %
2026/10/05 21:45:01.179, 13759 MiB, 0 %
2026/10/05 21:45:03.207, 13759 MiB, 0 %
2026/10/05 21:45:05.237, 13759 MiB, 0 %
2026/10/05 21:45:07.276, 13759 MiB, 0 %
2026/10/05 21:45:09.305, 13759 MiB, 0 %
2026/10/05 21:45:11.340, 13759 MiB, 0 %
2026/10/05 21:45:13.368, 13759 MiB, 0 %
2026/10/05 21:45:15.398, 13759 MiB, 0 %
2026/10/05 21:45:17.438, 13759 MiB, 0 %
2026/10/05 21:45:19.475, 13759 MiB, 0 %
2026/10/05 21:45:21.510, 13759 MiB, 0 %
2026/10/05 21:45:23.543, 13759 MiB, 0 %
2026/10/05 21:45:25.580, 13759 MiB, 0 %
2026/10/05 21:45:27.599, 13759 MiB, 0 %
2026/10/05 21:45:29.632, 13759 MiB, 0 %
2026/10/05 21:45:31.648, 13759 MiB, 0 %
2026/10/05 21:45:33.683, 13759 MiB, 0 %
2026/10/05 21:45:35.705, 13759 MiB, 0 %
2026/10/05 21:45:37.732, 13759 MiB, 0 %
2026/10/05 21:45:39.767, 13759 MiB, 0 %
2026/10/05 21:45:41.802, 13759 MiB, 0 %
2026/10/05 21:45:43.816, 13759 MiB, 0 %
2026/10/05 21:45:45.857, 13759 MiB, 0 %
2026/10/05 21:45:47.880, 13759 MiB, 0 %
2026/10/05 21:45:49.908, 13759 MiB, 0 %
2026/10/05 21:45:51.952, 13759 MiB, 0 %
2026/10/05 21:45:53.971, 13759 MiB, 0 %
2026/10/05 21:45:56.003, 13759 MiB, 0 %
2026/10/05 21:45:58.033, 13759 MiB, 0 %
2026/10/05 21:46:00.062, 13759 MiB, 0 %
2026/10/05 21:46:02.078, 13759 MiB, 0 %
2026/10/05 21:46:04.106, 13759 MiB, 0 %
2026/10/05 21:46:06.134, 13759 MiB, 0 %
2026/10/05 21:46:08.161, 13759 MiB, 0 %
2026/10/05 21:46:10.188, 13759 MiB, 0 %
2026/10/05 21:46:12.217, 13759 MiB, 0 %
2026/10/05 21:46:14.253, 13759 MiB, 0 %
2026/10/05 21:46:16.273, 13759 MiB, 0 %
2026/10/05 21:46:18.314, 13759 MiB, 0 %
2026/10/05 21:46:20.322, 13759 MiB, 0 %
2026/10/05 21:46:22.344, 13759 MiB, 0 %
2026/10/05 21:46:24.363, 13759 MiB, 0 %
2026/10/05 21:46:26.372, 13759 MiB, 0 %
2026/10/05 21:46:28.406, 13759 MiB, 0 %
2026/10/05 21:46:30.421, 13759 MiB, 0 %
2026/10/05 21:46:32.442, 13759 MiB, 0 %
2026/10/05 21:46:34.449, 13759 MiB, 0 %
2026/10/05 21:46:36.463, 13759 MiB, 0 %
2026/10/05 21:46:38.477, 13759 MiB, 0 %
2026/10/05 21:46:40.492, 13759 MiB, 0 %
2026/10/05 21:46:42.520, 13759 MiB, 0 %
2026/10/05 21:46:44.534, 13759 MiB, 0 %
2026/10/05 21:46:46.555, 13759 MiB, 0 %
2026/10/05 21:46:48.569, 13759 MiB, 0 %
2026/10/05 21:46:50.583, 13759 MiB, 0 %
2026/10/05 21:46:52.604, 13759 MiB, 0 %
2026/10/05 21:46:54.618, 13759 MiB, 0 %
2026/10/05 21:46:56.639, 13759 MiB, 0 %
2026/10/05 21:46:58.653, 13759 MiB, 0 %
2026/10/05 21:47:00.674, 13759 MiB, 0 %
2026/10/05 21:47:02.703, 13759 MiB, 0 %
2026/10/05 21:47:04.723, 13759 MiB, 0 %
2026/10/05 21:47:06.745, 13759 MiB, 0 %
2026/10/05 21:47:08.773, 13759 MiB, 0 %
2026/10/05 21:47:10.794, 13759 MiB, 0 %
2026/10/05 21:47:12.814, 13759 MiB, 0 %
2026/10/05 21:47:14.836, 13759 MiB, 0 %
2026/10/05 21:47:16.857, 13759 MiB, 0 %
2026/10/05 21:47:18.885, 13759 MiB, 0 %
2026/10/05 21:47:20.899, 13759 MiB, 0 %
2026/10/05 21:47:22.927, 13759 MiB, 0 %
2026/10/05 21:47:24.941, 13759 MiB, 0 %
2026/10/05 21:47:26.978, 13759 MiB, 0 %
2026/10/05 21:47:29.011, 13759 MiB, 0 %
2026/10/05 21:47:31.033, 13759 MiB, 0 %
2026/10/05 21:47:33.058, 1237 MiB, 0 %
2026/10/05 21:47:35.087, 1237 MiB, 0 %
2026/10/05 21:47:37.104, 1237 MiB, 0 %
2026/10/05 21:47:39.141, 1237 MiB, 0 %
2026/10/05 21:47:41.180, 1237 MiB, 0 %
2026/10/05 21:47:43.210, 2246 MiB, 0 %
2026/10/05 21:47:45.240, 5696 MiB, 6 %
2026/10/05 21:47:47.268, 6102 MiB, 0 %
2026/10/05 21:47:49.300, 6984 MiB, 0 %
2026/10/05 21:47:51.333, 7606 MiB, 7 %
2026/10/05 21:47:53.363, 7756 MiB, 31 %
2026/10/05 21:47:55.393, 1898 MiB, 0 %
2026/10/05 21:47:57.419, 1898 MiB, 0 %
2026/10/05 21:47:59.456, 1898 MiB, 0 %
2026/10/05 21:48:01.503, 1898 MiB, 0 %
2026/10/05 21:48:03.535, 1898 MiB, 0 %
2026/10/05 21:48:05.567, 1898 MiB, 0 %
2026/10/05 21:48:07.595, 1898 MiB, 0 %
2026/10/05 21:48:09.614, 1898 MiB, 0 %
2026/10/05 21:48:11.633, 1898 MiB, 0 %
2026/10/05 21:48:13.651, 1898 MiB, 0 %
2026/10/05 21:48:15.678, 2634 MiB, 49 %
2026/10/05 21:48:17.700, 6858 MiB, 100 %
2026/10/05 21:48:19.740, 9834 MiB, 52 %
2026/10/05 21:48:21.785, 12714 MiB, 52 %
2026/10/05 21:48:23.817, 15530 MiB, 57 %
2026/10/05 21:48:25.835, 18506 MiB, 61 %
2026/10/05 21:48:27.866, 17418 MiB, 0 %
2026/10/05 21:48:29.897, 14682 MiB, 5 %
2026/10/05 21:48:31.943, 26186 MiB, 100 %
2026/10/05 21:48:33.971, 25642 MiB, 8 %
2026/10/05 21:48:36.012, 26346 MiB, 32 %
2026/10/05 21:48:38.045, 26922 MiB, 100 %
2026/10/05 21:48:40.067, 27082 MiB, 100 %
2026/10/05 21:48:42.101, 25418 MiB, 100 %
2026/10/05 21:48:44.131, 25610 MiB, 100 %
2026/10/05 21:48:46.163, 26954 MiB, 100 %
2026/10/05 21:48:48.192, 27018 MiB, 99 %
2026/10/05 21:48:50.217, 27050 MiB, 100 %
2026/10/05 21:48:52.263, 25706 MiB, 100 %
2026/10/05 21:48:54.299, 26538 MiB, 100 %
2026/10/05 21:48:56.326, 27114 MiB, 100 %
2026/10/05 21:48:58.351, 27114 MiB, 100 %
2026/10/05 21:49:00.381, 25610 MiB, 68 %
2026/10/05 21:49:02.410, 25530 MiB, 3 %
2026/10/05 21:49:04.449, 26026 MiB, 5 %
2026/10/05 21:49:06.477, 26794 MiB, 100 %
2026/10/05 21:49:08.498, 26954 MiB, 100 %
2026/10/05 21:49:10.525, 26954 MiB, 100 %
2026/10/05 21:49:12.549, 25578 MiB, 100 %
2026/10/05 21:49:14.573, 25322 MiB, 100 %
2026/10/05 21:49:16.614, 25258 MiB, 100 %
2026/10/05 21:49:18.641, 25258 MiB, 100 %
2026/10/05 21:49:20.667, 25258 MiB, 100 %
2026/10/05 21:49:22.711, 25258 MiB, 100 %
2026/10/05 21:49:24.757, 25258 MiB, 100 %
2026/10/05 21:49:26.794, 25258 MiB, 100 %
2026/10/05 21:49:28.825, 25258 MiB, 100 %
2026/10/05 21:49:30.857, 25258 MiB, 100 %
2026/10/05 21:49:32.882, 25258 MiB, 100 %
2026/10/05 21:49:34.915, 25258 MiB, 100 %
2026/10/05 21:49:36.946, 25258 MiB, 100 %
2026/10/05 21:49:38.965, 25258 MiB, 100 %
2026/10/05 21:49:41.015, 25258 MiB, 100 %
2026/10/05 21:49:43.045, 25258 MiB, 100 %
2026/10/05 21:49:45.089, 25258 MiB, 100 %
2026/10/05 21:49:47.133, 25258 MiB, 100 %
2026/10/05 21:49:49.174, 25258 MiB, 95 %
2026/10/05 21:49:51.201, 23722 MiB, 100 %
2026/10/05 21:49:53.233, 23722 MiB, 100 %
2026/10/05 21:49:55.261, 23722 MiB, 100 %
2026/10/05 21:49:57.291, 23722 MiB, 100 %
2026/10/05 21:49:59.326, 23722 MiB, 100 %
2026/10/05 21:50:01.353, 23722 MiB, 100 %
2026/10/05 21:50:03.407, 23722 MiB, 100 %
2026/10/05 21:50:05.439, 23722 MiB, 100 %
2026/10/05 21:50:07.450, 23722 MiB, 100 %
2026/10/05 21:50:09.485, 23722 MiB, 100 %
2026/10/05 21:50:11.525, 23722 MiB, 100 %
2026/10/05 21:50:13.538, 23722 MiB, 100 %
2026/10/05 21:50:15.575, 23722 MiB, 100 %
2026/10/05 21:50:17.597, 23722 MiB, 100 %
2026/10/05 21:50:19.649, 23722 MiB, 100 %
2026/10/05 21:50:21.666, 23722 MiB, 100 %
2026/10/05 21:50:23.690, 23722 MiB, 100 %
2026/10/05 21:50:25.723, 23722 MiB, 100 %
2026/10/05 21:50:27.767, 23722 MiB, 100 %
2026/10/05 21:50:29.811, 23722 MiB, 100 %
2026/10/05 21:50:31.860, 23722 MiB, 100 %
2026/10/05 21:50:33.886, 23722 MiB, 100 %
2026/10/05 21:50:35.912, 23722 MiB, 100 %
2026/10/05 21:50:37.949, 23722 MiB, 100 %
2026/10/05 21:50:39.972, 23722 MiB, 100 %
2026/10/05 21:50:42.012, 23722 MiB, 100 %
2026/10/05 21:50:44.035, 23722 MiB, 100 %
2026/10/05 21:50:46.060, 23722 MiB, 100 %
2026/10/05 21:50:48.095, 23722 MiB, 100 %
2026/10/05 21:50:50.126, 23722 MiB, 100 %
2026/10/05 21:50:52.156, 23722 MiB, 100 %
2026/10/05 21:50:54.186, 23722 MiB, 100 %
2026/10/05 21:50:56.220, 23722 MiB, 100 %
2026/10/05 21:50:58.259, 23722 MiB, 100 %
2026/10/05 21:51:00.290, 15258 MiB, 16 %
2026/10/05 21:51:02.320, 16506 MiB, 98 %
2026/10/05 21:51:04.342, 16506 MiB, 99 %
2026/10/05 21:51:06.369, 16506 MiB, 91 %
2026/10/05 21:51:08.417, 16538 MiB, 57 %
2026/10/05 21:51:10.442, 15466 MiB, 0 %
2026/10/05 21:51:12.460, 15466 MiB, 0 %
2026/10/05 21:51:14.494, 15466 MiB, 4 %
2026/10/05 21:51:16.520, 2090 MiB, 1 %
2026/10/05 21:51:18.560, 5652 MiB, 0 %
2026/10/05 21:51:20.586, 5652 MiB, 0 %
2026/10/05 21:51:22.610, 3178 MiB, 30 %
2026/10/05 21:51:24.646, 4874 MiB, 8 %
2026/10/05 21:51:26.678, 7722 MiB, 4 %
2026/10/05 21:51:28.707, 10570 MiB, 27 %
2026/10/05 21:51:30.742, 10922 MiB, 19 %
2026/10/05 21:51:32.777, 10890 MiB, 32 %
2026/10/05 21:51:34.832, 10794 MiB, 26 %
2026/10/05 21:51:36.869, 10666 MiB, 56 %
2026/10/05 21:51:38.900, 10666 MiB, 0 %
2026/10/05 21:51:40.927, 10666 MiB, 0 %
2026/10/05 21:51:42.955, 10666 MiB, 0 %
2026/10/05 21:51:44.976, 10666 MiB, 0 %
2026/10/05 21:51:46.990, 10666 MiB, 0 %
2026/10/05 21:51:49.004, 10666 MiB, 0 %
2026/10/05 21:51:51.032, 10666 MiB, 0 %
2026/10/05 21:51:53.053, 10666 MiB, 0 %
2026/10/05 21:51:55.082, 10666 MiB, 0 %
2026/10/05 21:51:57.096, 10666 MiB, 0 %
2026/10/05 21:51:59.117, 10666 MiB, 0 %
2026/10/05 21:52:01.138, 10666 MiB, 0 %
2026/10/05 21:52:03.159, 10666 MiB, 0 %
2026/10/05 21:52:05.180, 10666 MiB, 0 %
2026/10/05 21:52:07.209, 10666 MiB, 0 %
2026/10/05 21:52:09.236, 10666 MiB, 0 %
2026/10/05 21:52:11.264, 10666 MiB, 0 %
2026/10/05 21:52:13.292, 10666 MiB, 0 %
2026/10/05 21:52:15.320, 10666 MiB, 0 %
2026/10/05 21:52:17.362, 10666 MiB, 0 %
2026/10/05 21:52:19.390, 10666 MiB, 0 %
2026/10/05 21:52:21.411, 10666 MiB, 0 %
2026/10/05 21:52:23.453, 10666 MiB, 0 %
2026/10/05 21:52:25.474, 10666 MiB, 0 %
2026/10/05 21:52:27.509, 10666 MiB, 0 %
2026/10/05 21:52:29.534, 10666 MiB, 0 %
2026/10/05 21:52:31.552, 10666 MiB, 0 %
2026/10/05 21:52:33.580, 10666 MiB, 0 %
2026/10/05 21:52:35.608, 10666 MiB, 0 %
2026/10/05 21:52:37.629, 10666 MiB, 0 %
2026/10/05 21:52:39.657, 10666 MiB, 0 %
2026/10/05 21:52:41.678, 10666 MiB, 0 %
2026/10/05 21:52:43.706, 10666 MiB, 0 %
2026/10/05 21:52:45.734, 10666 MiB, 0 %
2026/10/05 21:52:47.762, 10666 MiB, 0 %
2026/10/05 21:52:49.790, 10666 MiB, 0 %
2026/10/05 21:52:51.818, 10666 MiB, 0 %
2026/10/05 21:52:53.846, 10666 MiB, 0 %
2026/10/05 21:52:55.874, 10666 MiB, 0 %
2026/10/05 21:52:57.902, 10666 MiB, 0 %
2026/10/05 21:52:59.923, 10666 MiB, 0 %
2026/10/05 21:53:01.959, 10666 MiB, 0 %
2026/10/05 21:53:03.987, 10666 MiB, 0 %
2026/10/05 21:53:06.008, 10666 MiB, 0 %
2026/10/05 21:53:08.043, 10666 MiB, 0 %
2026/10/05 21:53:10.078, 10666 MiB, 0 %
2026/10/05 21:53:12.106, 10666 MiB, 0 %
2026/10/05 21:53:14.134, 10666 MiB, 0 %
2026/10/05 21:53:16.162, 11274 MiB, 88 %
2026/10/05 21:53:18.183, 14420 MiB, 0 %
2026/10/05 21:53:20.218, 14420 MiB, 0 %
2026/10/05 21:53:22.246, 14420 MiB, 0 %
2026/10/05 21:53:24.267, 14420 MiB, 0 %
2026/10/05 21:53:26.295, 14420 MiB, 0 %
2026/10/05 21:53:28.316, 14420 MiB, 0 %
2026/10/05 21:53:30.344, 14420 MiB, 0 %
2026/10/05 21:53:32.373, 14420 MiB, 0 %
2026/10/05 21:53:34.414, 14420 MiB, 0 %
2026/10/05 21:53:36.442, 14420 MiB, 0 %
2026/10/05 21:53:38.470, 14420 MiB, 0 %
2026/10/05 21:53:40.491, 14420 MiB, 0 %
2026/10/05 21:53:42.513, 14420 MiB, 0 %
2026/10/05 21:53:44.534, 14420 MiB, 0 %
2026/10/05 21:53:46.552, 14420 MiB, 0 %
2026/10/05 21:53:48.576, 14420 MiB, 0 %
2026/10/05 21:53:50.604, 14420 MiB, 0 %
2026/10/05 21:53:52.625, 14420 MiB, 0 %
2026/10/05 21:53:54.639, 14420 MiB, 0 %
2026/10/05 21:53:56.667, 14420 MiB, 0 %
2026/10/05 21:53:58.695, 14420 MiB, 0 %
2026/10/05 21:54:00.723, 14420 MiB, 0 %
2026/10/05 21:54:02.751, 14420 MiB, 0 %
2026/10/05 21:54:04.774, 14420 MiB, 0 %
2026/10/05 21:54:06.794, 14420 MiB, 0 %
2026/10/05 21:54:08.822, 14420 MiB, 0 %
2026/10/05 21:54:10.850, 14420 MiB, 0 %
2026/10/05 21:54:12.871, 14420 MiB, 0 %
2026/10/05 21:54:14.902, 1898 MiB, 0 %
2026/10/05 21:54:16.935, 1898 MiB, 0 %
2026/10/05 21:54:18.973, 1898 MiB, 0 %
2026/10/05 21:54:21.005, 1898 MiB, 0 %
2026/10/05 21:54:23.036, 1898 MiB, 0 %
2026/10/05 21:54:25.053, 1898 MiB, 0 %
2026/10/05 21:54:27.088, 1898 MiB, 0 %
2026/10/05 21:54:29.135, 1898 MiB, 0 %
2026/10/05 21:54:31.184, 3402 MiB, 3 %
2026/10/05 21:54:33.221, 7530 MiB, 21 %
2026/10/05 21:54:35.251, 10186 MiB, 65 %
2026/10/05 21:54:37.289, 13130 MiB, 71 %
2026/10/05 21:54:39.306, 15914 MiB, 57 %
2026/10/05 21:54:41.338, 18826 MiB, 49 %
2026/10/05 21:54:43.368, 17418 MiB, 0 %
2026/10/05 21:54:45.398, 15770 MiB, 14 %
2026/10/05 21:54:47.435, 26346 MiB, 100 %
2026/10/05 21:54:49.461, 25834 MiB, 100 %
2026/10/05 21:54:51.485, 26922 MiB, 100 %
2026/10/05 21:54:53.518, 26954 MiB, 40 %
2026/10/05 21:54:55.546, 26986 MiB, 3 %
2026/10/05 21:54:57.560, 25642 MiB, 29 %
2026/10/05 21:54:59.598, 26826 MiB, 100 %
2026/10/05 21:55:01.632, 27018 MiB, 100 %
2026/10/05 21:55:03.669, 25450 MiB, 87 %
2026/10/05 21:55:05.714, 25674 MiB, 26 %
2026/10/05 21:55:07.761, 26794 MiB, 100 %
2026/10/05 21:55:09.782, 27082 MiB, 18 %
2026/10/05 21:55:11.825, 25706 MiB, 6 %
2026/10/05 21:55:13.853, 26154 MiB, 100 %
2026/10/05 21:55:15.869, 26986 MiB, 99 %
2026/10/05 21:55:17.901, 27082 MiB, 100 %
2026/10/05 21:55:19.946, 26858 MiB, 100 %
2026/10/05 21:55:21.972, 25610 MiB, 100 %
2026/10/05 21:55:24.005, 25930 MiB, 83 %
2026/10/05 21:55:26.039, 26826 MiB, 100 %
2026/10/05 21:55:28.064, 26698 MiB, 100 %
2026/10/05 21:55:30.088, 26634 MiB, 100 %
2026/10/05 21:55:32.107, 26730 MiB, 100 %
2026/10/05 21:55:34.144, 26730 MiB, 100 %
2026/10/05 21:55:36.174, 26698 MiB, 100 %
2026/10/05 21:55:38.192, 26698 MiB, 100 %
2026/10/05 21:55:40.231, 26698 MiB, 100 %
2026/10/05 21:55:42.268, 26698 MiB, 100 %
2026/10/05 21:55:44.296, 26698 MiB, 100 %
2026/10/05 21:55:46.335, 26698 MiB, 100 %
2026/10/05 21:55:48.370, 26698 MiB, 100 %
2026/10/05 21:55:50.403, 26698 MiB, 100 %
2026/10/05 21:55:52.438, 26698 MiB, 100 %
2026/10/05 21:55:54.469, 26698 MiB, 100 %
2026/10/05 21:55:56.500, 26698 MiB, 100 %
2026/10/05 21:55:58.534, 26698 MiB, 100 %
2026/10/05 21:56:00.569, 26698 MiB, 100 %
2026/10/05 21:56:02.599, 26698 MiB, 100 %
2026/10/05 21:56:04.627, 23818 MiB, 100 %
2026/10/05 21:56:06.648, 23722 MiB, 100 %
2026/10/05 21:56:08.676, 23722 MiB, 100 %
2026/10/05 21:56:10.725, 23722 MiB, 100 %
2026/10/05 21:56:12.758, 23722 MiB, 100 %
2026/10/05 21:56:14.795, 23722 MiB, 100 %
2026/10/05 21:56:16.827, 23722 MiB, 100 %
2026/10/05 21:56:18.844, 23722 MiB, 100 %
2026/10/05 21:56:20.871, 23722 MiB, 100 %
2026/10/05 21:56:22.898, 23722 MiB, 100 %
2026/10/05 21:56:24.935, 23722 MiB, 100 %
2026/10/05 21:56:26.962, 23722 MiB, 100 %
2026/10/05 21:56:28.982, 23722 MiB, 100 %
2026/10/05 21:56:31.025, 23722 MiB, 100 %
2026/10/05 21:56:33.053, 23722 MiB, 100 %
2026/10/05 21:56:35.084, 23722 MiB, 100 %
2026/10/05 21:56:37.107, 23722 MiB, 100 %
2026/10/05 21:56:39.136, 23722 MiB, 100 %
2026/10/05 21:56:41.171, 23722 MiB, 100 %
2026/10/05 21:56:43.211, 23722 MiB, 100 %
2026/10/05 21:56:45.247, 23722 MiB, 100 %
2026/10/05 21:56:47.281, 23722 MiB, 100 %
2026/10/05 21:56:49.305, 23722 MiB, 100 %
2026/10/05 21:56:51.329, 23722 MiB, 100 %
2026/10/05 21:56:53.380, 23722 MiB, 100 %
2026/10/05 21:56:55.413, 23722 MiB, 100 %
2026/10/05 21:56:57.453, 23722 MiB, 100 %
2026/10/05 21:56:59.470, 23722 MiB, 100 %
2026/10/05 21:57:01.496, 23722 MiB, 100 %
2026/10/05 21:57:03.514, 23722 MiB, 100 %
2026/10/05 21:57:05.529, 23722 MiB, 100 %
2026/10/05 21:57:07.554, 23722 MiB, 100 %
2026/10/05 21:57:09.568, 23722 MiB, 100 %
2026/10/05 21:57:11.591, 23722 MiB, 100 %
2026/10/05 21:57:13.618, 13258 MiB, 39 %
2026/10/05 21:57:15.648, 16378 MiB, 71 %
2026/10/05 21:57:17.684, 16570 MiB, 43 %
2026/10/05 21:57:19.724, 16570 MiB, 37 %
2026/10/05 21:57:21.747, 16570 MiB, 99 %
2026/10/05 21:57:23.776, 15498 MiB, 0 %
2026/10/05 21:57:25.814, 15498 MiB, 0 %
2026/10/05 21:57:27.845, 15498 MiB, 3 %
2026/10/05 21:57:29.862, 4170 MiB, 0 %
2026/10/05 21:57:31.890, 5652 MiB, 0 %
2026/10/05 21:57:33.923, 1898 MiB, 0 %
2026/10/05 21:57:35.952, 3242 MiB, 31 %
2026/10/05 21:57:37.977, 6154 MiB, 8 %
2026/10/05 21:57:40.013, 8618 MiB, 27 %
2026/10/05 21:57:42.027, 10922 MiB, 28 %
2026/10/05 21:57:44.062, 10858 MiB, 43 %
2026/10/05 21:57:46.091, 10922 MiB, 25 %
2026/10/05 21:57:48.124, 10922 MiB, 32 %
2026/10/05 21:57:50.153, 10890 MiB, 32 %
2026/10/05 21:57:52.180, 10666 MiB, 0 %
2026/10/05 21:57:54.201, 10666 MiB, 0 %
2026/10/05 21:57:56.229, 10666 MiB, 0 %
2026/10/05 21:57:58.254, 10666 MiB, 0 %
2026/10/05 21:58:00.283, 10666 MiB, 0 %
2026/10/05 21:58:02.312, 10666 MiB, 0 %
2026/10/05 21:58:04.339, 10666 MiB, 0 %
2026/10/05 21:58:06.364, 10666 MiB, 0 %
2026/10/05 21:58:08.389, 10666 MiB, 0 %
2026/10/05 21:58:10.410, 10666 MiB, 0 %
2026/10/05 21:58:12.454, 10666 MiB, 0 %
2026/10/05 21:58:14.495, 10666 MiB, 0 %
2026/10/05 21:58:16.522, 10666 MiB, 0 %
2026/10/05 21:58:18.565, 10666 MiB, 0 %
2026/10/05 21:58:20.592, 10666 MiB, 0 %
2026/10/05 21:58:22.619, 10666 MiB, 0 %
2026/10/05 21:58:24.634, 10666 MiB, 0 %
2026/10/05 21:58:26.676, 10666 MiB, 0 %
2026/10/05 21:58:28.691, 10666 MiB, 0 %
2026/10/05 21:58:30.711, 10666 MiB, 0 %
2026/10/05 21:58:32.726, 10666 MiB, 0 %
2026/10/05 21:58:34.747, 10666 MiB, 0 %
2026/10/05 21:58:36.768, 10666 MiB, 0 %
2026/10/05 21:58:38.782, 10666 MiB, 0 %
2026/10/05 21:58:40.801, 10666 MiB, 0 %
2026/10/05 21:58:42.819, 10666 MiB, 0 %
2026/10/05 21:58:44.839, 10666 MiB, 0 %
2026/10/05 21:58:46.860, 10666 MiB, 0 %
2026/10/05 21:58:48.888, 10666 MiB, 0 %
2026/10/05 21:58:50.902, 10666 MiB, 0 %
2026/10/05 21:58:52.923, 10666 MiB, 0 %
2026/10/05 21:58:54.937, 10666 MiB, 0 %
2026/10/05 21:58:56.958, 10666 MiB, 0 %
2026/10/05 21:58:58.965, 10666 MiB, 0 %
2026/10/05 21:59:00.973, 10666 MiB, 0 %
2026/10/05 21:59:03.001, 10666 MiB, 0 %
2026/10/05 21:59:05.022, 10666 MiB, 0 %
2026/10/05 21:59:07.043, 10666 MiB, 0 %
2026/10/05 21:59:09.051, 10666 MiB, 0 %
2026/10/05 21:59:11.078, 10666 MiB, 0 %
2026/10/05 21:59:13.114, 10666 MiB, 0 %
2026/10/05 21:59:15.154, 10666 MiB, 0 %
2026/10/05 21:59:17.198, 10666 MiB, 0 %
2026/10/05 21:59:19.218, 10666 MiB, 0 %
2026/10/05 21:59:21.248, 10666 MiB, 0 %
2026/10/05 21:59:23.267, 10666 MiB, 0 %
2026/10/05 21:59:25.288, 10666 MiB, 0 %
2026/10/05 21:59:27.313, 10666 MiB, 0 %
2026/10/05 21:59:29.344, 10666 MiB, 0 %
2026/10/05 21:59:31.388, 10666 MiB, 0 %
2026/10/05 21:59:33.408, 10666 MiB, 0 %
2026/10/05 21:59:35.444, 10666 MiB, 0 %
2026/10/05 21:59:37.463, 10666 MiB, 0 %
2026/10/05 21:59:39.491, 10666 MiB, 0 %
2026/10/05 21:59:41.528, 10666 MiB, 0 %
2026/10/05 21:59:43.550, 10666 MiB, 0 %
2026/10/05 21:59:45.589, 10666 MiB, 0 %
2026/10/05 21:59:47.613, 10666 MiB, 0 %
2026/10/05 21:59:49.629, 10666 MiB, 0 %
2026/10/05 21:59:51.646, 10666 MiB, 0 %
2026/10/05 21:59:53.674, 10666 MiB, 0 %
2026/10/05 21:59:55.708, 10666 MiB, 0 %
2026/10/05 21:59:57.750, 10666 MiB, 0 %
2026/10/05 21:59:59.785, 10666 MiB, 0 %
2026/10/05 22:00:01.829, 10666 MiB, 0 %
2026/10/05 22:00:03.855, 10666 MiB, 0 %
2026/10/05 22:00:05.884, 10666 MiB, 0 %
2026/10/05 22:00:07.913, 10666 MiB, 0 %
2026/10/05 22:00:09.949, 10666 MiB, 0 %
2026/10/05 22:00:11.982, 10666 MiB, 0 %
2026/10/05 22:00:13.996, 10666 MiB, 0 %
2026/10/05 22:00:16.019, 10666 MiB, 0 %
2026/10/05 22:00:18.061, 10666 MiB, 0 %
2026/10/05 22:00:20.082, 10666 MiB, 0 %
2026/10/05 22:00:22.097, 10666 MiB, 0 %
2026/10/05 22:00:24.122, 10666 MiB, 0 %
2026/10/05 22:00:26.153, 10666 MiB, 0 %
2026/10/05 22:00:28.172, 10666 MiB, 0 %
2026/10/05 22:00:30.199, 10666 MiB, 0 %
2026/10/05 22:00:32.207, 10666 MiB, 0 %
2026/10/05 22:00:34.234, 10666 MiB, 0 %
2026/10/05 22:00:36.256, 10666 MiB, 0 %
2026/10/05 22:00:38.277, 10666 MiB, 0 %
2026/10/05 22:00:40.305, 10666 MiB, 0 %
2026/10/05 22:00:42.328, 10666 MiB, 0 %
2026/10/05 22:00:44.355, 10666 MiB, 0 %
2026/10/05 22:00:46.362, 10666 MiB, 0 %
2026/10/05 22:00:48.382, 10666 MiB, 0 %
2026/10/05 22:00:50.404, 10666 MiB, 0 %
2026/10/05 22:00:52.431, 10666 MiB, 0 %
2026/10/05 22:00:54.452, 10666 MiB, 0 %
2026/10/05 22:00:56.461, 10666 MiB, 0 %
2026/10/05 22:00:58.481, 10666 MiB, 0 %
2026/10/05 22:01:00.516, 10666 MiB, 0 %
2026/10/05 22:01:02.544, 10666 MiB, 0 %
2026/10/05 22:01:04.565, 10666 MiB, 0 %
2026/10/05 22:01:06.593, 10666 MiB, 0 %
2026/10/05 22:01:08.623, 10666 MiB, 0 %
2026/10/05 22:01:10.657, 10666 MiB, 0 %
2026/10/05 22:01:12.702, 10666 MiB, 0 %
2026/10/05 22:01:14.715, 10666 MiB, 0 %
2026/10/05 22:01:16.741, 10666 MiB, 0 %
2026/10/05 22:01:18.758, 10666 MiB, 0 %
2026/10/05 22:01:20.790, 10666 MiB, 0 %
2026/10/05 22:01:22.824, 10666 MiB, 0 %
2026/10/05 22:01:24.854, 10666 MiB, 0 %
2026/10/05 22:01:26.882, 10666 MiB, 0 %
2026/10/05 22:01:28.919, 10666 MiB, 0 %
2026/10/05 22:01:30.937, 10666 MiB, 0 %
2026/10/05 22:01:32.965, 10666 MiB, 0 %
2026/10/05 22:01:34.993, 10666 MiB, 0 %
2026/10/05 22:01:37.014, 10666 MiB, 0 %
2026/10/05 22:01:39.035, 10666 MiB, 0 %
2026/10/05 22:01:41.086, 10666 MiB, 0 %
2026/10/05 22:01:43.126, 10666 MiB, 0 %
2026/10/05 22:01:45.154, 10666 MiB, 0 %
2026/10/05 22:01:47.182, 10666 MiB, 0 %
2026/10/05 22:01:49.196, 10666 MiB, 0 %
2026/10/05 22:01:51.228, 10666 MiB, 0 %
2026/10/05 22:01:53.261, 10666 MiB, 0 %
2026/10/05 22:01:55.289, 10666 MiB, 0 %
2026/10/05 22:01:57.317, 10666 MiB, 0 %
2026/10/05 22:01:59.345, 10666 MiB, 0 %
2026/10/05 22:02:01.373, 10666 MiB, 0 %
2026/10/05 22:02:03.399, 10666 MiB, 0 %
2026/10/05 22:02:05.423, 10666 MiB, 0 %
2026/10/05 22:02:07.450, 10666 MiB, 0 %
2026/10/05 22:02:09.479, 10666 MiB, 0 %
2026/10/05 22:02:11.511, 10666 MiB, 0 %
2026/10/05 22:02:13.549, 10666 MiB, 0 %
2026/10/05 22:02:15.581, 10666 MiB, 0 %
2026/10/05 22:02:17.621, 10666 MiB, 0 %
2026/10/05 22:02:19.645, 10666 MiB, 0 %
2026/10/05 22:02:21.667, 10666 MiB, 0 %
2026/10/05 22:02:23.716, 10666 MiB, 0 %
2026/10/05 22:02:25.749, 10666 MiB, 0 %
2026/10/05 22:02:27.781, 10666 MiB, 0 %
2026/10/05 22:02:29.800, 10666 MiB, 0 %
2026/10/05 22:02:31.834, 10666 MiB, 0 %
2026/10/05 22:02:33.848, 10666 MiB, 0 %
2026/10/05 22:02:35.883, 10666 MiB, 0 %
2026/10/05 22:02:37.911, 10666 MiB, 0 %
2026/10/05 22:02:39.953, 10666 MiB, 0 %
2026/10/05 22:02:41.968, 10666 MiB, 0 %
2026/10/05 22:02:44.009, 10666 MiB, 0 %
2026/10/05 22:02:46.039, 10666 MiB, 0 %
2026/10/05 22:02:48.065, 10666 MiB, 0 %
2026/10/05 22:02:50.100, 10666 MiB, 0 %
2026/10/05 22:02:52.123, 10666 MiB, 0 %
2026/10/05 22:02:54.152, 10666 MiB, 0 %
2026/10/05 22:02:56.192, 10666 MiB, 0 %
2026/10/05 22:02:58.225, 10666 MiB, 0 %
2026/10/05 22:03:00.264, 10666 MiB, 0 %
2026/10/05 22:03:02.290, 10666 MiB, 0 %
2026/10/05 22:03:04.312, 10666 MiB, 0 %
2026/10/05 22:03:06.338, 10666 MiB, 0 %
2026/10/05 22:03:08.361, 10666 MiB, 0 %
2026/10/05 22:03:10.387, 10666 MiB, 0 %
2026/10/05 22:03:12.395, 10666 MiB, 0 %
2026/10/05 22:03:14.423, 10666 MiB, 0 %
2026/10/05 22:03:16.445, 10666 MiB, 0 %
2026/10/05 22:03:18.453, 10666 MiB, 0 %
2026/10/05 22:03:20.495, 10666 MiB, 0 %
2026/10/05 22:03:22.535, 10666 MiB, 0 %
2026/10/05 22:03:24.586, 10666 MiB, 0 %
2026/10/05 22:03:26.612, 10666 MiB, 0 %
2026/10/05 22:03:28.642, 10666 MiB, 0 %
2026/10/05 22:03:30.656, 10666 MiB, 0 %
2026/10/05 22:03:32.675, 10666 MiB, 0 %
2026/10/05 22:03:34.708, 10666 MiB, 0 %
2026/10/05 22:03:36.736, 10666 MiB, 0 %
2026/10/05 22:03:38.757, 10666 MiB, 0 %
2026/10/05 22:03:40.794, 10666 MiB, 0 %
2026/10/05 22:03:42.817, 10666 MiB, 0 %
2026/10/05 22:03:44.833, 10666 MiB, 0 %
2026/10/05 22:03:46.867, 10666 MiB, 0 %
2026/10/05 22:03:48.900, 10666 MiB, 0 %
2026/10/05 22:03:50.924, 10666 MiB, 0 %
2026/10/05 22:03:52.942, 10666 MiB, 0 %
2026/10/05 22:03:54.963, 10666 MiB, 0 %
2026/10/05 22:03:56.984, 10666 MiB, 0 %
2026/10/05 22:03:59.012, 10666 MiB, 0 %
2026/10/05 22:04:01.065, 10666 MiB, 0 %
2026/10/05 22:04:03.096, 10666 MiB, 0 %
